kind	old	new
commit	000e0ac0b2109fb8e6750f76d5130ebf03d9358f	c29775bccdf95370df213cf31c57f9be89b9a6b8
commit	001d73a73a0638409d0fe821617b9674a0725a3b	001d73a73a0638409d0fe821617b9674a0725a3b
commit	0041d8a0962db102c64e2d2e3e408193d311fbcf	bc3890d88d71748e2451fae38b23620cc0dd0abd
commit	00535647070b2375da6e29e63357270863d07085	90b74ce0380559d0393244b92536ec91d830c4c0
commit	00729855f2fd9c59ae46265460134158d8b52666	fc2583446b5eab6beb781ba2f2e5402b28b99eb8
commit	00985910ec38337d63f813d6048ac2b2a13fdc6a	6405bae2437dae3d94c2b6335c41900ffad5a0fc
commit	00c2cc48bf135b2e954f0b9a0067a8bea84a8f46	00c2cc48bf135b2e954f0b9a0067a8bea84a8f46
commit	00d8c51007ec9f0ea033a360bfd81461b64c88a6	00d8c51007ec9f0ea033a360bfd81461b64c88a6
commit	00ea1655dfe92c6e5900d8a607de8750f8923d19	00ea1655dfe92c6e5900d8a607de8750f8923d19
commit	0100a8a59413df03a96e89a30b6492a7389d456c	0100a8a59413df03a96e89a30b6492a7389d456c
commit	010111dcf9353c869636f84e04d1ea303f2f1bf7	010111dcf9353c869636f84e04d1ea303f2f1bf7
commit	015a332a79d2dc9ac9a1745c3bf8f8a531517d31	a7fba760657de76517265ccef1ad712c94062b14
commit	0165ccee99c511ed77192237f92e4b5f813fa91f	86f8eb6ec761b9f9c9d427a7a485ffaa1130c9cd
commit	0168e14bc1e22890000bb0902068eeb17a7ea3ca	e96cf1fb1dc5422a1af6ae185211b2f60552e90b
commit	016aab4c7d34c45136f8f235db93d7e1791cc01f	746942f553ee4ca5b925ce5a45e70697b105f1ee
commit	017cc3d97f0ef4e3df9675d5dc6602790b3f0a1e	e11d01753676dfa991597d06d5c63963b6ce1831
commit	018d0c46efa5060986e25079c2d4178fa36bc07d	0d1a52736a079a9f3961c17b504b0bc13c7d99c7
commit	018d1faf9d7f018a40004b5b2a29aca0da948279	0e6847df2f363ca4c3375a9f28276b15bc7c9ba6
commit	01a4686c8a272d74bfbee84e2340ef0926e2dd64	675ff3c2f4e6a2eae76ef29a9598860ccd2db635
commit	01c8d4d5b5fc3dd51695852484922c8f1aea7099	976b6880109b4176da1efdab66f90f9789d696a0
commit	01cf64c3e85a511b02a90ab698773dbce1d517ac	01cf64c3e85a511b02a90ab698773dbce1d517ac
commit	025348d47a0d12818b76ba1966d2ea376fbd9e59	025348d47a0d12818b76ba1966d2ea376fbd9e59
commit	0262ddc85cfd93be91953a7d1d701b237b03559d	3fff3d60ccf7bb04e8540eebfa3fe953b3c675fd
commit	02ad3922fea9b6a755e039175118244ba80676ae	02ad3922fea9b6a755e039175118244ba80676ae
commit	02aecc8d1277217aec0143be86d62c0eeaf2324f	7e57b8aea576355985422d1d5ff47dbf0059dc19
commit	02cc8cf9a48f6766cf1ef7606c4153e9b29c175a	19a40fd94ec609bb3ba1db802aceb85c500e063f
commit	02ce8f6d4d6e4070ac1d4f373c241cfe2112e110	02ce8f6d4d6e4070ac1d4f373c241cfe2112e110
commit	0378b30d94f4a5c59ca576ddcc871b8c5bed43e1	0378b30d94f4a5c59ca576ddcc871b8c5bed43e1
commit	0383f16fe3dea0d1dffa014741609ff1270f7dad	0383f16fe3dea0d1dffa014741609ff1270f7dad
commit	0394d971a754622845199de2d67c45cf58292373	0394d971a754622845199de2d67c45cf58292373
commit	03ce11815a16db62353965d3a1d2612dc348a923	03ce11815a16db62353965d3a1d2612dc348a923
commit	03d106b750c28aa08065fe4d24236fd2a21d42df	03d106b750c28aa08065fe4d24236fd2a21d42df
commit	03e73e6a75242ec17a656890702566178b56b52b	03e73e6a75242ec17a656890702566178b56b52b
commit	041c7e9c7375517f320485cfb46ef8857c89f64a	041c7e9c7375517f320485cfb46ef8857c89f64a
commit	045ab9818b06a996428b7c571b7fde9e96e5085b	406a1426eaff88eac21b0207b04e04f6e4d3d569
commit	049ebe47275b458eb9b947e494497eaad08e4c31	049ebe47275b458eb9b947e494497eaad08e4c31
commit	04a3835c78bc7c5318ef953a399285c54e4adb27	35b3f466b352f956c25f31d107450c1d8a23cab6
commit	04b6c81b2b98090b0882ad167161b65632051a7f	04b6c81b2b98090b0882ad167161b65632051a7f
commit	04cc00f9dbffad1b743f8a751d813f484e6abd25	04cc00f9dbffad1b743f8a751d813f484e6abd25
commit	050adbb6cdf7361f7e7179489df08a7f060f28c5	050adbb6cdf7361f7e7179489df08a7f060f28c5
commit	050d5916a35b56b67f324082c6b43d7697707d5f	74cba584ce4352a0b83397df35348478abf93948
commit	0511a0d4d2db3c1f54c2dbe4654503745ca9c5bf	1bf5eb83661c0dab035e715253a6cb247b41f909
commit	051cd5c1d9dfe881775df89272bc71918a081404	051cd5c1d9dfe881775df89272bc71918a081404
commit	052f7b65ed2810f5f65d622573b08e24043437de	81052dc021f7aa2f0b2988a07360162bfc882eb7
commit	0536733d81a0f0c66993e815d47770d7352aabb5	1ef5e1e9416cfd1530b4a9e985c90f9b0408bee3
commit	05373ad4c13039955370ed282f39c0b5d62b8124	05373ad4c13039955370ed282f39c0b5d62b8124
commit	055607a5de14a4449b7bf1697a156c2dd0e32459	055607a5de14a4449b7bf1697a156c2dd0e32459
commit	05628ccba446e2242393511f061291f554cc0c4b	05628ccba446e2242393511f061291f554cc0c4b
commit	056dc0bff9358c82bce9e30ce09731c5876b99fe	056dc0bff9358c82bce9e30ce09731c5876b99fe
commit	0611601f3054937529375245fd2dfabecb16a6ab	fc3854af27013712e2e95aaef881cd58d794251c
commit	0622a29bc01403fc51a317aef51bce771438a785	0b25dd945b861b18b8766fdf4a0a13e65554f1fa
commit	062ea02d0e5391e6bc8cc8312395860bc93cbdef	7c7d7a5d2996c365a7bb19f53461a2fb79d65da1
commit	065a4a3e4535200bd0fd9572c482de3e0fa2bf06	2967dbe0d8d30321f2e31541e49f906ffdae4b3d
commit	065a74fc5b286e1482787c02b887a89a9a1cd2e8	696c55a6f99d2e7906cfeeb0b494ff0af31cc8e0
commit	0668d232dcd90111e92134039c21e1b2b4f89240	6db966431b99be08230457d83f4d767ce1cfbd2c
commit	06a9005f36c8f236b04484948a9d65d1df4d498d	06a9005f36c8f236b04484948a9d65d1df4d498d
commit	06ba2d928b62899f200006eb85831120459b2005	9723c5804acdd3084468c9363354b9b40efb0614
commit	0720a98164469e46d8e02422abe39f34faa7b6c4	facfbd25bce1e9a24631f27f2de3d80e0e1ab2b1
commit	0735ac40266b442af44644aab05a5164162faf0d	0735ac40266b442af44644aab05a5164162faf0d
commit	074796108b88fd3ae8f1c213744617fbd6826f55	074796108b88fd3ae8f1c213744617fbd6826f55
commit	074f288b7558cec0e21f1740e1d3c05d92428d84	d58db88e13efbb6602074b784d112ba450edd0fd
commit	0759728e09bbc7f2c6feac849bb57b016e932d6a	2b463a5e38905efb13cbafb1442f2a5e95116164
commit	0782d29eb029a88860afbb655ac48a9d07c14c26	be278ffa8ef8cf0cdc167c3a8df3b8fcccf0e65d
commit	0798c047c55301607b2eeb9a7cb8e44f517a7e6f	0798c047c55301607b2eeb9a7cb8e44f517a7e6f
commit	07d9af3590d4ef690402974653c107a6e084a9e1	07d9af3590d4ef690402974653c107a6e084a9e1
commit	07e6c6dc198ac7b5cdeb5369237ca2dff49cb092	5901610f9c88b86211edcc819b3a35945e671d65
commit	0800ad1666c13135881d16ec702d471ff059b656	0800ad1666c13135881d16ec702d471ff059b656
commit	082196c169b09ed477dc02a0a01f81d0bd21b47c	5b2e81785597a8b9893e814f557c9cef8d227067
commit	08310b78b0d57a592a09737e34ca12c904b706e5	44248d3fed9dd37495fe5849a17c9897a37eb465
commit	08458a4ca61f9d7d4402c2c359de78f227d0200b	08458a4ca61f9d7d4402c2c359de78f227d0200b
commit	084a347348cf411a47ac72a72e9ddf4386f93aaf	67712197da35158f0678d7eb3889d57963c78aca
commit	088fc74749d260ec6545b4285e08e7eee0928c2f	088fc74749d260ec6545b4285e08e7eee0928c2f
commit	08a6e740ec752946de29eecc27da8640a4c2abe4	0d0fd4c325f75f9c6a6c9c5db5352f817036061c
commit	08b4e201e711f285eaf6c33fe39de184dc7cd278	2dc567d96edd7041cb3f8c60168210aa6d615c15
commit	09086aead15406dbc2387127cb69d8edc7aee9dc	09086aead15406dbc2387127cb69d8edc7aee9dc
commit	0922b76a50049f419e755bc900c9cb67906096aa	0922b76a50049f419e755bc900c9cb67906096aa
commit	0934fee94a7ae2d2425072e12a56b9b06424e065	cace878bd85d13375def8537a1d2754b8b9a3908
commit	0937cf9d537a25aecc6899231e81111bf3403ae6	0937cf9d537a25aecc6899231e81111bf3403ae6
commit	09393fa6161f0f480b2a6dff85d616378077416f	09393fa6161f0f480b2a6dff85d616378077416f
commit	09a97dfe4b1044042983610c9193b01d5d0534d4	09a97dfe4b1044042983610c9193b01d5d0534d4
commit	09fd557258288d4ec9462f9e979b981f87139cd6	09fd557258288d4ec9462f9e979b981f87139cd6
commit	0a2a2929116bbc8cb85545ebcfd36ccbc0fa57a9	0a2a2929116bbc8cb85545ebcfd36ccbc0fa57a9
commit	0a5c849f7b8373a32bf8b8b97d5f3f97244686aa	0a5c849f7b8373a32bf8b8b97d5f3f97244686aa
commit	0a95305a5012fe1934908af59d8e02db439ce9d1	0a95305a5012fe1934908af59d8e02db439ce9d1
commit	0a99a52e058da3a02f86be30537a43489c5137c9	0a99a52e058da3a02f86be30537a43489c5137c9
commit	0ac1954105bd34ed97878c49fc8ddb5ea1a1e8ab	0ac1954105bd34ed97878c49fc8ddb5ea1a1e8ab
commit	0ac4a08817968cfd5d62cbff7f035c9e2da1a619	954b26fc9f7cccf48330427bd3645201c1cd15cb
commit	0aff135ab39e080fbcff20fb6e5ed039de78e526	0aff135ab39e080fbcff20fb6e5ed039de78e526
commit	0badcc8537b302d943e063996efcd9e66b79bbca	0badcc8537b302d943e063996efcd9e66b79bbca
commit	0bcb7077751b7166e4561d2e13746cdea0880960	0bcb7077751b7166e4561d2e13746cdea0880960
commit	0bd1e1af6f83a84f46a38052741129bff6fc49e2	0bd1e1af6f83a84f46a38052741129bff6fc49e2
commit	0bd8c995c8f976b6efd0baba66ee5f332787a1bf	0bd8c995c8f976b6efd0baba66ee5f332787a1bf
commit	0bfa65197da41ea6176a5b758df6824db4a26061	0bfa65197da41ea6176a5b758df6824db4a26061
commit	0c09c1240e3e48de7ef6a0db46952b83221ae04b	f9939b607367e2018543b354bc1ce06a1ed635e9
commit	0c0df6948a51a5d32afdb9156f15db9d0cdfb78a	0c0df6948a51a5d32afdb9156f15db9d0cdfb78a
commit	0c31355de9bb265d57660a5330a6f4698a9b248a	0c31355de9bb265d57660a5330a6f4698a9b248a
commit	0c37d5a267c719b6b2ea5c20d6030dcbba0c695e	0c37d5a267c719b6b2ea5c20d6030dcbba0c695e
commit	0c80ffee510055a4fe34e5874f7ed6d8b1f3d691	1426516c3929fdc9deb2c9c56a950e3cfc073232
commit	0cb2a1852272ba0f71eb2c23fb17230d414a01c7	e5425c3f9ee7fe2e85ba45ae9754ce630a0144e3
commit	0cdfe8ad77b8c88551dcf2392a1224e205955c09	0a1f543e9d0250364e485b21e6c042fc41ae742b
commit	0d0011ca55ad11ee9690455d0ace1a5f538f82a9	771ee9cd2d45298f653268149cbbbdbfb627cceb
commit	0d16238dfe5760abc0616a95afda1caa7e8ff313	dcadbccd568302d97a58d3276bf08c7799692bd1
commit	0d2b89bcac15d1596e7312e01b93277b6cedc2f4	40ad28193ea6cfdf4f995c3267e2b96a349adc0c
commit	0d36e84d56a74722889b62da9c26c02b7e0e8a5a	7dcf0b29e93002fa1b01e13f4cb14059b442286d
commit	0d51aa3304758454470d9db287d38cc94513e513	0d51aa3304758454470d9db287d38cc94513e513
commit	0d7428b1e2afa91d0c84747c7e07200ac3649e29	0d7428b1e2afa91d0c84747c7e07200ac3649e29
commit	0dbb09ddacbbf34493e6906298a727b02bd67ab1	0dbb09ddacbbf34493e6906298a727b02bd67ab1
commit	0dc35652c7639aa638c03677a0ebf313fc0b2962	0dc35652c7639aa638c03677a0ebf313fc0b2962
commit	0df4434c963a72d6b36f56f6128ae9b6603a245b	7d87f9c2f21e27f96751db577171189c7de2a0e2
commit	0e0e93c59229255db32a94a68e2c5e3aa848dad4	dddfe281b272111c46d3669ef43df084d8ac06e9
commit	0e1320ff252c446c2c98120244cde588bfd33b89	0e1320ff252c446c2c98120244cde588bfd33b89
commit	0e271f7128a34fe7aa6b1440fc06fa7e8f1ba0ac	0e271f7128a34fe7aa6b1440fc06fa7e8f1ba0ac
commit	0e36f5ec529db1d367ccef1ec736862366324bd0	0e36f5ec529db1d367ccef1ec736862366324bd0
commit	0e45c511e8e0dc1aaf9bf3023a8cb962995117db	0e45c511e8e0dc1aaf9bf3023a8cb962995117db
commit	0e542baea0fc481daa323b9f9c702041171cf4ae	0e542baea0fc481daa323b9f9c702041171cf4ae
commit	0e55bb641d6d9c4c1ff4e7e38cb146f06473a14f	0e55bb641d6d9c4c1ff4e7e38cb146f06473a14f
commit	0e7ebca9c13894206d61f58df2b658f6e21c187b	0e7ebca9c13894206d61f58df2b658f6e21c187b
commit	0e8895182d6a25640b2858c3b43ecb35671b6d17	9bdf8af31b91c4dd1210396dfd09395a264db7b1
commit	0eaa29dd37e0e1c15bb30ab0e50c4f6f96cbe769	503d0d00a05bf56a020b69edd3d75bcebb6a30e5
commit	0ead58ed64661f1296520fe1db44f248b1371a67	0ead58ed64661f1296520fe1db44f248b1371a67
commit	0eb7688165b0d1649f0cf83ce2267c4966588230	14070ecb665db87bd6979bd8d93b96df5b56ba60
commit	0ed4080e8a0bb651e94e718dea82ccbbc3cad84b	0ed4080e8a0bb651e94e718dea82ccbbc3cad84b
commit	0eda885b32ec78ade8ab4b8c8a318a301839c1fa	160a7b2376c6300d0f01bc9c6c2a0f240cd73b18
commit	0ee0e43d47c287f0eea88d6b36d67139be1ef9b7	854c2d680dd95448cc78478be346397dbafa6622
commit	0f227f9f4f802133130104588a40272f7c59d43b	bfe73987eeada0328ef5277c64f67b588ea1a024
commit	0f5ad7b683a0c5942949befeb2c603d23c08acaf	0f5ad7b683a0c5942949befeb2c603d23c08acaf
commit	0f807b5e977afd196eb0b392768c254a403a000a	cb275df9fca97d2ba02803d441c3374862cdbfdc
commit	0faa918dca125b981c6669c875e2526ba26f01fe	b7bf8c7ac9f1ebb530fa1e7d428c27285b50d53b
commit	0fb700c1c901b930d5e1f79d97eafb0b98b48fa6	0fb700c1c901b930d5e1f79d97eafb0b98b48fa6
commit	0fe1c656c261ecdb88e93a7b96eaaecc44560133	cca1df16d948d2c194899f866c478abd5e5aa916
commit	0fed1e878e716e0eeae39170f92bc60fc551b486	0fed1e878e716e0eeae39170f92bc60fc551b486
commit	100c4a01fd8f05734fe1cf0fbdeaff479e2ce90c	fe11a642f3cf49ff250d0ee75bb397541e4ebb4d
commit	101e2b81bb8539c21ebc86fd5320691b32ccb1dc	e8a1c95badc9dc3249bc207927c6febc2724bcc1
commit	102b3ab9ca580c25878bb280cd3cf256ac1ac7b5	102b3ab9ca580c25878bb280cd3cf256ac1ac7b5
commit	103bd0ce011b885db329d668fc29f81fa39eed7f	7014c5d4c3e9b9165f2b52630031d72673fd9d91
commit	105d9940a111e66c863cde577a03eee85220106a	105d9940a111e66c863cde577a03eee85220106a
commit	1065f41b7370558fff7e5afb3d289db4b1872d38	fb80b961150f601e0adedaf9a154948d77dc43b0
commit	10970eef5907cb7452fe83c27310c4dd71fc31c9	e4287ba9a06c826bf6a6650d42ae0217ff1bdefa
commit	109be14a1f17c73784919801321f3c0311f39d38	109be14a1f17c73784919801321f3c0311f39d38
commit	10f0ff08aa45e22e7e88ea89b31e221e0b201594	10f0ff08aa45e22e7e88ea89b31e221e0b201594
commit	10f2fbe0992b6803c75d829132e371c12d5ba86e	10f2fbe0992b6803c75d829132e371c12d5ba86e
commit	11238a7f6f6183edaaf4b9d08ecc7962fb01ad24	11238a7f6f6183edaaf4b9d08ecc7962fb01ad24
commit	11568f9b52ceda87fc4c9e75066b0d7909da6c13	49cd09de24760f7d4928bffcc4cc49c0debb8844
commit	1160db67799b8f74c1eeaaa2c53f0020db12bd21	1160db67799b8f74c1eeaaa2c53f0020db12bd21
commit	117d266c3b6307376a131070e7305700a9bd00e5	577c3266e283a4ac61142b0be244b5c2d766a675
commit	1195dd353c112d26cf2370640c2f9c34cb61df6f	1195dd353c112d26cf2370640c2f9c34cb61df6f
commit	11d35dc6a017a53b11070ecc583ad7d1a494cf6c	11d35dc6a017a53b11070ecc583ad7d1a494cf6c
commit	11d51ae21ffe0dfa5947a39b275b84f1e29def07	11d51ae21ffe0dfa5947a39b275b84f1e29def07
commit	11e4c70936640b3c132a7664b7f46f5beb7c0d4f	1be5e4d0799dff01b69d9254cb95471a17594017
commit	11efe13465441a137fbeae4a806470e6d666381f	11efe13465441a137fbeae4a806470e6d666381f
commit	11f1cc79a07e575ddba9e93039d0c5310b488b4c	dcb2249e7a9ab2d657ac4d57787b128986b140e2
commit	11f6ed68beb906292acfd7aca28185b586844fad	11f6ed68beb906292acfd7aca28185b586844fad
commit	11f9c4135c70ca5233b614525d210ff5de590359	11f9c4135c70ca5233b614525d210ff5de590359
commit	12128fd38bc467db048cf116f94e5702dbd7df2c	12128fd38bc467db048cf116f94e5702dbd7df2c
commit	121d915bf85b227dd53c5c595941d970e1574ad8	121d915bf85b227dd53c5c595941d970e1574ad8
commit	121eb8099d487de50056498348106a0746fbba64	121eb8099d487de50056498348106a0746fbba64
commit	1223551ac5d4cca56072f22a0dd3de94efabc32b	9f4ff32bf93441ed217140d6752e96dd7ddab342
commit	122457c6f8acc93e731a7acad26cb2ac92d1c57c	ae2a9126b1e96bccf908c205649fa816f9f3bf5d
commit	123a8f60460fa0560faab5c8207850d55d223292	123a8f60460fa0560faab5c8207850d55d223292
commit	129899854b6f1910e97557d580e958ed258caa44	129899854b6f1910e97557d580e958ed258caa44
commit	12a5efd7311ff3f29e7663b76bd30210c678ce34	12a5efd7311ff3f29e7663b76bd30210c678ce34
commit	12b7e2e59bf1734afd59fdb1ea5aaa6dd0f1eb90	12b7e2e59bf1734afd59fdb1ea5aaa6dd0f1eb90
commit	12ba65e243e2508b06dadc637ac3a4ccb078e704	33ff38e0b59f9c6c1859f80ec15abe71bf4a7be8
commit	12d2719aaac9e38d824f8f4188e09673cbce98f8	12d2719aaac9e38d824f8f4188e09673cbce98f8
commit	130b5c63e6b510d2f7ae155ba918d954fc9c6e6c	130b5c63e6b510d2f7ae155ba918d954fc9c6e6c
commit	13186b26082ba9f38d6526687793a482d007764a	13186b26082ba9f38d6526687793a482d007764a
commit	13229a139264ab05b4886ce93e3a9e557368a1d8	13229a139264ab05b4886ce93e3a9e557368a1d8
commit	133a7ade5ac75aa8efa56986b20213fc12687a39	602b052e06444d155fbab9006aa3f8bd803bb851
commit	133f5cf800100ce4e527882cfad3129ee7d803f3	133f5cf800100ce4e527882cfad3129ee7d803f3
commit	134ae2914297f9f35fb4d80c0426ad73d0c12835	7bfeeb3d82f12b1a3176ea5770ca8423a57d5099
commit	1362b64e71c89b5e4090a2ca5a75db945880d8a3	1362b64e71c89b5e4090a2ca5a75db945880d8a3
commit	1399606dec714957100bd33c3b36d621f9e95141	2f5a390c9e91a76966899c6f65b942d10991707b
commit	13b3a8bf54c8145c993e812806464ff487043981	13b3a8bf54c8145c993e812806464ff487043981
commit	13ed1b9c4a56ac2c48877bbdcb1b3a812ec76ff2	8d9242303bba8397dc8509e43ad1201a3033fa46
commit	14110f48870fd79266233ad9902a2252e568ea0a	14110f48870fd79266233ad9902a2252e568ea0a
commit	142a31b814f6a5a81e56397b3266487c62c53aa8	142a31b814f6a5a81e56397b3266487c62c53aa8
commit	142ebe129a25a9a89bead590ebf0028f9b9a8544	ca2b731d63593903faf161a5b170b9021c39705d
commit	14808c7cc1d2318c12ea44a8f211ca2f3ecbaf5a	14808c7cc1d2318c12ea44a8f211ca2f3ecbaf5a
commit	1489a20e90c6d8605cebea88aaddf4b391f6ab96	08b948be9f5120ad4d4e606c5be7b090118ee02d
commit	1490a9e15386f4e7d5b6be8a071b52e9214f03c3	8bf9d1908e7e1f197bdba252dbc1d5f3dc2a2b47
commit	1493ba2232967a7c75854469c2d67ba6975c769d	ed7928ca998d2704af058078137b17c24e5624af
commit	14ad08b80eb9ffe4e433679165c0324fe63d40dc	14ad08b80eb9ffe4e433679165c0324fe63d40dc
commit	14b5f71605658507404b6edcd3e33e326e4c6876	78fed569fb05471d3dc55896b102bfd63e195525
commit	14bc8a54a258b136c7ed20fbdbddee55c3f29d2d	437a84ee92cefbe0ed900545c26a6e33f3681022
commit	14d28f0ae82a71a75354c01ed5544e7fe3fe74cb	878f3da39ea1c4429285a73c7ec542e14cde8a92
commit	150a4476ff9d73087439742f66568f0f9735f729	150a4476ff9d73087439742f66568f0f9735f729
commit	151271132e0cb40109ec9d13eaa4ba31570ece58	151271132e0cb40109ec9d13eaa4ba31570ece58
commit	1519c6022dfc5c4bc5c948230ebcc8fe3f69e72b	1519c6022dfc5c4bc5c948230ebcc8fe3f69e72b
commit	153d9e5cdbfbcf785ac3e814f2a9681096fa0b5f	a3730ed7422d9fad826b53d365f4d74e9daef708
commit	15405dd57568275acbb8b65bec9b1442caea2f8e	15405dd57568275acbb8b65bec9b1442caea2f8e
commit	155c8ce4bd565023326dc76f2cdbc1f14f74cdbc	155c8ce4bd565023326dc76f2cdbc1f14f74cdbc
commit	15a520e3acff868867f9351b6745c52ae637ff2a	15a520e3acff868867f9351b6745c52ae637ff2a
commit	15aab0075267dd0e95d0aa95fb6991ca90e90c14	15aab0075267dd0e95d0aa95fb6991ca90e90c14
commit	15b558be7395471d49e2439c943f417163d42c2e	e031b69ea1a04dedd2fa0d73abbf5cd8a5a6a830
commit	15cfe352f4367a648c0a73648c7dec0095899ef6	4a8ac36c75ecb3670cefb183a3b751d79aca772b
commit	15daab7a2953c6a07e0bbdab30d6a4ee736c6344	2cafe5b4ca5d7c50264c1d1742fda72c8d0e1c26
commit	16078e8c6fc685d075464be85cf5e80e88dac9dd	16078e8c6fc685d075464be85cf5e80e88dac9dd
commit	16466d197f18dcb7241f44bf8922997402e88b47	16466d197f18dcb7241f44bf8922997402e88b47
commit	16664a7ed038db12cea0d5db5aa4cd9080a54529	55b41ee0b131a85374a8dd24b6b6b3819dc7c6cb
commit	16e50be7ac9a1659c71ed1862a8910ace40805df	16e50be7ac9a1659c71ed1862a8910ace40805df
commit	1702e7646c89a30bb1efefe018fad935da603bd9	0c0b356cbf979af2ded1b064ba5ebeef2d1ac3a9
commit	1707024836c34f71b26d0d52d8d3648af3977417	1707024836c34f71b26d0d52d8d3648af3977417
commit	170b77990b5c8b30ecfa94b0fe671aa0ecaff98d	49ce043edab50afe475d42b6f4adbfe41c6406b0
commit	171c52d9f03a64db8135d6408f573e0013c30b19	a5ce88c7c3fb6f0c6e50f4d8d419e2101d1883b0
commit	171e91299c9a38213a076dfd077dbc939b92ee8e	171e91299c9a38213a076dfd077dbc939b92ee8e
commit	17428174158ca22468ea73dfeb780b24e9204c5e	17428174158ca22468ea73dfeb780b24e9204c5e
commit	174792275a5ba567485ab65b3c910ef8da4bfc3c	a22ab0b29aeec37803de963265d06cc20992e164
commit	1748804b160746a7c5f315a60d11de2c6ec7589a	1748804b160746a7c5f315a60d11de2c6ec7589a
commit	1784ad953ca8198a6622567ae7d5b409ebf74e72	f18c872409b480f63cf51976a02a47ba6d15a858
commit	17cd3c15db054e49d210a072d6afe12f22afc2c7	b3ea2aa3ca2b36c7c8c2f5ec4814a81f989226ad
commit	17ec84db6ae9ed62e9a6abe527eb6ac18755d785	17ec84db6ae9ed62e9a6abe527eb6ac18755d785
commit	17ff91f03b491eae944d8ac3b10ac293ff4ad207	17ff91f03b491eae944d8ac3b10ac293ff4ad207
commit	182e3e14fc7d58a214195716599968ca3ae5be9c	182e3e14fc7d58a214195716599968ca3ae5be9c
commit	183d9889888f17dff77cc52b77eda4edf4634270	183d9889888f17dff77cc52b77eda4edf4634270
commit	1880319722c53a9a4ee0ff82f077597fbd603456	1880319722c53a9a4ee0ff82f077597fbd603456
commit	18a331abe1afa138b975d6fa7b69e0101a7c33c8	18a331abe1afa138b975d6fa7b69e0101a7c33c8
commit	18aa5030f37eeff7f134cd949c6babec176400e9	18aa5030f37eeff7f134cd949c6babec176400e9
commit	18d34e6519bd0a60a01cd7dd91269425dd7d67d1	e3c6cd0874faa7fca628e5d857c5a681a03e5320
commit	18fecc56969f5bb9a69af25904aa699e031280c3	b69c62834674b141cdbbcbdf707938e0f27cc115
commit	1910b8ae6fa66e2f2d5f9a29f4bd2c4f633f3412	1910b8ae6fa66e2f2d5f9a29f4bd2c4f633f3412
commit	1945f4019c152073051b1c1dedbf88c8ab5fe96e	1945f4019c152073051b1c1dedbf88c8ab5fe96e
commit	197f9d16883596e9411a08e6b2464922ac92fb75	041533ef9545d3b32d032e2fcc70f3d261b9254c
commit	19b39d522a6aceeba81a284e8995682578473da5	0f16e275f79de2cc70eb64f9130cee5c049771dc
commit	19d89e742716a46d5254c92b6a82a2f7cce12dd5	78d11417714e407a6d348e51d836eef072308b18
commit	1a393476c75d79ed858618000ff5e09beb9099f5	8e219a50361942686ee1e0beb5ca762076643e11
commit	1a48dc4e8799e828cb60ea31351e029320221e95	1a48dc4e8799e828cb60ea31351e029320221e95
commit	1a5deee735eacda93f41a6a78c021338010e7f18	7668ba468dd2de09e89d192a92a7b5a3794ed137
commit	1a79509fe9a32eabc4ca89cf7bf78e854ecfa9b5	1a79509fe9a32eabc4ca89cf7bf78e854ecfa9b5
commit	1a79b3d0ba2b942d5d654da217a1572353d15e04	24b25ecd98fed511295325fe13d8ff9e74031cc4
commit	1a9572cf4417ee385e48d4e4571db8c7bafd223d	1a9572cf4417ee385e48d4e4571db8c7bafd223d
commit	1a9fbafdcd089101ff3bd91174c4db4226ba1554	1a9fbafdcd089101ff3bd91174c4db4226ba1554
commit	1ab73ea1e9eeb0e48210ebee7178c9de75644c11	ece49423ae7ac88f0a4cae3302683766a22fb557
commit	1b2a3b23a4e8d9e987c8099aafe1a23ee81a92e5	1b2a3b23a4e8d9e987c8099aafe1a23ee81a92e5
commit	1b313169de44e6c41d68e986d1635d00f8d17c62	211ec2b8ad6f1fbce938a5905856d68e643361c8
commit	1b92ee330c3ab0ded6d3cafa6d8e4416ccd9504a	1b92ee330c3ab0ded6d3cafa6d8e4416ccd9504a
commit	1baef41c654ceb19e82b4b8a22d57efdfbaeb20d	1baef41c654ceb19e82b4b8a22d57efdfbaeb20d
commit	1bcb7e3c8c3b5efb486eeefbdf4ecd4dc95e84e9	65896f19e29511b432353129660a398a16badb5c
commit	1bcb824161894523f5bd794eb1f3d77abae9ef4f	936a512c11f742563c7599e56a784671621d26f8
commit	1bcd55edfcf9c03329682381b658c8741aa63f45	9243f66fe87966231dd7604c8ee95401f00fc14d
commit	1bea08c966236cadb790d50d0ee52b7eecc46579	1bea08c966236cadb790d50d0ee52b7eecc46579
commit	1c66d9bef2b1e09fc9d09d5d6c3b32aa3c0880e2	ed4e4a1b00c7bb9c035d1e5c728adfac903498e9
commit	1c7d9ed550082914085ade55871847515a803685	1c7d9ed550082914085ade55871847515a803685
commit	1c84f256da809886cca9e6a59ca999d9bfaaf3b8	0c0b356cbf979af2ded1b064ba5ebeef2d1ac3a9
commit	1c904fe34b00dea7eb69e5de0388ba4218f539ab	1c904fe34b00dea7eb69e5de0388ba4218f539ab
commit	1c926ed17622ba120eeb6460b72511ce810281c8	1c926ed17622ba120eeb6460b72511ce810281c8
commit	1c9f75b573eb8158267542e55259ce4b931af654	76d92a7d1be0b47b796455702857bd63b0d3c9dd
commit	1cc84ed8cd67163d09f2ca35ef18a55417dc1320	31956efc940e3ae8de3ea50851c607b79a9d8116
commit	1cd3541f41c21933f45010ca7d7ca951e3815d46	1cd3541f41c21933f45010ca7d7ca951e3815d46
commit	1d21cf66a8e6e3475cca9474b8402ca887056fd1	1d21cf66a8e6e3475cca9474b8402ca887056fd1
commit	1d54a616c80df2cae7503c8bcc6e4e21b55bf356	ff915df2be29984b6dd5a04f5dc83f024035cac8
commit	1d5d8d4ec7fb117cc353cf5a88f6473e77cb25b3	73e708fae85e8458f77bccc25abf4acf8fd30fd7
commit	1d6cf8c10b1ac1b353fdfcfe1a28e09406942f5c	e5b4896073abff7e55dd00f31d984c604fcc0e96
commit	1d868fa179e0e8794653c8628fc286f5d63423ea	1d868fa179e0e8794653c8628fc286f5d63423ea
commit	1da0c8e917852fcf957f28a93d8e1ab341a234ce	1da0c8e917852fcf957f28a93d8e1ab341a234ce
commit	1db5eda43183d7cfadbd6ab14eb1cc3e79b76dc0	1db5eda43183d7cfadbd6ab14eb1cc3e79b76dc0
commit	1dddd887a152c2962071feaced7c235d3abd2881	1dddd887a152c2962071feaced7c235d3abd2881
commit	1e1e662f1f8475a1671bf23c4b4ba9a689873be9	1e1e662f1f8475a1671bf23c4b4ba9a689873be9
commit	1e6bcb5a4eff0856e9b9f62525ff0b48d305fbf6	1e6bcb5a4eff0856e9b9f62525ff0b48d305fbf6
commit	1e98fba7245b7630d93350ffc1c965430d8b8550	1e98fba7245b7630d93350ffc1c965430d8b8550
commit	1ea0643ddb06fcc147d8ddce1f7cf0c36f8e8b21	1ea0643ddb06fcc147d8ddce1f7cf0c36f8e8b21
commit	1ebca6a91b1950a4f956bcdd993fde717fd18c59	cc7d3964355bc909281e4a78f811457b37b88f69
commit	1ecf28cbeb460b3c66dcee25e2df8ab93959b3dd	14113af8891689988023d4bab31006e7300a9af3
commit	1ee1380d405def264d39db392fb11a403d69f6b7	1ee1380d405def264d39db392fb11a403d69f6b7
commit	1eeeca6738d9e6a55d1eed0fd46b9d343c815652	083eb9e2306bdd0b4e136a968f90f49b0c537e96
commit	1ef645f48b9721b047efcba258ac630b834218b0	ef2781dd21971b814f895cd3d24d1744a640a292
commit	1f0981f0b4b44bdd19ab22532780868d9d29c88d	4d32a0323c4fc40204b22b93276d14a349f4561a
commit	1f3822da0dfb297fafbab44f470a5704da25fd9b	1f3822da0dfb297fafbab44f470a5704da25fd9b
commit	1fa42ab563931609805d2cc2daf1345a62c9f883	1fa42ab563931609805d2cc2daf1345a62c9f883
commit	1fce4dc586866d224743cc8f8cf6e0a512302fb0	063190c8fe1bb1f04fb0cfae88729b0610bf1f4a
commit	1fddbdf516fbd46f73d2221b1645af199122d7e6	c0c93aedf94ffee2355c6babeaada722445cf092
commit	203843c875858c571613cbed9dcf7e863d2b2e34	91e2d779cf282f9009a7a3f225afe9d68b90d394
commit	2042baff6fe5de11e45d6a2d4085b86b85a3fe4a	2042baff6fe5de11e45d6a2d4085b86b85a3fe4a
commit	205e49e5208ca36b3794180fa9d5954539d5de16	489adec1752c5b16bff5575640b425867ab2da73
commit	207eecc836818973c12f884cd2f73e4c53c14f4a	207eecc836818973c12f884cd2f73e4c53c14f4a
commit	208549e32d184402930dca5335271ba764deb329	3d50a01ad0495097e385bd75ddbde364889177eb
commit	20acc20607ba13b4b4ff93122e943c4d47ffae49	20acc20607ba13b4b4ff93122e943c4d47ffae49
commit	20c75165c951b1df3619de84e5ddc3041347dcbf	20c75165c951b1df3619de84e5ddc3041347dcbf
commit	20cd16a595dc7c4e09b5c8c03a4a056b28fe3bc2	20cd16a595dc7c4e09b5c8c03a4a056b28fe3bc2
commit	20d48e6aefbcfac09ce26ce2deb40c197c47c6c3	20d48e6aefbcfac09ce26ce2deb40c197c47c6c3
commit	20f66572391f6570d27f3ee6cb6c04d2287262e5	20f66572391f6570d27f3ee6cb6c04d2287262e5
commit	2145f5cb01125f6f6ffa1efcf141486869629c33	c40a5f417ed2f8c1358fe5d451ab8b1c4b8fc950
commit	2171763d0175dd5b433858008f26f8b693a11506	cefcc65d2fc4d83b5c3242ddb9378bf19295c667
commit	217980864fb4f250bf385a0552990a8da09b4c99	217980864fb4f250bf385a0552990a8da09b4c99
commit	218631578646f7b0a717c55b82f768c7aeee5e87	1c50d1ae029d3e7669ffd6eddfa2bae952ac7937
commit	2189aae721217d443cc7f62a3550ecad9077ae4e	2189aae721217d443cc7f62a3550ecad9077ae4e
commit	21932a0f6c42a4b6620e394442697ed16f3648a6	21932a0f6c42a4b6620e394442697ed16f3648a6
commit	21aac7fa815c3c532c54bac487319d82fde691ac	70826f3a2ce529648592cb07f95bdee9fef2040c
commit	21be3df7131d135b77139245ca9bee98679eb5c7	284b7add240cb3ad5e476f3620c3b9d074217acd
commit	21cb76d02b7e1a868c379a81ec3ac1649a9678e3	21cb76d02b7e1a868c379a81ec3ac1649a9678e3
commit	21fdeb27cb781c79fde201f4590adddc15b91539	139ec5ce77969a84d65645ee5f424857aecbef5e
commit	22606b3eab663815eb3ad088290550c083be84c1	1a3f0bd0f3a61d3693fff883ba4ebdade0c2350c
commit	226b4383b97705d384b3c6f8aad5666291421d5b	fe5dbf3082cfc9db6f20956c9a5bea8352bf05e2
commit	227bef707aa0e7999f5b276689613790d116b783	227bef707aa0e7999f5b276689613790d116b783
commit	22877b5b72d52c2f5c31bad70e4f906ce262d084	22877b5b72d52c2f5c31bad70e4f906ce262d084
commit	2288e90a2d1ffb1026184911199fb88956fc987f	2288e90a2d1ffb1026184911199fb88956fc987f
commit	22ac413421f1c7eaa831b2dabc73db7d0bfbd269	22ac413421f1c7eaa831b2dabc73db7d0bfbd269
commit	22b1a50e8b19b0e714d5c1eac0e8ca8bb8395a07	22b1a50e8b19b0e714d5c1eac0e8ca8bb8395a07
commit	22eb522e3d6158b29e5a3016a6b027ee255c3f26	22eb522e3d6158b29e5a3016a6b027ee255c3f26
commit	23050543df9a429bc8755b908f3d5cfa356eef66	d155164fbf4dff219bae28202aaccb4b6580ad89
commit	231c4d0d0361d3a30bd4380239105435bb9b9175	249c98a8f8648b0e8460c2303d9cb89b3a04082c
commit	233c584b92f0a96b3e59e1e58d78cf560e5c0fcc	1324551fcf0388f863f0230b4c21a57815971229
commit	234c5be231195ac907b7df99715713f97030f8f2	234c5be231195ac907b7df99715713f97030f8f2
commit	237e91b8f4f384d246eb5c1db271ac23c0f32868	98ced42812c12ecc2410e98dbdf35d17dfc626ae
commit	2389a81de3590cd349ba6743471e52f936227383	2389a81de3590cd349ba6743471e52f936227383
commit	23d2b5dcd03385e071ea8ea547ee6faebc2f8663	23d2b5dcd03385e071ea8ea547ee6faebc2f8663
commit	23dc8e82cfb9b6ac3d8f4b975b7a29e3667b0eae	939791a7119b8b8883cfe93fa91bbfa639143c1e
commit	23e9f61332218b6f9c84a4c22ad7d92a947f0103	23e9f61332218b6f9c84a4c22ad7d92a947f0103
commit	23f1cd1948070a6f74e8d4c988adc4c84dd52b5e	a688d29911b44dfd81416c998d6e5d1d39af81df
commit	23f9651bf23769a7e4b7d17519506b431fd8b637	23f9651bf23769a7e4b7d17519506b431fd8b637
commit	2401253251a8dc7a52db3a284524f0d9816ccfab	2401253251a8dc7a52db3a284524f0d9816ccfab
commit	241768c83c491097d7ed76c0f7e473e9966a1322	3c4f196d94fe215e339ba5b19dc248db647a4150
commit	242c84778cb895cc4a21f5dadeb7f19d89d0988e	242c84778cb895cc4a21f5dadeb7f19d89d0988e
commit	242ec1866819619c756d8ead190be81685ec29f8	1986e6df6b9ce39d0098cfe174c6ac032e9a03e3
commit	2430c72fdeaf11b7bad17b23eb796a405b0fb445	3c0fce0ffa561fc4a73007d6c85ad4ac98752945
commit	24378817edbfc676bac75f4c751f2d073fd17849	11024b3487bdadbe233bd39a090235aabc10b344
commit	24439ffb00455d2df6ee3e5555f9e74a9ea34192	2f409f7a44372661985e2eada1841f7708d9de96
commit	244be00c2d9be5498c3b592ab28d7181fa311b87	d7e2418aa53e9888df12b787f54b6ec8f97d3db5
commit	245fad6395d7653acd00564642fb0cffa4e8baa0	245fad6395d7653acd00564642fb0cffa4e8baa0
commit	247622f8fa10277c7c79c061130099c11ec76782	8fad836f325ff52b951306ed24a42d0451057897
commit	2482cb0c369e361edf3814f22165377a52d71f01	2482cb0c369e361edf3814f22165377a52d71f01
commit	248fdba8eba31bd213386ff74729b5fdd31b9beb	58983e4b31054d41625af8ceb472fa9add503606
commit	2499ef7e4eb7909694152bb2d921457bb0a97120	2499ef7e4eb7909694152bb2d921457bb0a97120
commit	24b97287ae7f32dbbe1428edd856db50eadab265	24b97287ae7f32dbbe1428edd856db50eadab265
commit	24c8700194c0e78cac98badf0e8d0f916c842a78	d0b56fa944f1e01cf847230194c15f030cc92065
commit	24e94258876b6b2c35439d6c4d34791d33bef200	24e94258876b6b2c35439d6c4d34791d33bef200
commit	24f9c636e3f49cbd3dc2ab69b5f2693402432a6b	da810dbe350d4865aeab98ebd2969d4f42d40fa8
commit	250ae48b406d3028f0d96798d933719bb368e336	250ae48b406d3028f0d96798d933719bb368e336
commit	251292ef1fe3c8030e90ee62137dd3ba53d069d0	9c8a84c368d16010a9cbb95b54901a23bbb65449
commit	2532ffcc80f39cf0c1d06c1c7e2b932c0e5bbdda	2532ffcc80f39cf0c1d06c1c7e2b932c0e5bbdda
commit	255565577dc87c8b592b65078c21354616a1ccad	c61dc4fc092d7ae5e77847fb878310123fbeab2b
commit	259ff8dc55711449ae6d7c026b24c33735bac373	77852ca692eed80cd41a3cc8be94a4de6e6e4d62
commit	25ae02370ec6c8e8a0006d6e551234bf489e3981	c8c661fdc4f9cdaf69374a94ac0647285fef452b
commit	25d3fe24e8f87de18075e3429dc54e4a6c0f8d44	25d3fe24e8f87de18075e3429dc54e4a6c0f8d44
commit	25e72542066158b39b796a808c4ad2f690f0559e	25e72542066158b39b796a808c4ad2f690f0559e
commit	264e8cc71634798f54ad48ddc41e7772e6e3ad78	264e8cc71634798f54ad48ddc41e7772e6e3ad78
commit	269642fd057f0a6641803e2298c73a947c9ffcd4	d58fb51bebb0d903e924943d22565ee5a7b0ee43
commit	2697a2da15a5a5dd5d280946bf4f56b7fe4f96a1	cd2b013c75b7a8b57e489cb299b2507b7ddece40
commit	26a732ae52dfacbe796456267a32a763c3a28001	b443474a4849141df0ee5057e1fc4465d4ccbeb6
commit	26c3b85d6b883052c125c3a2b183d81b93eb95a6	204fa6dc7a8f2da994f21943035e815109044641
commit	26ca002a83ff7df72d886a473e70fa2a8a618521	230e7ef8f203243b4a17ae5957348f90be080398
commit	2701f313d3060b7c4a1c48ad2cbdd302c246d1b0	2701f313d3060b7c4a1c48ad2cbdd302c246d1b0
commit	273df9017e152540be9a7df0957743c61b4e6640	273df9017e152540be9a7df0957743c61b4e6640
commit	2742d173a2c29170d7132a28d74dddaea10e7445	ed7b6ee5e1762645b8f0d508b49d0c2dc90ca3df
commit	274aea72197103a5061915a347e1da508cd6a934	274aea72197103a5061915a347e1da508cd6a934
commit	27583aaaff8fe2166e926eabbfc87eafff0366fc	90f67076a7e34ac05a0f9a15a1d48aa0001828db
commit	275fde8941c932c4fd9fef61d186bf4b87c47b02	3f2b7310b40d1766a33cda4b2e3793c17300602b
commit	27654bf3fc58403d933324d126e0a56e86fe9728	27654bf3fc58403d933324d126e0a56e86fe9728
commit	277024578a93bae24aacb823e55cc91cab6c297f	277024578a93bae24aacb823e55cc91cab6c297f
commit	2770ad96f2508cf52cdd1bcbfe059238c50ecc4f	2770ad96f2508cf52cdd1bcbfe059238c50ecc4f
commit	27dcc1a56c2ee620e7e16750e5122c8bcc27b98b	27dcc1a56c2ee620e7e16750e5122c8bcc27b98b
commit	27f062b64685851b20daccbe4b524fbc76e49d47	125998c1c6b949088188f8e14de7baae4a1b5454
commit	28255bd5d41412a078ff4cf979dbf9269abe0f78	54ab5d419dd145a876341b51b22b762c77cc1eaa
commit	283eec6a6fe17a06ae9c4b8a56c019a5157b867a	283eec6a6fe17a06ae9c4b8a56c019a5157b867a
commit	284d7ba47d2598b1290d0a542f8f09e24a3d2221	5c19a84bafd67d238b46361a686d522f280031d3
commit	284f53ced36adbc66aa43a20831a6a94477db26c	e72d91205015ffe2e3f33b22a1492c0caf648451
commit	285a94f65341d2b62242fea295c7261bd37d7520	285a94f65341d2b62242fea295c7261bd37d7520
commit	2878487c6753b39cf09d063b170353f6962a8c54	2878487c6753b39cf09d063b170353f6962a8c54
commit	28843919cb0a7ca675f11dd24f7d5d42a65c5233	1081f361b50c3169220b72e6d644b2f41dd35395
commit	288f8e6f3984a0f0efd5e280f576ba4e2f50c73c	288f8e6f3984a0f0efd5e280f576ba4e2f50c73c
commit	28b06ae156b68648cfc879d312374566ac585de8	1b368ce3e39ebea12126dc582fbba7cfddaa8c42
commit	291beb2a75a412e60e2b1c3c1436eb8875247421	eaf3dcbd05127e188109c589d48c555f2e82ae80
commit	291fed992d3fe0a492c371322c53c83895c52920	291fed992d3fe0a492c371322c53c83895c52920
commit	295cd8b1b6ee07e62a9b6fcf7a1d67ee7682a49a	73a9a0d2ac3a54fd757f6af7f2351309ac0445f9
commit	296c45449933945ab47cf0882f53e007a82d5d83	2f604c056cc7906e9335ed41d0048e0642943b4b
commit	2972e8a1fdf72e1f9693fd374b7571d32006baea	2972e8a1fdf72e1f9693fd374b7571d32006baea
commit	297386f392307943c1a93f1c881f0a0de8be7b12	14922e962064367ebc7c6fbcaf9912ed04cfb558
commit	299afdc66b9f6b839f632fd8448f3bca3ea21353	473f4150144810c660171e8a83e1c71cd439804c
commit	29bacf16dbd13b1205a167e73a5330864d5872d1	29bacf16dbd13b1205a167e73a5330864d5872d1
commit	29e7d3a7bd171ff281161a260c9957f6fbea6d29	29e7d3a7bd171ff281161a260c9957f6fbea6d29
commit	29ee0f7158c34336455487ce026ce100503e8c6a	29ee0f7158c34336455487ce026ce100503e8c6a
commit	2a1d1c9090a67fa1304667c8739bd736f21eb279	2a1d1c9090a67fa1304667c8739bd736f21eb279
commit	2a2bb60b1b76f5cbb6dd47003451b76de76576ca	2a2bb60b1b76f5cbb6dd47003451b76de76576ca
commit	2a2e56a270e9c051a233100a0cb5627812ed59ed	2a2e56a270e9c051a233100a0cb5627812ed59ed
commit	2a32bdcddeb6d2776596f3fcc2db3144f7c899e0	2a32bdcddeb6d2776596f3fcc2db3144f7c899e0
commit	2a683738f29b1ea07b02a09ac232610e2a7d32cb	46fffced7dcd81c7118b11d0f8e1b398968af341
commit	2a7fa775c95150d0c124a3fe714210803674b92e	2a7fa775c95150d0c124a3fe714210803674b92e
commit	2a8aea16ed7280ac7e7507fec8fc85f83f960dc2	8b5bc6eb460c5e0b1f18c5ae098b9cf8b1d5141e
commit	2a928723ac76bea4554c6b9b4b9e823a8da406ac	2a928723ac76bea4554c6b9b4b9e823a8da406ac
commit	2a93e851079835784548b293b98b5ddadc70e7ef	2a93e851079835784548b293b98b5ddadc70e7ef
commit	2ac6534b5fdc80aaadc9dbf60f59fd239b18463e	8b681c68d2ff33f08aab9c0dfc7e4145fde1f02a
commit	2ac869003f66cf4517c19dbdbb8f2afd855444fe	9436f0b4b6d12d410e7d68ea03ee09c93612a170
commit	2acc8eca29f6df51677a83fb90793c4e0517253a	2acc8eca29f6df51677a83fb90793c4e0517253a
commit	2adaf05100f9b661e44c84bda0518f74e62debb2	2adaf05100f9b661e44c84bda0518f74e62debb2
commit	2af73dcb0bd0ce7c5f8fea8d95096eaf5db1bf88	2af73dcb0bd0ce7c5f8fea8d95096eaf5db1bf88
commit	2b4ac245929b5fa93f19df88811cf48df27028f4	daef18e698bb1d1020ada1af63f23f1c6d29c113
commit	2b70fb49dd1d142192d771b9885ee6d49c9d2431	1278d4b7f8e0676511595b432b29e6b8e79da56e
commit	2b7bdba8d763639389a16fe86b70d182a36eaa68	2b7bdba8d763639389a16fe86b70d182a36eaa68
commit	2b861af0d0058ed0e1e71f80fca12e373f7dde4d	2b861af0d0058ed0e1e71f80fca12e373f7dde4d
commit	2bae0414a56d2837f38942ecd8574d49f3c794d3	2bae0414a56d2837f38942ecd8574d49f3c794d3
commit	2bd28ef1101f081632cbefd01cc25b26b53316df	2bd28ef1101f081632cbefd01cc25b26b53316df
commit	2bd80dc12a526d8ebb52bc9ba1f309bd6511b5fd	3f12d5bd36196d66c268445f9da18ee9a509cb16
commit	2c085ec0a2d2c0248e5c9dd7d39ffd6c11a9180d	3c013a9f7f114862cdfbdd1a5126bf67c3d166b6
commit	2c0b0412320e721e6bde1b25a17223dcf56e2601	b4a88a998054b27ea52d05da315abd53e2829323
commit	2c12341180753f52fddc1b899edbed67c50afb29	2c12341180753f52fddc1b899edbed67c50afb29
commit	2c2149d9b6e8f036c77a2a8bdecc673d85d4f987	bb20e8048a8acb0c34139b0d1033390327aea10c
commit	2c23255a25cf276fe052282e242a03e91c40af5b	2c23255a25cf276fe052282e242a03e91c40af5b
commit	2c58abe2a3ab5c57e2806af87c2918d755d0e7eb	2c58abe2a3ab5c57e2806af87c2918d755d0e7eb
commit	2c5f5db06dc6354615fb0566a00bb31b870c2cd4	8799f7bdc5983dfd758882de15fee1d3b1d29075
commit	2cbb8074f3785114d65b81eecd0514476ae7a26e	6fc887c85528d02a480112e2c838069da34cbc7f
commit	2cbfeae428cff2fd0247722b639cf95e0e959249	2cbfeae428cff2fd0247722b639cf95e0e959249
commit	2cda35db5c858abf2e34e749708d7d6a8a2d0d36	2cda35db5c858abf2e34e749708d7d6a8a2d0d36
commit	2cf0e24c7df09792fc8ddaaf861b98c8d194c00d	2cf0e24c7df09792fc8ddaaf861b98c8d194c00d
commit	2cf1b0f99ff790dd969fbd0090e570eae3a01eb7	2cf1b0f99ff790dd969fbd0090e570eae3a01eb7
commit	2cf87f769ff75226b79524b6db3d60e8754389a8	f3bc639205daa1e069459e3afe7eb67ba9f99f35
commit	2d10d6004e9e9dfd4d7d3afac8e2e2974a321ed9	2d10d6004e9e9dfd4d7d3afac8e2e2974a321ed9
commit	2d191ffdce6ee67c739ae51fbe9fce003b4a84e9	8517f262408dd9b28910179d1f349e21d121c77d
commit	2d20605f1c1afa6de5b657bbfea6459fbd510778	98a1b2c541bb3e482c3f4148a1b905bd12bb73bc
commit	2d45404101dea758720220abe1579c21ed4ebd7c	2d45404101dea758720220abe1579c21ed4ebd7c
commit	2daa99c9d727623108c856b1a5f231278148458e	c04693ae2cc784aa6d6fd8bc7c26306d8231e3a1
commit	2db4710be1e7cf5534b440351fcb9f3dee17ced1	2db4710be1e7cf5534b440351fcb9f3dee17ced1
commit	2dc6e2cf07184242de909393c5b6b497d2c55250	2dc6e2cf07184242de909393c5b6b497d2c55250
commit	2dd10d0829e425af4e6704e988188cc7f0846027	c7b3872f7082b8938337630b5f7fefee88848b5a
commit	2df163082127de1d86fa0fd1d00fc3b029624f62	2df163082127de1d86fa0fd1d00fc3b029624f62
commit	2dfb8a40579ac09b2c016a5cce30d7f681ffdec9	22276351137310f016c6f115313426c670f869dd
commit	2e050636a052a521a2b29ce62f6987baf887c7bf	2e050636a052a521a2b29ce62f6987baf887c7bf
commit	2e06bf5a13c43c501a3d61e21d3473ccf41c48fd	2e06bf5a13c43c501a3d61e21d3473ccf41c48fd
commit	2e0d2c03a5571177a3ed7a45ace153c4d45994a9	8daa1a7e0f2384df441106b13fa81fef4249594b
commit	2e25c37d5875adcbe0e7b8016d72b1018bb8507a	2e25c37d5875adcbe0e7b8016d72b1018bb8507a
commit	2e6c33bb2bb43c5d60277827d818b4daf836f8b2	c64043724477f1c4a5bc0cfe39389afbfa66b695
commit	2e748e92fede7be2e6254d2ec67066a2f4362306	92e35f9fd0b6b7bcee5131782906e5ceff4c1897
commit	2ebab5b560c0dfb8c895aff2d0e4fe70fc69ec67	9d2b873877529aa4c5a024dd63b8161f55717fbd
commit	2ec408066be712e9d2eb92914fbd949cb1214717	2ec408066be712e9d2eb92914fbd949cb1214717
commit	2edb5d059401cf3a0a89ecd9ebe1ae5fbde8c2c1	2edb5d059401cf3a0a89ecd9ebe1ae5fbde8c2c1
commit	2edeb95c3e2b745c76939e48620b5b9ced8bda19	2edeb95c3e2b745c76939e48620b5b9ced8bda19
commit	2f005f92d99f4141a266b08cbe79e773c0e16f22	62e499b05b841664e537232a971e209cd695c064
commit	2f38de3d850090689abc694b953afe431af6de9c	d797ac0c14af6db1344932e5c730a8fc2e1fdb1e
commit	2f3d0dd4848b433e7be97bf732ba4d32d2d47275	2f3d0dd4848b433e7be97bf732ba4d32d2d47275
commit	2f4d3005aced93b983576260d70ffb6ab97518ae	d5503f1e07213a7eba4534e01d1da17f5c8bec33
commit	2f71c84815c9c4fd74ff22ad2c0cc48345466e07	2f71c84815c9c4fd74ff22ad2c0cc48345466e07
commit	2f7366891f9acd05fe3a3150633298650b86d42e	be5816f52fb33e815b2c938a74dd60675bc8769c
commit	2f76bdc89f0787924264d3b2e4d5091a25569aff	2f76bdc89f0787924264d3b2e4d5091a25569aff
commit	2f9e19c18b97fccbba9f9c8eb2a85514770d9a8e	c4e46462fb3ff45a72da9ae40603d782d23eae8a
commit	2fae533882c9e83520d0a6cfc5e44c07656b94f7	2fae533882c9e83520d0a6cfc5e44c07656b94f7
commit	2ff408d4eb1468c6b0c8126e60f253de0a504aae	8c79504cbb6ddd01db9dc871d526e2a8dd4ffe7d
commit	2ff84013ba4efeaeaa4d405206320c53ab25c82e	2ff84013ba4efeaeaa4d405206320c53ab25c82e
commit	30025c0d9b5c3fb6ee2accf97bae915361624664	8a593e830097c7d908a746747915ed2f704aa257
commit	30159ac5c497dc23b33fecab8f2410d1b110ac2e	33cd245825e6c2417adaa7840242ff9d0b9a1b6b
commit	301672cd195cdc31011555aa47dcf528b7e815e9	301672cd195cdc31011555aa47dcf528b7e815e9
commit	30646bfc8421b423ba3eabd347e5e1e04554f0e0	30646bfc8421b423ba3eabd347e5e1e04554f0e0
commit	307b96ae19c3878981b6a8df4db06320bfcca53b	f8cb146e23c770206cdc8568ae8abff2573cc8be
commit	30870c260f7cf6bb7de4381ad46ffcb318a4d2a9	30870c260f7cf6bb7de4381ad46ffcb318a4d2a9
commit	30975ce5ac85bebfa08d4ccc6e5ae24c506560d3	f9c3af9069e149f52381f9f8f4a79af0cf2ef58d
commit	30bb7a3bda0751bb4b6ebdf6f7499a737a1e6add	30bb7a3bda0751bb4b6ebdf6f7499a737a1e6add
commit	30bddfe8ce39d08f0fc151744249740df4e2a58c	30bddfe8ce39d08f0fc151744249740df4e2a58c
commit	30f30fb064b40fc35c60acff15e8a616521ec04f	45142daf2e20d04ca9bf2cebdf2ab6ad43e926e0
commit	30fd5d25c557e071034a3b7c8e4b46482cfb040e	30fd5d25c557e071034a3b7c8e4b46482cfb040e
commit	30fee2357d715ace454f141dec85dd0537c5adb7	30fee2357d715ace454f141dec85dd0537c5adb7
commit	3107c422e0b76b1b5667e1d7032f2fdd9949e9db	7d1c3218f58ee43ef9f63007b8d02ba48be49da0
commit	3136e33dc2096c9d63be6bddda73f02c7a4b49b0	8a4705c524d416c5cc04c4e127963cc85e50c3f6
commit	31379ea7cdb67fc4d202f7b55cd728fda6cd0621	31379ea7cdb67fc4d202f7b55cd728fda6cd0621
commit	31a0bcec3fa73884985ad0fcdac766abb97d5a00	b3385654a221b076c6408faa761f23aa36f78d07
commit	31ad584fd4a14dcd531be359198de2b86a624c72	775b3048c3443bc9b5bf6bdf66147c4c71954e7b
commit	31ca211865929c4b806ec8e8ba410b48850b9393	31ca211865929c4b806ec8e8ba410b48850b9393
commit	31f30e3c6d1e39b3f8b351c8e5b7ae05763055b3	31f30e3c6d1e39b3f8b351c8e5b7ae05763055b3
commit	3201eff08ebac7be6b625d1ee844714ed1b1cf91	b921af558bf7e12503de04492bde4f684c66eb87
commit	320e491ebdbaa309d30ba76c0d041dedff3d2d3e	320e491ebdbaa309d30ba76c0d041dedff3d2d3e
commit	321176510b0d58e33362c4560b1b45eb9274b4c8	87e2564e627a72727dc275254899d3d936a32e7e
commit	3268e95790693f51b75af6ca6eb1280e42692e74	3268e95790693f51b75af6ca6eb1280e42692e74
commit	32769dfbc4ccdbca94e6732b033e066af2b4ecaa	417513cc9a23e8835e2ecf77a3238b5113889253
commit	32ebcc837eb0b6e3fb83b63e752f449f169de30f	32ebcc837eb0b6e3fb83b63e752f449f169de30f
commit	337cf5280429ec2e62831638a09fb7413fe63fa0	337cf5280429ec2e62831638a09fb7413fe63fa0
commit	33a01a5647289c064234f7990bdd14a1c4b2c166	287678e80c3937e6a486939bc88afcd81fd90e55
commit	3457eea0f837367beff208ec5bc8b431e991d469	3457eea0f837367beff208ec5bc8b431e991d469
commit	346e70b2f7737e2ccf16054a4fd9397e102937c7	346e70b2f7737e2ccf16054a4fd9397e102937c7
commit	34def3612cbb551f937137ceb6ecd735074ec18d	34def3612cbb551f937137ceb6ecd735074ec18d
commit	34e74c579fc984f41d77252b18ad591dc750e17d	34e74c579fc984f41d77252b18ad591dc750e17d
commit	34e81738960f396e8751c9d6abae6a83e8254410	34e81738960f396e8751c9d6abae6a83e8254410
commit	34f4bf50022f2faec3b5681ac8c3707dcf153c3c	34f4bf50022f2faec3b5681ac8c3707dcf153c3c
commit	3519b76c7a7f488910756acb96e1132676f6a05f	3519b76c7a7f488910756acb96e1132676f6a05f
commit	354a04101e29d3c1fdf6eaaf651265ddc2db72d0	9dcbb97e4842a23eb052a8fe80f02fd0bf6a4e7e
commit	35540f95bae7ef6fed3f08263579dd1d4a7ff95c	b7a15e843a58f2a1fbfb102ce89388f9fd4317d6
commit	356bea27e8a88a9de215e088a4974a183359418e	a589231a2f97e28f8ee10f30fb794444ba2676cf
commit	359b67682ad12a718fde8489bfae0ece761cdaaf	359b67682ad12a718fde8489bfae0ece761cdaaf
commit	35d0d4c4f90e7be01274db2688ae6c2e4cb9b5b9	ee0c597d6c9af3a6eca76505f7731a658a2b730d
commit	35d266a04ec2d9fa32625ac3608f4493f693258a	e6784c5f48058b9474e7a3848452607c0a930447
commit	35dad7b530cdee3213d323bb84b3005f0d2cbe55	35dad7b530cdee3213d323bb84b3005f0d2cbe55
commit	35f6aca1b234aa21212af4fb242446af34405f4b	35f6aca1b234aa21212af4fb242446af34405f4b
commit	36054d38e9bf7e986906dc12e9daddb3bdfa2c17	1ecb415029528a40ff6813f32996543d057b0997
commit	3609f8642af2d9adc873cfa7de7123ded2bb48bd	3609f8642af2d9adc873cfa7de7123ded2bb48bd
commit	3653a814f806531dd53a27d0f2f9f0afd6b637aa	3653a814f806531dd53a27d0f2f9f0afd6b637aa
commit	3659a724927dc561a7d330cc3d3a17dd0971d655	3659a724927dc561a7d330cc3d3a17dd0971d655
commit	3676c5baa63d877f5d48b54405e23ce487ba2a7a	3676c5baa63d877f5d48b54405e23ce487ba2a7a
commit	36ac35fe3d86d26b5e07a200300d8022d5cf5c79	546d2fc9d09616907d90371fbe10a69396f3ff6a
commit	36ec0a8da65aeabb9df9516b13936de43f99deae	36ec0a8da65aeabb9df9516b13936de43f99deae
commit	36f1d19874254902e3a0872d287a18ee43cfb6c2	00fba2cd2822acffe4228bbbda112a11f76409d6
commit	371d5c3f75d41259fd31bee97d97c740fe354d5b	3e974eb5508a44a07912df202592f9b14bfea365
commit	372f9a819011842d5c76a42dcacac24f72847a05	372f9a819011842d5c76a42dcacac24f72847a05
commit	3779f556eaf495d0fdf5311ed1fb97d08adc89a1	3779f556eaf495d0fdf5311ed1fb97d08adc89a1
commit	3795f5f9c91f8dfcfd4eef2656b3e592e032d0a8	96b5a71e4942b02860459bee5437ed520f0ade41
commit	37aacab64b7975e7ddcf6f573d8da8c257d24919	37aacab64b7975e7ddcf6f573d8da8c257d24919
commit	37bf08885803f304a6dfa234e78a4fa7c03ed86d	9dee0bcb2b54df80c271f79d7ae8d141de22f0bb
commit	37da35c8002db3bad88f89c0a8281e7b0383b5e5	dac0a69a97151e4f3c78fc5180c4a0a0a88b8e96
commit	37eafedd922e73f2b72ee4cc4864df76fc73ee7c	2a4402c0b6bc85ef4fcbd153393888bcdbd992f1
commit	37ec8c977dc0213b45b843435b239b024d19a2f2	81796d98c6bc3df301712a37c6f560363ac3fff4
commit	3807e37bf1ec7df605a53c2942389625bd6bd471	3807e37bf1ec7df605a53c2942389625bd6bd471
commit	385bdbe938305ba58dda374c4631c7ab52539e43	385bdbe938305ba58dda374c4631c7ab52539e43
commit	386abb3458f1f995ef76797654121107e05c1104	386abb3458f1f995ef76797654121107e05c1104
commit	388872680f850fd9b4d3872d86406fb24d2dd703	5c791ce2afc73a3f226eef19355aa74175be0f4a
commit	38910450876b124735cbdf7388bb1b33f5b618e6	38910450876b124735cbdf7388bb1b33f5b618e6
commit	38f30b6aec98856f98a226f882f3462be1cf2d79	8bbff5f69065c24faf289cb4b704e44348e80119
commit	38fc28f68564b329aeb31e3796d5b1516b79fd88	38fc28f68564b329aeb31e3796d5b1516b79fd88
commit	39016b9e4177fa428776e67aa1ebebb8bd60c790	39016b9e4177fa428776e67aa1ebebb8bd60c790
commit	393822446cc1185f9b54a51f55e973034d2ce1a4	393822446cc1185f9b54a51f55e973034d2ce1a4
commit	39837428b487ac22af85f8e9025e9cf5c0c4b20d	39837428b487ac22af85f8e9025e9cf5c0c4b20d
commit	398ea921bf0cf8d82e6a2803618e9f03c1038338	398ea921bf0cf8d82e6a2803618e9f03c1038338
commit	39b8437381064e3e4068d9efaa0d69e0cf712416	39b8437381064e3e4068d9efaa0d69e0cf712416
commit	39d2508fe8aa1d4a9f41e2305dba8718006dbb2f	c6ad029301243795058cbb6ed51b6d7d170a2875
commit	39fb6c90767a6ceac71b950898d180efeededc86	5aae7478c5ddf8120a7af22975fe1271e98271e6
commit	3a0da885e09f321a31b92d495e37212799c0461f	1992bd55f29026c0f539ea0964a16c0376e36e91
commit	3a142c694d854ee6f690ee6ba221054499fd6736	3a142c694d854ee6f690ee6ba221054499fd6736
commit	3a1e4bc5bef03041156f0dcb54c2496e7c390ee9	9d1ad49b440e82218db0e5549418afe566434acc
commit	3a234c191aaac01ccfdac925ae6127aed503922b	6366cd435681a5871741fb9a1113a793c430f31f
commit	3a4623e48d7fe048a7a26926deabc58e0a8df7f7	3a4623e48d7fe048a7a26926deabc58e0a8df7f7
commit	3a4d9988b880339de6b79613570d5ffec28cc713	fccd587589d7e653104fbe6337a8a6179a3cea7e
commit	3a5ecc89abfb0eaabd8080e9705acb7768b72216	3a5ecc89abfb0eaabd8080e9705acb7768b72216
commit	3a74d2f86b9679c474d8ef5fcbbec30f7a876525	3a74d2f86b9679c474d8ef5fcbbec30f7a876525
commit	3ab18a9d1ff405b9ef4433dd043eb2114dfbf8dd	3ab18a9d1ff405b9ef4433dd043eb2114dfbf8dd
commit	3ab28d66c21e729fcf2e8f2d8570b27ddc224c3f	3ab28d66c21e729fcf2e8f2d8570b27ddc224c3f
commit	3ad0103f54af9dd9e8a157d8933516ada890de40	73d9bd0361e5b42d3f4739bf44207b9653020039
commit	3adcc2888f468f43f93162e492404e165881b141	fd0695044623a624b04711f51212de798dd49318
commit	3ae34ba13b85a1f4c741f03accd8730d8f9b6471	72767606fb8cda47f32ba11e5d4bcefe0a4fa49e
commit	3aec0e703fba9073382991d95ef074d685f966ba	3aec0e703fba9073382991d95ef074d685f966ba
commit	3af6480c00a3f3d6a6a1b734030edff8964eadfc	0ad12ad86dd4eb251015a018446d40409843f4e4
commit	3b047e8fae650d8aba5cc16f111084fa3d714072	3b047e8fae650d8aba5cc16f111084fa3d714072
commit	3b143b1a1a088229f683408debe463d94e9db6a5	3b143b1a1a088229f683408debe463d94e9db6a5
commit	3b2bbdbddd499ed5b153fb7807324a7a4fe05521	165cbc88e5190013743b9a61b45503789b7dc3e0
commit	3b3d44c4d0b9022a22371d603860f89caf9cf984	6c7a14a1c438fb83b968df47bbbb1bf80b6a4205
commit	3b4b2e205de77b2746a791d099b3455a7f845c12	46a4bba9327b7bc05ea1a165894a58a45e548710
commit	3b54eec721e531955cdfa5f56ca1aaeebba58765	6ff5653852d9f06c0793d788e6c1191d6f089b5d
commit	3b6eae263a4af1e3a97c60330c1edfeede81e688	5cf41c1e7619f4596308f9f694334cfa5a77b7e0
commit	3b939b0d905ef17014714446fa4154aa039055ea	3b939b0d905ef17014714446fa4154aa039055ea
commit	3bc218c923650c1a75b9751bdc40e1f1d658c3dd	7272d188a36e2e38f89425d654fdcab20cb69c38
commit	3c54d7efdfe94d36eeb8906d17b7380070fda891	3c54d7efdfe94d36eeb8906d17b7380070fda891
commit	3c808e69d3e321a088e239a6f1119c35011f13fe	3c808e69d3e321a088e239a6f1119c35011f13fe
commit	3c92a690eb3da59f3eac5e5445aa3a1aabfcbbe1	dd3c9e116d10dba8790ff72efe2c4b7d2be3975e
commit	3cb2b52334c57c2effbb38e6d637d39e8a9a239b	3cb2b52334c57c2effbb38e6d637d39e8a9a239b
commit	3cd5ecb1fb5a4cbac966d8ce40b05f6c2cb48b71	3cd5ecb1fb5a4cbac966d8ce40b05f6c2cb48b71
commit	3cfe196953a854d795bdaaa5e05e01dc02b4230b	3cfe196953a854d795bdaaa5e05e01dc02b4230b
commit	3d0bd6fc5817c6d8bbee3671a5755923a4841b89	6800be36114ed951637f7311e269706b149e9c1e
commit	3d43be478bf7ecd98aedc1e7f6719391fe54b63e	6da9b5cb824dc7f99283b4676767fae1a08ec781
commit	3d4ba1327556dadb1e00c2da7cfb121c963c6e84	3d4ba1327556dadb1e00c2da7cfb121c963c6e84
commit	3d65baeefa3b57cc6934d4daddd325f64ca6abe8	3d65baeefa3b57cc6934d4daddd325f64ca6abe8
commit	3d732f342a936559f935c286fac0f7b89bf950ef	938962fb445112ed6c81ca42cb48dabe3387e0d0
commit	3d806c6cba06214a71e395c9c7063c149e9224ac	131de7589ae99556b4ae639e521916557c50f51d
commit	3d8844b43c9fd9a6d01aaf20c48c8e1080233224	c1bb21f13885040c1f175e0d1762d113ff2f9320
commit	3d986a003dbce94b8b7bc7504ade57039dc5dc3b	77dde105e1983c4697906b1ea97b39f2b20e1e57
commit	3d99456724a3202a92cbe639446568aff995b9a5	3d99456724a3202a92cbe639446568aff995b9a5
commit	3d996c6e78d9ea800d06f76f9117a43991c2c8e8	3d996c6e78d9ea800d06f76f9117a43991c2c8e8
commit	3dab153dbbecde0f8b35a476de8b9d01c0071521	3dab153dbbecde0f8b35a476de8b9d01c0071521
commit	3dbcee76939420165ec5c30407e19ec3218fb407	3dbcee76939420165ec5c30407e19ec3218fb407
commit	3dd9171e68baab1a94e8e4c1dfa7f353a13d1da7	e45213fcd7ba8256b1678e2ba6431eaec6ffeaf3
commit	3de8b9882fc51d39b047a3366561c46ef308ef21	3de8b9882fc51d39b047a3366561c46ef308ef21
commit	3e444e978021156ab10fad89c5620cb1cc66151e	3e444e978021156ab10fad89c5620cb1cc66151e
commit	3e5e9672fc5a8db2f6461d8437217862f9d96f47	6a36acae71049db363a7bd1cb39c6683f965e672
commit	3e798fc1c84727afe4dd4976922ebe82ad669bae	b83f3d276331528314af64c1627d40d56c30acb5
commit	3eb1a15bf87665f87b307f70da5fc49ca9b5da3e	b8b26a0c0125364ab30a260c4ced38dbc7ce85a6
commit	3eb2e3a398ba517b09e716470de0bfd863da3d02	3eb2e3a398ba517b09e716470de0bfd863da3d02
commit	3f079631d10bfcef450ca10a63b09064a5bf89ef	3f079631d10bfcef450ca10a63b09064a5bf89ef
commit	3f0879557f538cc92a8573df6ce2ac76a4eceefb	3f0879557f538cc92a8573df6ce2ac76a4eceefb
commit	3f2a2ecf820a9e40a77ef7b6e98273d8168a26b7	3f2a2ecf820a9e40a77ef7b6e98273d8168a26b7
commit	3f31cafd853345cd334814bc8077d13f391eb75f	d6db006828c13a6555f4a55cf844aa74f1f575a9
commit	3f3ea1a0aefbb3c865e448d9d691941d1dca72ae	3f3ea1a0aefbb3c865e448d9d691941d1dca72ae
commit	3f3f3cbf612a103accf592e572920e8ee0de02fe	3f3f3cbf612a103accf592e572920e8ee0de02fe
commit	3f496cf8b1616aa0cc141be822ee630dc23567a6	3f496cf8b1616aa0cc141be822ee630dc23567a6
commit	3f4dcd32e8265661273f4d8b4bde89abfe37876e	774860375bdc5ec5a2cc86fbad48ce4073879c81
commit	3f5fc77bc75ac889384a944fe1782b8a6fd2879b	275786b31ec2c28ab6468af15c6a25ce2edd8525
commit	3f7f956d6e815050c0b583fe1df5e5ac14b65ad7	3f7f956d6e815050c0b583fe1df5e5ac14b65ad7
commit	3f847f9286650d935b6b898e48b079907a49c5ed	3f847f9286650d935b6b898e48b079907a49c5ed
commit	3fb7425292a9a64bc5b19a186797369d651367bb	3213e469a7757c8c1845d5c6b7b539b6de4b1255
commit	3fc5231b8f677e5cd33b94e960ec697ca4cfa326	417d1fea3dab23531af9af4ac1193f171a8407b8
commit	3ffe703df3e0ed05338b70f4f5391f73e367f335	3ffe703df3e0ed05338b70f4f5391f73e367f335
commit	4015d33c954c2500bc4c1376bebb21719d5c40db	4015d33c954c2500bc4c1376bebb21719d5c40db
commit	4018b6aed42a4b458c01692c287ab0fbe54d3cad	4018b6aed42a4b458c01692c287ab0fbe54d3cad
commit	404554f49f4d159939803f68a9a4c6641a0a5ba7	404554f49f4d159939803f68a9a4c6641a0a5ba7
commit	406747f17adc705b54294de949be761450cafc9b	933be3c0cfd80103cacfe6391d9e1e0796b48ff8
commit	40981cf97fb57a7ddf5baa14eceb6e1ec45bc0c1	40981cf97fb57a7ddf5baa14eceb6e1ec45bc0c1
commit	409cb8841eb1a038627355104ffb96f95e296c27	409cb8841eb1a038627355104ffb96f95e296c27
commit	40b57c22bfc1491450e9e83bd001a6d362867321	40b57c22bfc1491450e9e83bd001a6d362867321
commit	40f95a7d891ab4f59129da7bddb3cdfbbbb73eef	a2e9053950965708a4a0b70d5159b22a6097e467
commit	4101f51c27178d64f07b64b59a6576ac67c9a6d1	5bd1636e55d831b7d82ca23dca924c9735ed9cc7
commit	410ac1f1876ad0a9694dd92089d7adfa453b4aaf	410ac1f1876ad0a9694dd92089d7adfa453b4aaf
commit	410bf806fcae91bea76a6dca9b2543b280f4e728	2cd29c7550717378f8cb000b8ab4c0593dcbcf04
commit	41289f8ae13ae29d41fbd5c147c1ca19d5b0524a	73dc7539a3fdfb3d7d9aa4f7665710de0d2dcb15
commit	412f050f58608972b9bd4dae3762b180e291f699	412f050f58608972b9bd4dae3762b180e291f699
commit	414171f34b04517640f12603bfe69d2537938744	414171f34b04517640f12603bfe69d2537938744
commit	414248c39a3e3232d89b80c4d6285622e13da797	40e3f4bf5fc6e7ca117073083e311613fe606cc9
commit	414bf940127d7551fcc0b8d78e04a795a02d06a5	414bf940127d7551fcc0b8d78e04a795a02d06a5
commit	415ee2dbee149e90ee2513ba6eb2d66d5107d694	8e13c91241d473f6031763bbe2281434f2a538fd
commit	41668c4aeb6a412dbac71a43e3f0c02d6c33824d	79195b15f137f485794394f9239f630bbe22808b
commit	417e7739ddf9708b3b104de7f21fb1bda0b78f08	417e7739ddf9708b3b104de7f21fb1bda0b78f08
commit	418edf3b206be444ab632852319fded1593e88f7	3b0c6a996bbae0ce7280c6675cf63ec8756decf4
commit	419c3a204499fd117cd6feb31d079a6ce6740f5c	efc0a108b57f80abd19663cef04f9f187733097c
commit	41a9d01c29346503d3b35c08d1bf08150c5b8991	69bcad8fbe5f939955e4550f265d27e574cbbb86
commit	41b4fb458d9f5727415bdc73d7298a169a1df4c2	41b4fb458d9f5727415bdc73d7298a169a1df4c2
commit	41cc425e2e2dae86c35be491e336298bb207ca10	43790454763c192a2c1bba0cbec6e88f1548d116
commit	41fce3ffb824b99c2b968bcad3a39b81cfc9192f	41fce3ffb824b99c2b968bcad3a39b81cfc9192f
commit	4220e3136455cc272fc86a034431521d88754001	85606de5175a537e4d5b6b07cac83ff2804260b2
commit	42428c603cb138a95dabfe3d39584ddc6427d25d	c3c5186e2a5d1ca4861f0cedf665d8bf34e59467
commit	42521e79005465b3664b3554feb52253c6732495	42521e79005465b3664b3554feb52253c6732495
commit	426e50f57061b25b66d294e2b4a5b9d049b9acf8	bfc334e4d4506cb2bed4cb22ba0973b9b10387c5
commit	4275ac9a113bb7895c7eab9aa1941901d5113a9b	e899348fc9788d850a3ab13ed8b43370cfbafcb3
commit	42de401c15322ba8f64b07af33f9ec6e3e2c44aa	5d7eef30cc78dc1648172a5459ce026ecec3b3fa
commit	433b80792dede87dfb131e105b61a5def1abf0dd	433b80792dede87dfb131e105b61a5def1abf0dd
commit	4359f229b784457f91ef7733bb2e9e243aad8354	4359f229b784457f91ef7733bb2e9e243aad8354
commit	435acc0d10689e765bdc0151780ad5aabd1f925a	0a983edc9afcb6b1b961a77aa1a4801cf61d479a
commit	4399e7000ebc74a3ad28370add4931d07c3c9cf0	4399e7000ebc74a3ad28370add4931d07c3c9cf0
commit	43b13fe198d873c3e564838cbd9b54abc5e3e87d	43b13fe198d873c3e564838cbd9b54abc5e3e87d
commit	43d8b641ddf40698e590d17ecd48fcefa9e538dc	43d8b641ddf40698e590d17ecd48fcefa9e538dc
commit	43fc4ba4f142f6ef1242905901a534a960b1f780	43fc4ba4f142f6ef1242905901a534a960b1f780
commit	441fbf0ed0f3a9c8658caf6f99a16e42665d2259	441fbf0ed0f3a9c8658caf6f99a16e42665d2259
commit	44284e2f3c8eee74d027ce767f1e1dbb58c54334	92059c2024cf5bd7d7836f89da1dded49a8f7b63
commit	442a951b90af7d93b79646a7c01cdaa441bcb565	442a951b90af7d93b79646a7c01cdaa441bcb565
commit	4435010464ae01b1158bda65f4ed8e6cbd290b8c	cb389b9669f80251ea999f7f9e12fe5811273f03
commit	445369e3ea0b8aaccf9783850f45e4de2c4bf73d	445369e3ea0b8aaccf9783850f45e4de2c4bf73d
commit	446f5705549641a450fc7327bd4a6ad7cbcd3b6e	446f5705549641a450fc7327bd4a6ad7cbcd3b6e
commit	44927f213b325ca8eecb801434795e43a0a166f8	c7d565368de002bdeaa5bc1ec50b8141fddf047a
commit	44bec16d7987a5fdc7b23258cfac9bcf0f9c40b5	44bec16d7987a5fdc7b23258cfac9bcf0f9c40b5
commit	44c2eaf132c5d14f942ec7fc153360940922bb5c	44c2eaf132c5d14f942ec7fc153360940922bb5c
commit	44c6902b695ae284dc21afa3825c8ead7007fc5a	6454dbe44826c6a1b5e266530fcbbf855e3597cb
commit	44d641f150b98c732269fe4e4afbb9ed844d7d8f	a5b92ff5f1b5be66f5fc72579026ab3c5f59bc83
commit	44d82fa51916794619a6993b0721d03d2f423ca5	44d82fa51916794619a6993b0721d03d2f423ca5
commit	44db00e5fd274b4a1f7fa89413ed4f3b9c0628ff	44db00e5fd274b4a1f7fa89413ed4f3b9c0628ff
commit	44f16da9a831f5d546c81b9c45c6a2d5c26197ac	8e3b2c5d7d4006c26c975f6c74bafeb909744971
commit	458456fe695eb83729399f60e153ef274986c917	8e9a1a8afbc27a7db73d2e790888deeeb059121d
commit	45863522be3589c2a070a2e0be6506b0ee4e9dba	45863522be3589c2a070a2e0be6506b0ee4e9dba
commit	4597c2b83c229f8278007326ae442b49307a8843	4597c2b83c229f8278007326ae442b49307a8843
commit	45cb5ad7807ab5323bce0a6679191191400d9b65	45cb5ad7807ab5323bce0a6679191191400d9b65
commit	45d34036f599c47b0eaee5c52cbbde5942122bd9	45d34036f599c47b0eaee5c52cbbde5942122bd9
commit	45d4f71385ee2ca82aa84a2e09f67b76df5e6929	1bc7900cb5357ac149e64069a14f1ea58f4a7d8d
commit	45e5d03f8cb9622b7a5127aa628e723a035f2e82	45e5d03f8cb9622b7a5127aa628e723a035f2e82
commit	460091d6175c5e2c9ee79d7ee77be4d43d0207e5	460091d6175c5e2c9ee79d7ee77be4d43d0207e5
commit	4603c27b62f7529cab2615aea1805cf32ea360d8	d81aeae5394c2ac3f47f57b0952dc086207130ea
commit	46833aa85b743f4d92c086a70a90ec71965cd6b4	6a00a49297da928d0f1e5e0d356e497a86abb6a2
commit	4693f45d9915f20d11ecbfcb10899dfafdf56323	4693f45d9915f20d11ecbfcb10899dfafdf56323
commit	46a45c64e424b9bdc958fb1716201fc3b02f6f11	46a45c64e424b9bdc958fb1716201fc3b02f6f11
commit	46a8408ecee4cedbaa445d90addc211fb4a3531e	46a8408ecee4cedbaa445d90addc211fb4a3531e
commit	46cb96f7c02fef15b0408eed7a03136ec52e81a5	46cb96f7c02fef15b0408eed7a03136ec52e81a5
commit	46d5085bce65aa851cca32479ecd54a746502bcd	7fa0c95ce67f9afa46356f550599df1458791e95
commit	46ed447923360c78526cafe1110a179334228ebb	e7c7c7524208826bb8d2bbb2f85cc34f38a44e7b
commit	4706fc1f005e5f0daeef43eca642101e8e54c745	4706fc1f005e5f0daeef43eca642101e8e54c745
commit	4744c31d7a5fd264af1fcbf6fb8c35556ef43994	dc8feddce6a3bc21f3cea220c34398016a8dac30
commit	4751aa57fcca0ca4914627864afbc18561cbfbd1	953e0eb9592863e7b0c9413c4657ada6503e34a2
commit	475ea589cbd8a8969e30156cc06453a1f8b08450	313f46b3eb421bb3b38a5d2c666bc8399121bd3e
commit	476cd6f37a6e735cbb2b42afb1ed61bceda75adc	26e642b365a4be1d2a57399ca8a91c791a1e8184
commit	4772dba0769c84da7866500c6097bdd33c3e0f0b	4772dba0769c84da7866500c6097bdd33c3e0f0b
commit	47c755c06692cf9f0a9ae7b5b08afe679555ab09	47c755c06692cf9f0a9ae7b5b08afe679555ab09
commit	47ce4ec4480b5c32ea54bdfd334046986187c6cf	2d862084d432e523f6a04ef992319feb51f89e39
commit	47d02adfaffb61539320bb7855df37b1b669bd00	47d02adfaffb61539320bb7855df37b1b669bd00
commit	47ee16f7ebcc66e4cad14884c7c30f7d45420da3	10566f348e1c61b979fd54ef4d8307c8cf7ff947
commit	47f7e7d6b11f791d8620370b523d5b2569b49079	47f7e7d6b11f791d8620370b523d5b2569b49079
commit	4803df208bce2ab376b28b4d97b9dc41dc0519d9	d48d913001891bb8ff240a58ef95eea522b60f4d
commit	485b9f826f8c7a6726e867fe7d0e1e4e49a19e29	5b03f9c7fbf291642a2b6500075354fa1aa06a39
commit	48885a6db3258b02b4f58e1fcdee190d2ab58311	48885a6db3258b02b4f58e1fcdee190d2ab58311
commit	48aa797f368343bff5e5090262e66bbe7678d13e	48aa797f368343bff5e5090262e66bbe7678d13e
commit	48aae60bea3630bf20ab8c30de87859b23bf71d9	48aae60bea3630bf20ab8c30de87859b23bf71d9
commit	48ca9b2f85f724786729087a189573356aa70f0b	91bab0477785e764650b4cdb4768d99a4ba2779f
commit	48cd3c1cd76f67e1e1908322a944467607b32411	48cd3c1cd76f67e1e1908322a944467607b32411
commit	48d4c464dc74224296eea2d6de6ba304189ad8e8	709b48c7fb3cb041c18bf0fcab2709f28ee9da41
commit	48e7679fb64ff38068df3492d19e591720258c16	de2fdd7e5b467d200732c0252a57a953ab263479
commit	4902ad38cddc8e5891034fdb00d274a2752fc05c	4902ad38cddc8e5891034fdb00d274a2752fc05c
commit	491a2467f7f2516a91966a7742a2b80f20036899	491a2467f7f2516a91966a7742a2b80f20036899
commit	49269ab867cfdec60ebc907d20cf8e6fea4fd1bd	49269ab867cfdec60ebc907d20cf8e6fea4fd1bd
commit	492d7fa01adc3b82f443dcb19232f11e7289de18	a218e7949363efc4b93b40aa3636d7f6fb3ba111
commit	495e885e426fcbde7c49377af63a6d21536e0618	2f441ea21873401643f16819f1ce886b189a361e
commit	49a1c7bfb2bc26565cfa504fff1b34ada93ed0e6	49a1c7bfb2bc26565cfa504fff1b34ada93ed0e6
commit	49affbab7cff9c46a50ea5528f04f6435378c731	49affbab7cff9c46a50ea5528f04f6435378c731
commit	49bfc7513aa141bad63ece0d28a110d03b5572a6	de9cc2ea6903dad5a32a605f0030a5f44508423d
commit	49c1f1f904dc99c2f504129928f9da229386e584	b6fa5e5f641c7e9f256761c9002581ecf7704707
commit	4a0f2fc7240df88453e5159d466aa8193c374821	6a951eb488c8ee111a2974a593ebdab7fc93d36d
commit	4a534316afbcc3a905984276c8cdd41fedafed39	4a534316afbcc3a905984276c8cdd41fedafed39
commit	4a8bba54116bb3691dbf95870e69347e6ee0601f	4a8bba54116bb3691dbf95870e69347e6ee0601f
commit	4abe7b2675503e8ab3baf83d0072d481b4257c00	4abe7b2675503e8ab3baf83d0072d481b4257c00
commit	4ac20ca5d0d49c2a0bf70619a198939536aab318	c8936fbd2ff554f6040eabc3baa34eebe91af8e9
commit	4aca531f56244a04c9133d6b9ed90567f6488019	42b7175df3bc7946b0fc2fac107c18f6607a4e5d
commit	4ae58fda47f022ae6cd247f9cd6132483e5fa6b7	86e923319db8f262b81842ea7b8763e65522d178
commit	4b05377e163e6f5f424426ba4ea6b0449a69b367	4b05377e163e6f5f424426ba4ea6b0449a69b367
commit	4b0a720e833ee6136720c5bc16a7b4a1b3277062	4b0a720e833ee6136720c5bc16a7b4a1b3277062
commit	4b0fac8ef81c8090b56d0c1feef7e7f6d84d948b	4b0fac8ef81c8090b56d0c1feef7e7f6d84d948b
commit	4b1b52a0890e73518309495807255e91ac783f83	4b1b52a0890e73518309495807255e91ac783f83
commit	4b317a1d768d2f562668152b16866ed412a723f3	4b317a1d768d2f562668152b16866ed412a723f3
commit	4b95a72effbdd5f5397ddd773e5c5ff3d7c8e5e8	e4abeadeeb3310285575682728eeac31151d7da5
commit	4bb1a83d7412383dc98aff1d7768ae5fe8d5d9fa	a21876196d1b19ac57a05fd2075f2af44376fc04
commit	4bb734699eb6092aef8d240ac8d5aebe88a76792	4bb734699eb6092aef8d240ac8d5aebe88a76792
commit	4bb80ece51a4bd3670d971fc11523f50ee434d60	4bb80ece51a4bd3670d971fc11523f50ee434d60
commit	4bd28754c299253870b9c35083fbbefd5e2f3445	ff05dabb27f2d591115f9bd800e074ef479b982c
commit	4c154668f21caa690e764340850be4d54530bc2c	6befb39ba578917e3fb5ccfdbf10416d93c584e6
commit	4c212bf894b2e85f2f0f3c8002aa91f35b31e117	f85eaabaea5de10a386be620e17b5453aebf63ec
commit	4c33f2d87cdb41c5130ed4b88542178f1115630c	4c33f2d87cdb41c5130ed4b88542178f1115630c
commit	4c37f86e6f01e530cd1233ccf97072acece9f3ba	4c37f86e6f01e530cd1233ccf97072acece9f3ba
commit	4c3d65f90b6f3abfa035b09f2e58c873338986b1	7fe17ca27338348dc7c8c541cfd73e0b08b432f2
commit	4c45aae8b142b9035675ce974370b6a2194de64d	880528e6af6e0dc58bc624d449189467148a269b
commit	4c5ed48cbf3e5a404fdd0652be22edacc728cf40	8bf7ef6e7fd777628c26943ec38946b847a1316f
commit	4cb26f3d43eab1ec358485de3fbd7d345cd936dd	4cb26f3d43eab1ec358485de3fbd7d345cd936dd
commit	4cbc6ab717549e9ba721b7446fb6b96322bd99f6	4cbc6ab717549e9ba721b7446fb6b96322bd99f6
commit	4d179a4fc3a33831afd6750ba53bf1fb319ad4ee	75b9ff77582ad432367cf4f3043be623c9ca44ed
commit	4d3833b05ed5f16a0f32943cd8bf5107b54e4794	eca47f35cb51d3eeeb91754d1d1addb8eff19f3c
commit	4d60289ea6f03e5bc09c3de8ddbdf4842df2eefa	6f906a063d39e6cf8123c58a091cd2bbe50a761d
commit	4d635904d301ca31fb197826de20ea3fa9bc78cb	1da10b37801b58a01f23a73d595a9690e9cbe3fc
commit	4dddc55a05edced1636665154c5aec464fc0499c	4dddc55a05edced1636665154c5aec464fc0499c
commit	4de91ff5ad3caddb8806a71f91063a84e0e79a13	4de91ff5ad3caddb8806a71f91063a84e0e79a13
commit	4e0345220117ec2bcf6cc5c047dbcba80af271f8	4e0345220117ec2bcf6cc5c047dbcba80af271f8
commit	4e1e4d61dcac7fc76c99315c438660e72b4b1cd5	4e1e4d61dcac7fc76c99315c438660e72b4b1cd5
commit	4e2b7f5afe0abddae2bc15b668d9c4d9344a8c41	4e2b7f5afe0abddae2bc15b668d9c4d9344a8c41
commit	4e8c1d185d355f5445940b153e01fdc31d2330b8	4411e96cbe9340bd95cd114f229c9dbbc84cb697
commit	4eb27712a69e3e289a30e0264c739d23fa7dc640	4eb27712a69e3e289a30e0264c739d23fa7dc640
commit	4ebe6510f8de0e75fd2742684f40b544b836b7d5	4ebe6510f8de0e75fd2742684f40b544b836b7d5
commit	4ecd5e1d312d25af92db2d9e030d7bfa1810130a	4ecd5e1d312d25af92db2d9e030d7bfa1810130a
commit	4ed6bf4a033ade257e5fb63123a8817db1baf91f	c7967d8a6a7f8be538a09123c8784b5a8f9e85c9
commit	4eebab5c2cb328b47b6b3399d639510f8c042144	d2593e7a8da171c33412a767e166762245311e77
commit	4eecaaba0c7432a3b43cf5febeeba940b397670a	4eecaaba0c7432a3b43cf5febeeba940b397670a
commit	4ef5f6454edbe3b538c89e66c5688158bc19832e	4ef5f6454edbe3b538c89e66c5688158bc19832e
commit	4efcf90498ad3e27fd65d212ba439b5e1413d01a	7397999f91ac8a2022b45c8dda9edb1632e1396d
commit	4f03501f65f4f9687bee1480d4bdc5d9e354d58a	4f03501f65f4f9687bee1480d4bdc5d9e354d58a
commit	4f79b8d0093a0209ed0de5b9e8dd0d1c5a82b61d	441e50f73b94e628a547276aa8ef5cc04fbf876b
commit	4f860ad3a8bc6e35bf66e34f05426329236ac361	4f860ad3a8bc6e35bf66e34f05426329236ac361
commit	4fac9600161aad38255c199f70eb3f4b92a2f6f4	4fac9600161aad38255c199f70eb3f4b92a2f6f4
commit	4fe391378f4e34a0798247bd22fa9ecc9168457e	f0b1121a64f6f96bf3d298d1c9952171dc2f5fcb
commit	4fe3b60995777cf828b43082ed97522ee455061e	4fe3b60995777cf828b43082ed97522ee455061e
commit	5006884e3848e613d492158bbffad53ad2b21be2	5006884e3848e613d492158bbffad53ad2b21be2
commit	5033ef5aee15967f9910b658e6419891d8904e40	5033ef5aee15967f9910b658e6419891d8904e40
commit	50438e01b1fba17ee90a9c8244675fbf6b604f33	50438e01b1fba17ee90a9c8244675fbf6b604f33
commit	508ef62d7111f9ce8770bb2f212cf3060a38cab1	f9293467e81e2f1e232daa37c31c9ebf3edbcc2a
commit	509a95f31095655b6105fcb6ace4378cfa9d6ba2	509a95f31095655b6105fcb6ace4378cfa9d6ba2
commit	50aa9a2e73f368314a384436bb83856576e6da59	9592cc8c44822abca06b033b4e604e28aa54ea62
commit	50cb77ad33165968ffc50ac39072b9c81955ff6d	1bc9d0497159754fb175e9ff094269e633c6a6c5
commit	50cc51edb8ef4c7211c6a9eaf3f86fda1502a1aa	50cc51edb8ef4c7211c6a9eaf3f86fda1502a1aa
commit	50dc8af1a8dc52937a44d5a7a1b9d455a5f4a28e	50dc8af1a8dc52937a44d5a7a1b9d455a5f4a28e
commit	50e499c5c2dd40e325040037187ff818e5eafd3e	aa646b7d99ac5a2de9cebc3cdb3bf4e094ffeed5
commit	511290352e37d9ab933700a9f0014725ded92f1d	511290352e37d9ab933700a9f0014725ded92f1d
commit	513e54dcae78c4f3d6b6f9035b994e900192484e	513e54dcae78c4f3d6b6f9035b994e900192484e
commit	515fb743e8b276e4d4959b51c6be7a3512738a01	515fb743e8b276e4d4959b51c6be7a3512738a01
commit	517a8b312b5a12100c7926776c5045e17e938708	454fd87b596b6a1ce11bb91db1aee55e524b8467
commit	518e6f4dd60efd3a2ba556b210ac729d4238a27a	518e6f4dd60efd3a2ba556b210ac729d4238a27a
commit	519c99ad858c13385559c5c926d416b0365ac8ac	a3ea20cc42d21bafbd24e851a386f1e61e6930e4
commit	51a210f674ad5cedeec4f715893c6e6e2168af5b	51a210f674ad5cedeec4f715893c6e6e2168af5b
commit	51c0c4ce7de34244e59c6be8f12cecc0e2611e59	4cdfc2a975695499d556e27eab0ffc78b429c348
commit	523b569d2e86f5137dd39f750f49091a9aebc810	f0265f5969d4659a352d0b450ef932d6c56293cd
commit	524ad5a266d426389c13720983d5bdc394e2890b	dc8026ae63da4fc49afdde079220f759700aa4ac
commit	524d4dde5085cd2170eafaf6cb716b81e944608e	b6fa06e952e2e11b45b325223464942090f04b57
commit	525b1cdda05ccd44d2118ff93d545421afbafbcb	525b1cdda05ccd44d2118ff93d545421afbafbcb
commit	528018f8a4d29f5289dcbb4cb49237dbb4a3375f	528018f8a4d29f5289dcbb4cb49237dbb4a3375f
commit	52b63bcd2e17bfa48716eee06282ba61112b35d5	52b63bcd2e17bfa48716eee06282ba61112b35d5
commit	52c4027844c5e94834727ea0d220b511a5a4f60a	52c4027844c5e94834727ea0d220b511a5a4f60a
commit	530cbbdf495a872af4dedc6b7fab584bc24a5270	530cbbdf495a872af4dedc6b7fab584bc24a5270
commit	539ac243b56f2bf6f6cb281a6769dd8ec2ebad32	539ac243b56f2bf6f6cb281a6769dd8ec2ebad32
commit	53a9c40250e53e1e8c1f591235bdd12dd39b0a6e	53a9c40250e53e1e8c1f591235bdd12dd39b0a6e
commit	53bdeebecbde4ae015ff3afcbbbfcf8ff6ef5fe2	53bdeebecbde4ae015ff3afcbbbfcf8ff6ef5fe2
commit	540422879d7826213b447d3b75e3e4a8afcf1b4b	42c3ae06452d8c73cc2e4ebe80b6aa49254c3197
commit	541efe61b1a7a91192b9cc261ab87527b12074f5	541efe61b1a7a91192b9cc261ab87527b12074f5
commit	542a8dfb5302f5e4f8d2220f567c87ef3d79366a	542a8dfb5302f5e4f8d2220f567c87ef3d79366a
commit	5433407b5c7f74b0dc23ffddd8161df34702083b	6682d421cfdceda37fa93a922bd20ea9c6695466
commit	5435b136efb50ecc800de645cb0ca5b6cb860f48	5435b136efb50ecc800de645cb0ca5b6cb860f48
commit	54403a960fbcac804c5d3a93e8440580b12a5168	54403a960fbcac804c5d3a93e8440580b12a5168
commit	544249c7bb66ddc3e0a694ba19a40c8c7638998a	16c2c64fe866e3c8374833e67593cea6143fc52a
commit	546e16bb6ddab137b01341a058121d9d3d5b4a9b	546e16bb6ddab137b01341a058121d9d3d5b4a9b
commit	54805c86f18834380fc4261f24e65359212fc7cf	54805c86f18834380fc4261f24e65359212fc7cf
commit	54ca915f5f2f506c92603ca9267aac2c57ee7c1a	54ca915f5f2f506c92603ca9267aac2c57ee7c1a
commit	54e97d6a38a24c8ab6b75942426f54760d4d2ace	54e97d6a38a24c8ab6b75942426f54760d4d2ace
commit	54efacf6748946a30a3bc56a6162fa9f96ef883d	e9b96fb2ade07a099fea125c4c8a4d9bc076dbe1
commit	553269e947beeeb0c7aaeb94215e11aaa3501857	553269e947beeeb0c7aaeb94215e11aaa3501857
commit	5541203f4611ecc9a25a1929b86ba8f8db917c8f	5541203f4611ecc9a25a1929b86ba8f8db917c8f
commit	55495b432936dab4c49c7e206d65f22087724d1e	55495b432936dab4c49c7e206d65f22087724d1e
commit	557a096b86801979690e0e6ae430a57177cd5e9e	f92e426ee07997b62782da39781a289f77de525b
commit	55869d15c57d4ab40e455003faab768dbbe9907c	f921e6401f03ba2df989350e89d52ee119e7875a
commit	558ba513c34e626cde99b87aeab1f0f43950f2c1	558ba513c34e626cde99b87aeab1f0f43950f2c1
commit	5594653301f5bc1dcd90a3d1041c724f96654279	5594653301f5bc1dcd90a3d1041c724f96654279
commit	55aaab2305d2445d3c709cbbe744480bd8126c7d	55aaab2305d2445d3c709cbbe744480bd8126c7d
commit	55cc34677c791176064fda2cbc5c31b3625377d9	1c797324a686fca076adfbdf11b69af2d612cac2
commit	55f4928a7d80d9bcd28644e8dd429d483515acc6	55f4928a7d80d9bcd28644e8dd429d483515acc6
commit	562587481c1a566777adf338b805553913cb1298	562587481c1a566777adf338b805553913cb1298
commit	56281255d3d5e191b385d4f6cd09277c79ee31a8	7814dbae0734bd09379fc81e205cff3334bdeb51
commit	562be97db32cf216163fdbebb40245a959822ee7	ee04a23dd5ffd8deb5fa7d320fbfa9826bd9b6ff
commit	56690d2b4e8178c7d2426da950ed63bc8628ec88	56690d2b4e8178c7d2426da950ed63bc8628ec88
commit	568bd6fe7d182c141d67f49f5daf264c6f115ca6	d44c7821244a8c1df37401b22d187c5aaafe9d05
commit	568d649689a0dc2a111fb9282b4551e830ada90f	568d649689a0dc2a111fb9282b4551e830ada90f
commit	56930384255febf0b17aa4f4f3553200dbe19447	56930384255febf0b17aa4f4f3553200dbe19447
commit	56a0a970fdf995ee499b885a4a9d7b4b21236636	6a8fac3fb8bbcd6db41ad333c00012d0cf305e04
commit	56a11f7c25ba1e875546f05b39978c0877b3c815	56a11f7c25ba1e875546f05b39978c0877b3c815
commit	56ca52d4b66fd83538d41f3f17698c2c3cf2fe31	56ca52d4b66fd83538d41f3f17698c2c3cf2fe31
commit	56e2b463473509c7ac1706cadefaa0f2bfb76bdb	76c15e30b25acfd667a88e8274a2604645fd880b
commit	56e4da263e90b754652e1919f167d266fbd8c8a1	ddcfd208b3d8b45c35892201a78c411f497ca7bd
commit	56f83e81250a6ec212d1d2b1a2c1b94d05197dfc	56f83e81250a6ec212d1d2b1a2c1b94d05197dfc
commit	5705c53816803f74696cbb159befdeb27bf88afd	562b42e2e9060811684e489383b4d2252bcf351d
commit	5714da128edf457cca0781ea9c4c27c00480ee84	bd40671ca899d1a6d66a6eef815a7399c4814b44
commit	5726f49db22333d82c5c8ff1c2de02ae7526f898	8b1b92c9a631c79af706f8a709c43aaea2e10e8c
commit	5771f1924f1ee87509959437aba0a6e2ef379888	13a4bb20102b0b70b94c0c9edff9bb957c1ce48b
commit	57b14f96ef736104194a5bb659237207a4a74a93	57b14f96ef736104194a5bb659237207a4a74a93
commit	57d6e07ac876e528d0e9b30c3a20e385a8900ff2	57d6e07ac876e528d0e9b30c3a20e385a8900ff2
commit	57d73f015880f0d828921ca5c0e52dfe7ad011e2	dbaaf254a04bef13e526f447f672101db216c12f
commit	57e7de723cdcb7be7b70966c3053014b71a68e02	3840ecfb74445741e6a3769992597561d6dcb709
commit	57ec51b0b722799ae9762bb7678e4d593c0765f8	e9ef9b541ad50772bebc27d89afe569856e2f7a5
commit	57f627fc708ec8d8dbe08ef241f86ec1734c73aa	57f627fc708ec8d8dbe08ef241f86ec1734c73aa
commit	5807d14d2909150786970f7ca3ff3e38e633db92	3441e604e78712d3961886b356be5eb7d440e86c
commit	580e7db0b0823838f0fa32b59de75f1ca5082550	026b157c9e2e0fb6d59e0114a0873870b1dd18b0
commit	58252792877f1e5dbd89401b25b49fcb74b8925b	58252792877f1e5dbd89401b25b49fcb74b8925b
commit	5840490332c09437c15851d5ffcc6b6522abbf02	5840490332c09437c15851d5ffcc6b6522abbf02
commit	58487878e788de6cfc425cdad585e92e3b6517d9	57485ef67679118ca541cb19046727206b069ab8
commit	586d5bd205851a9a054af950980d4e45f334281d	586d5bd205851a9a054af950980d4e45f334281d
commit	589dbb69147686b2a42547481721d68ac1878b41	589dbb69147686b2a42547481721d68ac1878b41
commit	58a1e3bb34c419dc45ad4605ee354bd5c75b8109	58a1e3bb34c419dc45ad4605ee354bd5c75b8109
commit	58b358b5dabd20fe0bd02efdd33c4e33e9f5c4db	64265a2bbf90fa1ee7ff3ad7809a92c60e27f90c
commit	58cfcbe7ac44dff29f845eaa324b14b115feda26	58cfcbe7ac44dff29f845eaa324b14b115feda26
commit	58dbe383306fc6571a55c83882ea3a02b6c3a720	58dbe383306fc6571a55c83882ea3a02b6c3a720
commit	58eba8273c2528ea2f2f2f687f36e459cc5f8504	58eba8273c2528ea2f2f2f687f36e459cc5f8504
commit	58efb58c30a0762fc737097a178905eba0122798	58efb58c30a0762fc737097a178905eba0122798
commit	58f3f43c731a8636a235cfca5e14f17a0aa421f4	dd3c9e116d10dba8790ff72efe2c4b7d2be3975e
commit	592e01be81e0d1fc512d7f391945c496241e8b5f	592e01be81e0d1fc512d7f391945c496241e8b5f
commit	594c0721d8a1effc38262919800ab2a92396caf2	594c0721d8a1effc38262919800ab2a92396caf2
commit	59581f03c85fb3c75f62fd1c542e86b9d7bfd8a0	59581f03c85fb3c75f62fd1c542e86b9d7bfd8a0
commit	598122eba4cc4edb3c049b0573735016f931f03f	f16d3e73d6a6a53a4b8d0372e31ee01fcdf96fe1
commit	59864e0f2e72369d42591943241e21481cacdc00	59864e0f2e72369d42591943241e21481cacdc00
commit	59d070abf0bb71b17f3dd6604c20ccd3a73be828	1406e2950b66c0451ba9df983913c0849c89920b
commit	59d12b4e7f580450298bdc52bd94c70f50d0155a	016bcf58a9452606b491a02bdf1062e15d20d49f
commit	59ffe3d3f7de611d047db7a475ba2bd7502b948c	c642b4acf6416f01ec295ad52336616caac33c3b
commit	5a011dd8b0b04dbd36803a21ad5eae4a78ab0a55	5a011dd8b0b04dbd36803a21ad5eae4a78ab0a55
commit	5a0c01f41097207105fafad5735c6ad9f3e81b7b	519749585ef2e0d4abf9e42ff50b43a7b2126f59
commit	5a154b58ba797e13a7b630d80029a26ae3fe1ea7	5a154b58ba797e13a7b630d80029a26ae3fe1ea7
commit	5a3ce6dfdf5e777ba866765873d36f3993a95fb2	375338dfff4fc5092c1551bb0d9088cbbc49a789
commit	5a5be19b4352699f3a19d44b88e358879e197816	5a5be19b4352699f3a19d44b88e358879e197816
commit	5a6c314de1865673b85d3cfa5159c986563d530b	ec4a691651960f00762e4b34dd477d0a9a505096
commit	5a96203ecac16e68d7cad6e8879d8a1cc2efb68c	5a96203ecac16e68d7cad6e8879d8a1cc2efb68c
commit	5a986aeaf49331775582f34cf5f414bb89a2bb18	5a986aeaf49331775582f34cf5f414bb89a2bb18
commit	5aed4cb15bb852cc115d33cbbbd190062eeb241d	5aed4cb15bb852cc115d33cbbbd190062eeb241d
commit	5af299f6e953e515209a514496560bf42dbe65d4	892621205dd89ddf2c6b669342f51c464ac85b64
commit	5b30ae05eb85075f5b3ffb0c7b21a670df03be45	5b30ae05eb85075f5b3ffb0c7b21a670df03be45
commit	5b3baf998296bde71805978e3987f597e61392d2	28b72f7a8f5e82a1607c477533c7d69a770a9668
commit	5b512a02efe685716cfbc11f4f969352f5138ebf	27e27198efc13ed40cb3fefb75106828217a3afb
commit	5b7a5aa129b4c759a3a157d9253f46f3551bf22a	5b7a5aa129b4c759a3a157d9253f46f3551bf22a
commit	5bc70feaab0f855cbbd75bb3e798afa101cf94f8	b8d068e9c488fa7499e1f182666878ceef1b3791
commit	5becded4f57dc3260541baa165912f3a570874be	2d955b363653b2727d2ff75896f21d8d0f623024
commit	5bf394c690670c1ffbea50a9b345de9b9fdc9cdb	5bf394c690670c1ffbea50a9b345de9b9fdc9cdb
commit	5c0ef17e45709092eeb7e9320ecfba4c8e764247	5c0ef17e45709092eeb7e9320ecfba4c8e764247
commit	5c385ecd7ba9db017be9e84dffbb26b208d590ac	5c385ecd7ba9db017be9e84dffbb26b208d590ac
commit	5c4ef03054b4460db29bbce3c267ee4ab4e8dee0	67f92816fe8df80e2b4c2d20a92e84d8e1f25d5c
commit	5c6c4b0ca8c2c87402301b209b529f689815e5e3	6c93e5bfe85a556650ab8d0b848cff90add2f23c
commit	5c8523b2709d57f8c50086825a9854d8fb81ee26	5c8523b2709d57f8c50086825a9854d8fb81ee26
commit	5c8c6fa1173b5ca305f093c4d74e69d04c926e30	5c8c6fa1173b5ca305f093c4d74e69d04c926e30
commit	5c9c1d95314b460c2f0dbca3632bf7ca64cbd863	499cea4a4c08b78c6ad80ee4069d7ae93c54bf9f
commit	5cd4082cc8b00c36a705687dc4964abea421a2ff	5cd4082cc8b00c36a705687dc4964abea421a2ff
commit	5cf0a883cdd5da90dcc4a95e79db75e7290303d6	638bc08a4006e518ae99434218943b396f979040
commit	5cf99c5d2ad7a6588f7a3d7296efa9f1d5d3dd55	b4a8c5d7659ef117c905ade1afa40b19deb24dbc
commit	5d142fcee0aded4feafe9a817139b2ffe327f293	fc6817afcb958f50b329262b9832f3abe6c3255c
commit	5d21a703b54002d9b6480e688facdb0c40654417	afa8b3589c052555cec0463c47abc904a2200f7a
commit	5d82bdefb9a2cb75583bec08083fca6b0f35736b	5d82bdefb9a2cb75583bec08083fca6b0f35736b
commit	5d8b7b3aed41cd297fdfe9bfd880fde76cf102c4	5d8b7b3aed41cd297fdfe9bfd880fde76cf102c4
commit	5dc31f66845b689badd798eef324bacda4602cca	5dc31f66845b689badd798eef324bacda4602cca
commit	5e01898e86f4184125906eeb14268a7a3ada3976	5e01898e86f4184125906eeb14268a7a3ada3976
commit	5e14975f7a49ee1e895d5044bb1a40c4ddcfe96c	9aa3a8690ed10c981ee91765af97a01a6bd0d5ca
commit	5e2454fa50efaf6ba1352ed89f59353ee8181906	86b8a4f0b1b1a02097bd4064dd673099105a1555
commit	5e6daa25dd649a9c5b226eeeb4de375e694e5a15	5e6daa25dd649a9c5b226eeeb4de375e694e5a15
commit	5eb8870f5f4cae15ab8f64addeab8fd9e1e93645	55a1693b322ab0599a63c17815e14a059aa993a3
commit	5ef0ce90803d11d8a0d7c83c916ae1a70840bf1d	5ef0ce90803d11d8a0d7c83c916ae1a70840bf1d
commit	5f1044428978b6742bebe6d9964d495682d7894c	1031713a2c6877a155ae49c2a4e7c6f17f665bdd
commit	5f23614fe7de935991175240102319ea474d5186	648eab5846c683b0ab8a908794a17bba0cd4f15d
commit	5f26c7ca61b22884048a28d7e41176232e33bd06	5f26c7ca61b22884048a28d7e41176232e33bd06
commit	5f4d1d63c3894c3cf398cfbbab91dc85d09cc648	5f4d1d63c3894c3cf398cfbbab91dc85d09cc648
commit	5f4ea754a10e12faeb5dd6e9ace33f4b1029a35c	5f4ea754a10e12faeb5dd6e9ace33f4b1029a35c
commit	5f74fa94d429caccdbc3ea686adf8b8d1c5d27f8	5f74fa94d429caccdbc3ea686adf8b8d1c5d27f8
commit	5f793bfb4148d5b85dc87431b3ac62f5e5093b21	5f793bfb4148d5b85dc87431b3ac62f5e5093b21
commit	5f9da6a182cc54f24aff00d72288d6a396362a9d	5f9da6a182cc54f24aff00d72288d6a396362a9d
commit	5fb2cc522c92bd61d4d0e051e161372231405c08	5fb2cc522c92bd61d4d0e051e161372231405c08
commit	5fcb8542a6279c85f426f7ef456486f34b3d83a2	5fcb8542a6279c85f426f7ef456486f34b3d83a2
commit	5fdeac509bdbe7eae0a56ef4e09d310410dc579a	efd7453fc938b45a510a97e589991ab5d8ac0c19
commit	5febd8248bf0dd08d753d460ba95921485634457	5febd8248bf0dd08d753d460ba95921485634457
commit	5ff59b7dad8967660ce4d2c98067e9f14534a4a0	5ff59b7dad8967660ce4d2c98067e9f14534a4a0
commit	600973c8ffa3ca529b1cf31f71b418eeb69f5b6b	7f6d470d6ed7ea0eb49cfd0efe343c21f3a6153c
commit	600f6ac86fdf10218d10c2eabc120f29eab222da	b443474a4849141df0ee5057e1fc4465d4ccbeb6
commit	601665077fa0f731e23d0837fa5d912ea38f1465	4737fd80828541b171a4a5089b03078d15fd2273
commit	608b2b7fdae2b4cc32134e72857afcc58a24c092	608b2b7fdae2b4cc32134e72857afcc58a24c092
commit	60c76538ee030a25f242ccc2f2a5917ba639f486	89cb86353df85cb2f310592b8dafde88ea52245a
commit	60f44b7f438d7716c5b83a6b609fa3f3ee72adb7	60f44b7f438d7716c5b83a6b609fa3f3ee72adb7
commit	60fd0a5cf82e1c2bb6a5bf1990ca9f5361f3229d	77230a18d0752108a2b229c1db50d5d8e3cf8093
commit	60fdbd409a8175f56141384f0a6a1785eb34c3e1	60fdbd409a8175f56141384f0a6a1785eb34c3e1
commit	610d7e764e2fee56e44100838a4cef899ef6f602	610d7e764e2fee56e44100838a4cef899ef6f602
commit	6116cecf11b0f35b543b7282450dfc222aa09146	a50a18fd096b900545ad83d0cb6b5d82becc22e0
commit	612850dd3e5f77a49d8d89724a0c66a81f5f5af1	612850dd3e5f77a49d8d89724a0c66a81f5f5af1
commit	6138748f142e230ee1e4f7e862a072af65c1cccd	6138748f142e230ee1e4f7e862a072af65c1cccd
commit	618e4fba36663d6776f40690aa9820672a9b6ab6	0b3ca3c351893df2fc012c33342c99757d7dceb5
commit	61aa518cab6d8c6c74701f738dc3ccd5ad8bf745	15b61dbc988b59ea6ea97b983cb0e37f260d40cf
commit	61b1b5764a1c27194e95da9d6a68569565d7baa2	61b1b5764a1c27194e95da9d6a68569565d7baa2
commit	61b54b4cf41c90271b3035ebb37faa6ff6fca262	b860c6e2c57018cbc368f12cfd54e2ecb31a094b
commit	61dd777a0e4a74e138503086310c6b34748dea23	61dd777a0e4a74e138503086310c6b34748dea23
commit	61df871bf04e3457822440a1cdf5a01cc7cf827c	61df871bf04e3457822440a1cdf5a01cc7cf827c
commit	620bdde17f7b999c7be2c581ffaed2f7edbd272c	620bdde17f7b999c7be2c581ffaed2f7edbd272c
commit	6234ec1b2dd892e18c611f2645456e87c3a1d26b	245955b0129128cbbd1c20273f066ad25bc4bac5
commit	623e5ac7723c0d7ae4ea5b72daa38f8596dca2d7	623e5ac7723c0d7ae4ea5b72daa38f8596dca2d7
commit	6244dcc0003b695d7d42b13a3959dc2e3efc0d4d	6244dcc0003b695d7d42b13a3959dc2e3efc0d4d
commit	62a6c042ad385c8d45506c4f58bdf586a83d3cb8	74b6f91e4b297b5200ddd07d81e696fc1953a900
commit	62fc181ce57004270afa68c1c26094bef572ea13	62fc181ce57004270afa68c1c26094bef572ea13
commit	6318d1827d2ceb61e8c948e8e1e11bc71668a153	6318d1827d2ceb61e8c948e8e1e11bc71668a153
commit	631f7ff00dbfbf3534933c3f61eb773f01a747a5	22c46ce0c8570255a4c5f88980f4d33b83e14136
commit	6333cd7b7a0526949689e0b393646b76d256ea82	6333cd7b7a0526949689e0b393646b76d256ea82
commit	633e5cf79625a93d1fd544d9e17454f73b90f26a	1d06adac2a21f85884f57f82380785c602013c9d
commit	636c92ea3a7764f70292cca95a5d25a4de71a516	e973471f8a84ffee4f007bd571ea621bfb891322
commit	63a7f42e3c5846570afd8dbc2e982a96da5bdf68	63a7f42e3c5846570afd8dbc2e982a96da5bdf68
commit	63b4587f9283c1ce85b8381635db4a326064a17e	63b4587f9283c1ce85b8381635db4a326064a17e
commit	63bc8ab81483da5bb81cf7dc32074c0306d3cddd	b4bed964785f946c7159f59d578c30a50447e6c5
commit	63eb700ce1d6d6127634ab67926183b7e5837d64	edf92b9f40ab035b944b4af992c0242cb007cd97
commit	63f9fd16d293a4bb3a783886de449cdf51dabcbb	1108987c3d432f2bc718934ce6fc49c09dacc1c7
commit	64101a900d4931a766e176f73395792c78d46243	64101a900d4931a766e176f73395792c78d46243
commit	642900c947063ed221577c99f129e14a9965084e	86842c8533d61048b06165a52bf93a32e1a6c8d4
commit	647fdd0b1a3679cc7ef21a879e501cc58470a1b7	025055457bd3ecc57700376266c78deda212dc59
commit	6492f60af44aa7f9944072f039a5dddf9ac631ad	6492f60af44aa7f9944072f039a5dddf9ac631ad
commit	64aef1f6e53d8c321ecfaba31a83aef00a7702e7	12c0d2cce41e621e83294a90ad844a515b3c00a3
commit	64b0f3f57d9555901a1beda8d3e0296cc1dc7b8a	d13c553ee5d1752cca931bfd8c8dfa7d91476185
commit	64cde863b389c9bcd0811cfdf38f9f2c517105e8	a2968b0ade6590a6f012eced4d0b6279f9bd32cb
commit	64df0668520aaff536507b5add8b4dc5d4fb6375	64df0668520aaff536507b5add8b4dc5d4fb6375
commit	64f3b5322440dd6a09380456c81b2fbce0fb4ac3	64f3b5322440dd6a09380456c81b2fbce0fb4ac3
commit	6531a60ee060063995d84bd13ea6cc1e223b8d28	6531a60ee060063995d84bd13ea6cc1e223b8d28
commit	659d9de10005b972cd452741a714e7b7c4203761	659d9de10005b972cd452741a714e7b7c4203761
commit	65d5c2dc213b6b22d7903028aa71fad939f025b1	970ce727e5642e8c25ea28a6518dadd1709d7cf0
commit	65d93e4b285d755e9134cafba2052994f730d41a	65d93e4b285d755e9134cafba2052994f730d41a
commit	662a6aaf527c5dbc75977d2644e2a895c4a7dc6f	662a6aaf527c5dbc75977d2644e2a895c4a7dc6f
commit	664d043168f3a58641947669882616f9fe886ccd	664d043168f3a58641947669882616f9fe886ccd
commit	665241148a92acba25fda8738e85e6b687a1a97c	665241148a92acba25fda8738e85e6b687a1a97c
commit	66ac710fcbd8ba20fb78361c07a115396bc34d2d	66ac710fcbd8ba20fb78361c07a115396bc34d2d
commit	66e54635fae355430047ee4836c25375bf0c303f	73cf8545ac15de6c54ec62572f31c1894230bb0b
commit	67109dd23f50034923112b6c9d0a51bafbf95a26	67109dd23f50034923112b6c9d0a51bafbf95a26
commit	672f285a50f4ff87404c8b6d62c6c8bda21d2560	672f285a50f4ff87404c8b6d62c6c8bda21d2560
commit	6734dcc710fa68d5526c9e06814bae0c7bc43262	8e0ca5474bb788f1009c2942af0ebe2989294ec1
commit	673e5910a4caa865c863f51829b47f3cf96e0675	673e5910a4caa865c863f51829b47f3cf96e0675
commit	6752516c507f8bd40da25643207f0563b5115887	8e73c03d1cd2514d5e0ded1b730d14c51fec39a9
commit	677caf4442183b0d35fb69b6590efdb588670f4c	17444145abd85dce7858fa1b0301d9af3595b8bf
commit	678f69b8ea28473030d1370dc3d268eb7dbc44f5	ff78a41fd61efd9bb46ce19dbb40f27ec59227c0
commit	679b4695ceb35b945a0be718fe714ca28d21ef2b	679b4695ceb35b945a0be718fe714ca28d21ef2b
commit	679f15905f29770660d3d6acd94df8475f9bddca	679f15905f29770660d3d6acd94df8475f9bddca
commit	67ab1d5f746aebe3a737498d7c299a7558769ceb	67ab1d5f746aebe3a737498d7c299a7558769ceb
commit	67adcb41edc16bd77eb767023d13055e4dd9e796	67adcb41edc16bd77eb767023d13055e4dd9e796
commit	67c579808760a703b104f4dbde51e2c755e0a11d	e232a0e2e55b020cdd3baaeaae662fb15f9c688c
commit	680f41faffda7cbea4feef6b5ee7165928ba9214	1bcd512d1c3047d485123c0cca6c17aa896379bc
commit	68106cc06974a4353f047a1627fe0d263e4dffe8	68106cc06974a4353f047a1627fe0d263e4dffe8
commit	684efc95363cb2a46e0a3ad40d71b78e3064ac9c	684efc95363cb2a46e0a3ad40d71b78e3064ac9c
commit	6893951fbdaa2944a4edbe85fb5379ff7e75d699	6893951fbdaa2944a4edbe85fb5379ff7e75d699
commit	68961d4d394c103f826a0767b7061c77e593bf7b	68961d4d394c103f826a0767b7061c77e593bf7b
commit	68b63de512df7d72356399d6589db343dc777fbf	68b63de512df7d72356399d6589db343dc777fbf
commit	68bde934cec45520bd4e1fe86801d3a4b6c73132	4275f3a1438a92f2a320a0423983b5ca292467bd
commit	68c82cd1560dadbbffb33cbf91319d88af13f316	eb60fa3f4b9a4ae45d63d606a30ad7eef2c9d211
commit	68cd3b6e207355da8007d27c410174b0a2af4eac	68cd3b6e207355da8007d27c410174b0a2af4eac
commit	68d6c1b2a8192fdb12d4746c0edc947f6811c4a2	68d6c1b2a8192fdb12d4746c0edc947f6811c4a2
commit	68ea5be0ae91740f22adc91f6485b9f43e98810b	68ea5be0ae91740f22adc91f6485b9f43e98810b
commit	68ec88fb2fa8c82682cc35b2ee4e980a2e2ebb69	f6a21212e10c3b2800408c49151ca2cd08140b31
commit	68f502d8e8d531326ae218305c9c4b4ae3d477fd	68f502d8e8d531326ae218305c9c4b4ae3d477fd
commit	6903b63b7ef5f9e88c792c95d5a8529c0fd33675	de5f29a03fa6d49b92277ffee88421c7b0200d3a
commit	6913a54e5d5001c00c1242aa5fd76c8df32b74f6	6913a54e5d5001c00c1242aa5fd76c8df32b74f6
commit	69565d1e4bf712a77a18facfd1038e30168e6924	69565d1e4bf712a77a18facfd1038e30168e6924
commit	6970dbd11cd694bfd4316c68207295006804679c	6970dbd11cd694bfd4316c68207295006804679c
commit	6973df565f3043cf6e2e8ff97b28212122dd11ff	6973df565f3043cf6e2e8ff97b28212122dd11ff
commit	69a4f736ad3136fd80f87aa7f81c02235b050052	583101575220b12fcd22e91ccd884ffdcc05c28f
commit	69b1a62450c6255bee2713fd7c2c7dfca58f7b67	d196b203166c01e1d403d333655dcf764d7c8498
commit	69d71944991a70dc32259dea937b42adc33d9f2f	69d71944991a70dc32259dea937b42adc33d9f2f
commit	69e4b3a2e5003925abb0bfa51bebcc268df789c0	69e4b3a2e5003925abb0bfa51bebcc268df789c0
commit	6a136ba1238de4ae91b35a1ab207f5989e0e06b5	6a136ba1238de4ae91b35a1ab207f5989e0e06b5
commit	6a193304c30a67af27dd73d8161d3e735fd70dbc	6a193304c30a67af27dd73d8161d3e735fd70dbc
commit	6a29594ce56f13b30328ed5416f66ea694de743c	6a29594ce56f13b30328ed5416f66ea694de743c
commit	6a5d9e0cbd9c476bf90a971fb076c9e312f5be60	debac65519cc6d4a4635dd8af317dd0120a8e44c
commit	6a7b822422c020820b0f218d056120b36daa10a4	e565521f6af7b30c3bbf15bfe845bf86b94fba11
commit	6a9317e9a28b25fa988ed961b10e473afb1044e0	2bbb3065c682b547fbde05963d3aadc2af291709
commit	6a9355d9e39899678de90058312a3b85e15bb791	6a9355d9e39899678de90058312a3b85e15bb791
commit	6aafab64fbe7245b4525cba93213d3eb412de0ec	6aafab64fbe7245b4525cba93213d3eb412de0ec
commit	6abdca920117c35c001b22e90fdf10c04644a3fa	b1a89005ee7f663babf86fe0c320d4925a0dd198
commit	6b34002386d2ac58eb8a2e5cda3849eaf8e9608f	9edee9a335fffd6c114771db4ad72682d2cbe342
commit	6b38065b1ac8f2fa158a9fc64ee5c7ee0a89dab2	d196c3daf196ce15a2bf11096b2dcd9154aea00f
commit	6b7cbbdd45b1aba811489136787994bf5d4008db	cdbc76ab887de39b52d601095c21dfe03a32e27c
commit	6bcf047c8e9a7bf36b6174f868e96130e1e48383	32da70c343aaa0d964d22401f90fed2095839ae0
commit	6c099f902582078e484cce297a43dcf4cd1f4bf0	84ec9f023a2ca40b5eceb83dfae912977af1e826
commit	6c1f0146e37f3cb6233a15ec3748c98af7afd0fc	6c1f0146e37f3cb6233a15ec3748c98af7afd0fc
commit	6c2c3bff4196790dce99d1d1ecb4f1b4312f15ad	6c2c3bff4196790dce99d1d1ecb4f1b4312f15ad
commit	6c36a09899082bbbc457f42991b33b33309217c0	6c36a09899082bbbc457f42991b33b33309217c0
commit	6c3be0f4892a7eb123f265865e92971ba180a689	6c3be0f4892a7eb123f265865e92971ba180a689
commit	6c5e0084714a4266049a1bef69d5266021125f87	6c5e0084714a4266049a1bef69d5266021125f87
commit	6c60e8fc2cb1bfa704f13317c5240c4510818cdc	6c60e8fc2cb1bfa704f13317c5240c4510818cdc
commit	6c751801f9bb6bf14c42250f69ff17bda2ed1485	eb166ec894073095bd8e3e35e9529a16fefba28f
commit	6c995855896f60b55e315555f824b15a898881bf	6c995855896f60b55e315555f824b15a898881bf
commit	6cb63dd440ac62ee18c93102446eb9f458a58055	998c0cae3fdc3ebcb034702bcb671e1c65b3d735
commit	6cbf50abd4d5c09bf2bc77f599b205af8057d5aa	6cbf50abd4d5c09bf2bc77f599b205af8057d5aa
commit	6d146fc10dddbfb8d040f3c33144c8991c3750a8	99ee9cf9be6e494fd4394b49fff77100cb3d5b7c
commit	6d24f6cf3b982d2257123d437aa0523ffa54ab7f	6d24f6cf3b982d2257123d437aa0523ffa54ab7f
commit	6d2b563352988414b9f1edbef8a2412b22c4bced	6d2b563352988414b9f1edbef8a2412b22c4bced
commit	6d3af423786fb1f8cabd19d35ee18fda68fd67ba	6d3af423786fb1f8cabd19d35ee18fda68fd67ba
commit	6d82fe6ae47e25028065504e018738c3e6b4881a	f9857b824763d8586b985116032db0b67c8f8231
commit	6da43ce69b05d8242bcde45a679162da4d84e58c	6da43ce69b05d8242bcde45a679162da4d84e58c
commit	6db6d2b6dd07bde9af4ba1822c27120845a17a77	6db6d2b6dd07bde9af4ba1822c27120845a17a77
commit	6dcabcc4054a5125fe9b7ff4f22e19c3ad50a0aa	6dcabcc4054a5125fe9b7ff4f22e19c3ad50a0aa
commit	6dd16630d96f4c76f826dfbb94ff271a08f1b864	889df0c39258df27b5350d43bc09ae29246f8f5d
commit	6dffaad433e828780ab020034dba9c00eeafb8ac	6dffaad433e828780ab020034dba9c00eeafb8ac
commit	6e01a0bb6cd4fae711bd003c22ac52f696a18827	6e01a0bb6cd4fae711bd003c22ac52f696a18827
commit	6e0cbf5ae813499c2c6cc193518db41f096cc4e5	6e0cbf5ae813499c2c6cc193518db41f096cc4e5
commit	6e11a10d0340ab0a5ce15edb0295c391c39e4c01	6e4911b8f2978656c1265f52896cd562c7125db1
commit	6e19504977728a3143e243f46e937274d7af3968	6e19504977728a3143e243f46e937274d7af3968
commit	6e34909185ff84676f6a2904eb0ed015a3de5915	19a40fd94ec609bb3ba1db802aceb85c500e063f
commit	6e3bee9587d1cddc2fd6081797b69e4abf037484	968079742e1f912fa9c9830f4da54e29f9cec7dc
commit	6e3d50cdde752364e515b22ae641e007dbd378ca	ebc70f609f15cf1a157c8ee77fdba889dae907c9
commit	6e5792c9d19f7ee2c0d9e279ca1490c1c5030b5e	6e5792c9d19f7ee2c0d9e279ca1490c1c5030b5e
commit	6e8477093e8946b0b0160dc5169fb52bb4e2b449	6e8477093e8946b0b0160dc5169fb52bb4e2b449
commit	6e8cba16afdec09f0d6921893b2ffc4e5c3a37b4	6e8cba16afdec09f0d6921893b2ffc4e5c3a37b4
commit	6e98738bf654e48fd8d140d6f7b8dcf08732a018	6e98738bf654e48fd8d140d6f7b8dcf08732a018
commit	6e9f88def64237a040389d231057f45d414c3f41	f6c9489fbf746a8f79f93a8a8c259317f49da99d
commit	6eb9040db98564e273ddc3d7f7b89fcd2a67c15e	6eb9040db98564e273ddc3d7f7b89fcd2a67c15e
commit	6edac162e7d3969b46c5843405d8071869f5b3d5	b57cb23d24336b3bde4809b1a79b94cc39d6936f
commit	6ef9847ecb230014d8626053394ed1d9f2c091e9	2fcb9eaab7b27a6477d86d9902b035f83bbdd637
commit	6efae3e50fcd1d8d25c737b820851bf8ff386a6c	6efae3e50fcd1d8d25c737b820851bf8ff386a6c
commit	6f7a0ea4d56f7f1c22159b59299ad66fc99c7f64	6f7a0ea4d56f7f1c22159b59299ad66fc99c7f64
commit	6faa48016cfd4157a47d795df48bcffe560d1034	2271608d2c647529e9851c61c0f4ab192ea50e13
commit	6fab9c2866997b2583564a1f34a2a69d9efb6e69	6fab9c2866997b2583564a1f34a2a69d9efb6e69
commit	6fae2faf7500f60311fe2e623c1c49a3565e0477	6fae2faf7500f60311fe2e623c1c49a3565e0477
commit	6faf2fa78de0f0d8cda49bffea2afe2ad1ae25af	6faf2fa78de0f0d8cda49bffea2afe2ad1ae25af
commit	6fbc4cea8062f256417b6f68d285a5e3885bee41	6fbc4cea8062f256417b6f68d285a5e3885bee41
commit	6fc6cca4d74c51184e60b152cf176a88bc481101	b3f4b89af367aeadb39fc4f4aab5f74dde404c72
commit	6fc7f01e5cea96bb680d3c3d097c7a51e08cd0b7	7e6db86a38062050e8615d720a54e49048837683
commit	6ffb0dd9276f8ca299bdd33eaf93724cd6cbedd8	2dc836a938ca5716a8ee58d32c3f58935d0094d9
commit	702bea6fec0a4d709d358a80abb548da55a6b2b4	702bea6fec0a4d709d358a80abb548da55a6b2b4
commit	703d4d2466dcc5c821aef171c206fa61f5fd3e48	703d4d2466dcc5c821aef171c206fa61f5fd3e48
commit	70428de7119006c13da09bed788ccd7364bd8d4c	70428de7119006c13da09bed788ccd7364bd8d4c
commit	7061ad71f11ff7565e6781b08ccc34478850eed8	7061ad71f11ff7565e6781b08ccc34478850eed8
commit	706512900269f453cfd9e0da2f3befd6ea85420b	706512900269f453cfd9e0da2f3befd6ea85420b
commit	708f18b9f4332c6012577cdd4115803080386402	708f18b9f4332c6012577cdd4115803080386402
commit	7097d744e03800ca98d3e62820c788803d31db72	9beef5154a9e960a7db60ec816c572b957395d0a
commit	70b54650ecbe6414e1ca9b5f6b67ad10cf60728d	9f4ff32bf93441ed217140d6752e96dd7ddab342
commit	70c46a3d6f1ff904ca4d908fb7e073a2f2fd0f74	71945d656f34d8ec967335240e3e40aedc7e3277
commit	70c80c202d68e4923f8598fd0e246598ed428dda	7e6db86a38062050e8615d720a54e49048837683
commit	70ce3c84e2e6bb159d75a3b4e1df11ebdc0e1104	70ce3c84e2e6bb159d75a3b4e1df11ebdc0e1104
commit	70cf5a3bd19c042c71332f950dda61e14ecc3290	fa660b2adfbe989a9846cc6caeb8dd08b744bda6
commit	70d450a3f6fea4fbdb8d5689d97d7ebf0a74dade	70d450a3f6fea4fbdb8d5689d97d7ebf0a74dade
commit	70ebc23e248d548cebbc102d7c57593416e914d6	681efee4f48f66cbf05bf059c9b0f5e8ab889a72
commit	710affdb958493030a319c935df43e71c1d9fca2	710affdb958493030a319c935df43e71c1d9fca2
commit	71496e016abb2ba28e5510c1eb4165c32870cc2a	71496e016abb2ba28e5510c1eb4165c32870cc2a
commit	7179c5c2bc7012415e519119b92359c81cd51e41	550d97f7196d4685956a7e84cd7864ba00a59159
commit	717e9b7ffff43c13bc2facf4d3e0980533346cfb	717e9b7ffff43c13bc2facf4d3e0980533346cfb
commit	71a6fb4a0ce044ec990d03648a9820e19bb22161	71a6fb4a0ce044ec990d03648a9820e19bb22161
commit	71aab31dd8b1be3cb16d516cea873b43c78d7359	71aab31dd8b1be3cb16d516cea873b43c78d7359
commit	71d05636f357338bfdc6019c75664b00267bafab	3d1b53061545e5301f1b816963528b6f622383a2
commit	71ed252defacb6ed72841d984020e66f835e3cb5	71ed252defacb6ed72841d984020e66f835e3cb5
commit	72069b547a4e2cec4ba38445f266e42a9378d9b1	fb99e4990ea7aa0d4a02499639aa5da58ad06c44
commit	721ff54ac89e5c33a8a37a06ee18adf7eb1443b9	b2c4a70097dbfb9aa6d44ed80c5e00981faabfa0
commit	724322456281bcdd658412cae68608a8b78d2bf5	724322456281bcdd658412cae68608a8b78d2bf5
commit	7263c50fbdb4c5806edec218900807bbaf4bfcf7	b9b05849e52d4337cf7c127d386e82bf1f21bd36
commit	726a20505d75951148e094b36acf97d4e6d30caa	726a20505d75951148e094b36acf97d4e6d30caa
commit	7291274b8be9f646a89ac5fa5ecb0209b5417e68	7291274b8be9f646a89ac5fa5ecb0209b5417e68
commit	7329c783b8b89f72ec0e4facc3ff42d93aad9f31	7329c783b8b89f72ec0e4facc3ff42d93aad9f31
commit	733a96f97291ccc8ad680eece57ee270044b9200	733a96f97291ccc8ad680eece57ee270044b9200
commit	73cb74c035374a30efdc94b708a9fd8a52b937f5	fe5dbf3082cfc9db6f20956c9a5bea8352bf05e2
commit	73ee9cad689ac89878bf474a9a314a5ba0ce394e	73ee9cad689ac89878bf474a9a314a5ba0ce394e
commit	74304d9931dc9c13288bce86f21f24c1828537a9	74304d9931dc9c13288bce86f21f24c1828537a9
commit	74544736c338bddd5e8c7c134ea03d1e3207c7a8	74544736c338bddd5e8c7c134ea03d1e3207c7a8
commit	745c4f019294eca8a927f451474622c03189a6b9	745c4f019294eca8a927f451474622c03189a6b9
commit	7462e06dbe9b58306a0cc96bed04c7a8047af20d	7462e06dbe9b58306a0cc96bed04c7a8047af20d
commit	7484cc68ac9b38769d4f63f48ecd3061af5065b7	7484cc68ac9b38769d4f63f48ecd3061af5065b7
commit	74884b739e9a0e6e22a95d36a1fc2f5c29930ccc	74884b739e9a0e6e22a95d36a1fc2f5c29930ccc
commit	748b562a87ba70dad04bd43e1f6681c1686b0690	748b562a87ba70dad04bd43e1f6681c1686b0690
commit	7490a1cf3ea7f8c70ef79e4fe2164e683132219d	7490a1cf3ea7f8c70ef79e4fe2164e683132219d
commit	74be77893a48d95686dd497e9f2527e34c7b2828	74be77893a48d95686dd497e9f2527e34c7b2828
commit	74d732b08456261f1a85752891c8909000ee7d37	74d732b08456261f1a85752891c8909000ee7d37
commit	74fe545994bed31d72aea46c2bbe0f8aeefe6178	34cb616ae4ed44ba87a8094ffa31e6f3a5c00f32
commit	7514c2963cc7d0fe970f49b71e845a50ff842a3d	25164cb060a18a8f528aa94d484db943e743a53e
commit	7515c946f4c945a2618e12881e0bcd1dd36e90aa	7515c946f4c945a2618e12881e0bcd1dd36e90aa
commit	7516061bff1bf3ff65299957453a9d74f3b1ef7a	7516061bff1bf3ff65299957453a9d74f3b1ef7a
commit	752a742e47a61e37430b5787b1be9590c9c40565	752a742e47a61e37430b5787b1be9590c9c40565
commit	753d2708aa3dd6066baa416937fd4b57c316ce0e	753d2708aa3dd6066baa416937fd4b57c316ce0e
commit	755aa15dbbcad489f0e22bd0b9ce317959645d6a	4e04b5d1e1665424b17887511abedcc0518c0d41
commit	7574a684af22ea90509693e1fc7d890fc6e61160	7018851f89a97439a55dc7f789f53590a37f48b1
commit	759b3ca2784a829913eb8ddb1f95c3919f91078d	759b3ca2784a829913eb8ddb1f95c3919f91078d
commit	75bac01ccca139f195ba763e2ac5687ac58b0cb1	cf9079aa9f8c9f7412ab1030043bdb7ffa9810c8
commit	76361e477e1251cca61d29e6326d42544fc95a86	534da14dd99c647b26880a15c2882349d2b80708
commit	7665ac4c1af5b371c98004e7293f0c1e9e148e72	7665ac4c1af5b371c98004e7293f0c1e9e148e72
commit	76791035a0a127adc547db5eff3aea1facddac06	652f760d97377f6e3747d3f9db6e12bcbed99277
commit	7685f4bf4d8ef2b641aa4a14febdd0f166f73ab2	7685f4bf4d8ef2b641aa4a14febdd0f166f73ab2
commit	769566bacc65ab0b19c414278be150d9755927cc	769566bacc65ab0b19c414278be150d9755927cc
commit	76d94e7834661105bf7dcf9fa9dbf9a876db8726	2f5637be583fefe4ef3b402f5801676e4c82dbf3
commit	76f772a9e81b951823a0beec15ed3ea2fd56c461	9d658f1ea069263e23c5cf97ce0e7a877722814c
commit	7703331bc7134c8a79948e618a05069363b49c00	39e827216a242590463e756d398397bcb65a7d96
commit	771d6bf545ad315645d4c1b9b3a0af577f33c20f	c2622ba6f7047e2f40d91be010c63448828752e4
commit	773e90fcf4088aaf5acb30619d6c8ddc830afce5	773e90fcf4088aaf5acb30619d6c8ddc830afce5
commit	77452e393498dd7fd41f19c50f59492a1c2fcaca	77452e393498dd7fd41f19c50f59492a1c2fcaca
commit	7747ba120b71620b66e72088b13864c893b4e764	c6c78b38b9a3d4b2f271e499b8e6afd7e2cc4037
commit	774a213bd2c681ac74c5734d76e21fb443c9c3bc	cd20bd3a12174adbd87f27ade27d0f2204a7421f
commit	77520e7478d2a5a100bc6d73bd39e5b6045bbdc8	77520e7478d2a5a100bc6d73bd39e5b6045bbdc8
commit	7759bdc1eece50f2fa9ec7dedf8789984f6bb12c	7759bdc1eece50f2fa9ec7dedf8789984f6bb12c
commit	778478b0819ce6184d7d6a9480780a5bb0481821	778478b0819ce6184d7d6a9480780a5bb0481821
commit	7797bff1fbe58359c472c345007d8fb134126331	5112270ebe3e2a947b94bc926c7d75a7c60b3adb
commit	77a8ffcbac21c1b571a21ff6cbceebc00d32849c	57a674ec63f3ee4b25c6fd51179155b9789293ba
commit	77c14620174f16f74ea9fdfd5459127b919b9575	77c14620174f16f74ea9fdfd5459127b919b9575
commit	77c3a4402805b79a55af4ad63141fa45d1430a4d	a901d1cfb808a73fcc270abe1ad7664cabd9d68c
commit	7859935b26ba68031fa2ea5af92f4bc63252a543	7859935b26ba68031fa2ea5af92f4bc63252a543
commit	78dc04e43a0a694e93eb97576ff4cd104913e04d	78dc04e43a0a694e93eb97576ff4cd104913e04d
commit	78ead02c49847673ed8d108216361307fa4220c1	c14fe22412fb17f9f26b9991c481c8c7c2047d2c
commit	79032cac1cbb04fc8e794a1d81c87e7051fe8e57	ae40df4810a2442b2bdaddc79f3f9e16c9871841
commit	790ea1f4b7ffc0e7fb6afe8133d51a8799a733d9	790ea1f4b7ffc0e7fb6afe8133d51a8799a733d9
commit	79155f702c48e2cc381aaea2b9381cc334d57108	4be70b5807dcede307c01f38dd38b9f70878c600
commit	79170125214b7dcec4c4a183981eff1525aa4554	79170125214b7dcec4c4a183981eff1525aa4554
commit	793bf48c24f123729d767cd2d316fb8f926b1b92	793bf48c24f123729d767cd2d316fb8f926b1b92
commit	794fa9144876ebc3211b7a37fb8c8f7dfa5693a6	794fa9144876ebc3211b7a37fb8c8f7dfa5693a6
commit	79a7a3d53c727fec20bfe646b8f8b35f3060f977	79a7a3d53c727fec20bfe646b8f8b35f3060f977
commit	79ad46b5b15ab1b1cea6959fc15bda77ee233d55	b39932e6403e36748de7aa6972fdeabea4a6df2a
commit	79da415fc6e85412862ea2fe30abb86bc1516fa0	1a7dd4b8aff51928cbb2bc4d87daf3c6110de7f2
commit	7a1b587dc97d5c23e60337ab0da902d520c9b397	2d3fc97c2c45a858810588c628c04f25f9a32f46
commit	7a1d52fe69b2f0d71742545ec134dfb1f9c318a5	7a1d52fe69b2f0d71742545ec134dfb1f9c318a5
commit	7a20508e2cd3341f91e419ea17318d965f31264a	d3ebb6deb51bdcf8e7a51964624da5da87479d1a
commit	7a3665261c5e0e8d81a1d018ad9bd8aec206597c	4cfc19a3c3595cee63241408da131fb9c68986b9
commit	7a576f40a576107ff318dd66b9e4d68f1100f5ab	7a576f40a576107ff318dd66b9e4d68f1100f5ab
commit	7a7f71b0dfe3c5bf2cfad5b8984a5eb8f439afb0	7a7f71b0dfe3c5bf2cfad5b8984a5eb8f439afb0
commit	7a8df3cdc0020d0468bd38bbde6bb49ea54ef519	7a8df3cdc0020d0468bd38bbde6bb49ea54ef519
commit	7aa76872bdec980a81510e8f003c86a615923163	895f8f81a728e26bd0febf21809e0ea1b82c92f3
commit	7aac3e2658321638e63c40e35b4b0b536b94a046	7aac3e2658321638e63c40e35b4b0b536b94a046
commit	7abd9213d8eb1d19beca2edd7b0b21e770397762	7abd9213d8eb1d19beca2edd7b0b21e770397762
commit	7b00ddc1386cd4188187a9aad062fe375fb0c462	dd3c9e116d10dba8790ff72efe2c4b7d2be3975e
commit	7b050c7a178617e754bc2c0fdc1714fcc3d9748d	fd260dbc650bc922cba17358df069343dd08fbf1
commit	7b2271274ed9b8622e37d18639e1821d9a5165d8	9890dd67e1ce08b7497f86decc781fddcfca009f
commit	7b44aecb212473bec74dad7ccc2c8d41884796c0	7b44aecb212473bec74dad7ccc2c8d41884796c0
commit	7b51fda46b926b26d10db06678a40ad160e86005	7b51fda46b926b26d10db06678a40ad160e86005
commit	7b62e01df9c0181d7276aaff05a589713743bb46	c2b8cd4f1804e0239e015f6dd1b0903419ddb86f
commit	7ba1f03c13bc7cb190fb54cb873a915d20e9d486	7ba1f03c13bc7cb190fb54cb873a915d20e9d486
commit	7c1ac7def007d22ad95d0924b457e2c0a7cec289	7c1ac7def007d22ad95d0924b457e2c0a7cec289
commit	7c1c29cc51933dce25d81075e6c859dcc756cce8	7c1c29cc51933dce25d81075e6c859dcc756cce8
commit	7c46400d69ab89cc1fab702bcdffd398a2437c59	7c46400d69ab89cc1fab702bcdffd398a2437c59
commit	7c575ffa836dbd3dd523434125513312182c5cd7	7c575ffa836dbd3dd523434125513312182c5cd7
commit	7c6a6cc62451471e69ee3863c3e5cc391ec247ff	977d29d98f4f21177a2c98d04d88b7334676507d
commit	7ca1fc8bf389dbc8b3c8d2b589af19b4544bd303	7ca1fc8bf389dbc8b3c8d2b589af19b4544bd303
commit	7ca4a24cb28643b5a64990effdb388024de8da42	7ca4a24cb28643b5a64990effdb388024de8da42
commit	7cd86c4ce1cc710b2693470d4784fd52559b7035	7cd86c4ce1cc710b2693470d4784fd52559b7035
commit	7cff3eac2a706514455d94a37faac7d73cc5422a	7cff3eac2a706514455d94a37faac7d73cc5422a
commit	7d346cb1fc990fc99f8587c859ee028c7ef0181a	7d346cb1fc990fc99f8587c859ee028c7ef0181a
commit	7d600bdbff7c409a6c398284ea3acac327cf9ad2	7d600bdbff7c409a6c398284ea3acac327cf9ad2
commit	7d9bea22f3842fce1be5f0415b0197407001efda	3f698c4bbbc06136999716208533f59a6bc0d703
commit	7da8a46d17bc906afaf740b6479312c412142180	b6fdb4a1a53825cbbdca1c53a7f3a780109ac9ee
commit	7de65532c2842f4a1dbe94eaa27d00d7fba35d2b	85bb3ed021b25768c161a1af264b9acff57a0d2d
commit	7e14de9e2e7d3eec4604f62e0605afc28194bc35	7e14de9e2e7d3eec4604f62e0605afc28194bc35
commit	7e1a083e1497c4ff7d6d111b54655f95ad89998d	7e1a083e1497c4ff7d6d111b54655f95ad89998d
commit	7e502e05e3510369927fb4d0cff26aa2da6fffa2	7e502e05e3510369927fb4d0cff26aa2da6fffa2
commit	7e6d345495ad5b2bcac44214a76bff3d851ea559	7e6d345495ad5b2bcac44214a76bff3d851ea559
commit	7e8be322708007100b14874c9b25172957b564e8	7e8be322708007100b14874c9b25172957b564e8
commit	7ead082ff605cc0abad183a1e56d1a098f65ba3c	7ead082ff605cc0abad183a1e56d1a098f65ba3c
commit	7ed7d4c6a171800550a41c9d2361b5dd15b7d198	7ed7d4c6a171800550a41c9d2361b5dd15b7d198
commit	7efe9f3f2e293cae9bd62b273efe02032afb0417	7efe9f3f2e293cae9bd62b273efe02032afb0417
commit	7f12f8c4fce66fd1ad17115951d087dfd22eb66d	7f12f8c4fce66fd1ad17115951d087dfd22eb66d
commit	7f1b1d06a64dd0bf5a4596233987f4910f08b894	ffdcfa1c83b164b209a58f56d692ae603954791c
commit	7f1d42dc24e5881d32fdaeb7fc8cc2c40936b3e0	3bf063ee50532207a2a6781ecb71b9ce79462c25
commit	7f3f0d41639022d505c3b1f86533fe61c11537c5	7f3f0d41639022d505c3b1f86533fe61c11537c5
commit	7f4049c96717b5f67651ce952ec36a478e24d860	7f4049c96717b5f67651ce952ec36a478e24d860
commit	7f5669e646f16ac17906a448a48c0bdb6efce5c9	7f5669e646f16ac17906a448a48c0bdb6efce5c9
commit	7f5d65cc4f39ba962c804520c7e7f185b19a00ef	7f5d65cc4f39ba962c804520c7e7f185b19a00ef
commit	7fb5a57b18711a053a9607148907a7f9f76245fa	7fb5a57b18711a053a9607148907a7f9f76245fa
commit	7fc5af065799fd0767bf4bc739a466b48f662d63	7fc5af065799fd0767bf4bc739a466b48f662d63
commit	7fd11983b6384ea5cc3080d219ab132ccfbfa73c	7fd11983b6384ea5cc3080d219ab132ccfbfa73c
commit	80054266fa7c81bfc6734d4c7ddf7203975bbcfc	80054266fa7c81bfc6734d4c7ddf7203975bbcfc
commit	802a7c0d4ab97c101696813a152ae83deff59d76	1e3fa5b3775fc14d12b9b1077acc204d13a56b6c
commit	802bcfcfeebad133fcb4737f2cc7d2de914e8423	802bcfcfeebad133fcb4737f2cc7d2de914e8423
commit	8046074f9da1cfc3dcc3289fd241d77a37cc0fa0	8046074f9da1cfc3dcc3289fd241d77a37cc0fa0
commit	8055a8b6fa6d9c32efc62e395e846174742f3429	e6f6c9f228b167418238d4df81a193381f67a86d
commit	80a4026ab4e893db7dd61445a74eb61edf7589fd	80a4026ab4e893db7dd61445a74eb61edf7589fd
commit	80b6fcfbf0c5d5a9d2df0725db67ccf921b15f99	80b6fcfbf0c5d5a9d2df0725db67ccf921b15f99
commit	80c8a367bbfd10bb59bbefe3ee9ccc1245d6ff8b	80c8a367bbfd10bb59bbefe3ee9ccc1245d6ff8b
commit	80d8a5564e8d80b48e3ed88a6eaa6280e6f44904	80d8a5564e8d80b48e3ed88a6eaa6280e6f44904
commit	80e3507d34b11b1223221e72e36fb4144f5fc616	80e3507d34b11b1223221e72e36fb4144f5fc616
commit	80e380ee2e9d762264a5a0a774473c8b997029c0	82a039efd2ea5b424b5b3febb76192aa7ec32139
commit	81118962ecc8b816cd01be28c4b86f9118e69083	d389142303f1ae3e91d0af7e94fd014464c29af3
commit	815eb53ed979c7de043bee775a7b5126ee87ef3a	815eb53ed979c7de043bee775a7b5126ee87ef3a
commit	81634cbbced12d0746b03a06817bb89a1e663106	b9bc049592648e2b30741bbe2ccf983ac0b0952e
commit	8194969b6c6c174fd11094fbfeed00de53a0b253	8e4c5f6fa6ab8f3a2c6026a02e3df3f5a05e02de
commit	81a7ea942cf165e5bdb9d7e282a66572599f7472	81a7ea942cf165e5bdb9d7e282a66572599f7472
commit	81b131bd9af2905f034136ff84be2e2f52591e13	81b131bd9af2905f034136ff84be2e2f52591e13
commit	81f8571215349d9ab342f19c99561a2dd2f00abe	6e6cb8f19ab9f3712c3a22c1662830d8f5581e5c
commit	82008fba0dee899a8d3db5bee97d5be6dd3bf677	82008fba0dee899a8d3db5bee97d5be6dd3bf677
commit	820e793fd31bf59111112a40c15d158e541ba8ac	820e793fd31bf59111112a40c15d158e541ba8ac
commit	82121e2ce50c8aed923c8c83c057aaedd79c2924	93eaaeb714a47152340090c5b6f9ee6129071b7e
commit	821463963470315c8eec42da78783c54f8bdbd46	821463963470315c8eec42da78783c54f8bdbd46
commit	822cd1574845587463e497bb967e095d21e782ee	822cd1574845587463e497bb967e095d21e782ee
commit	82373d70a9ee276aa33227f18eda455cc573a56c	a444da7196bb2ed8d23d28e17dfacb56e078471e
commit	82d6af01ebc1348ebcc28e7fb8e5427d456ab113	e86e396082e7854cce5bc3d9c9900e14ce7317ac
commit	834dc8ad48c2505e814c76df88f690c50446bc9e	834dc8ad48c2505e814c76df88f690c50446bc9e
commit	83685cf0119922509cd2c06dc83c362e16232d93	d31c3eed187893ecdb9418f03d5cfb44594440fb
commit	8372b023de41d422290f8794f069d08c4bcd0d17	8372b023de41d422290f8794f069d08c4bcd0d17
commit	8394da1d54a559a3db27dec83d682fbb03ca15a0	8394da1d54a559a3db27dec83d682fbb03ca15a0
commit	83b30e6c20a9d63466dd0496c8496a63d761b220	0efb0bd97aa6cbfa8d3fa9fdee30250cde143407
commit	844ec61c6a5d205381904a1f3a9851f8b4e45615	844ec61c6a5d205381904a1f3a9851f8b4e45615
commit	846665d017f3e852c6634757e88e5bcb4cc3eb92	846665d017f3e852c6634757e88e5bcb4cc3eb92
commit	84abfc541e277865442fe50bcf9654e0074dec0b	61931912ebd5e07ca851d813c185e09571c284c9
commit	84b5b574fc1654fd0e8c50dcb98c74e857dbc0c5	1c4d84c70fc73dd626529bde04f3c5d3abfc2abb
commit	84c653703fb3732a0a7156503db46abba3eb76d9	84c653703fb3732a0a7156503db46abba3eb76d9
commit	84cb9b51797d451842a492788a89cf1c31213eb3	84cb9b51797d451842a492788a89cf1c31213eb3
commit	84d8810db0125a441bd976775e3fd1b1516d26be	cfda50377fb519408508b82286116ccb2c7c52f1
commit	84e6357db5a73805d210f9e7d0ae2e42fd8b8274	160ffc6f7c48432613e4d1a8f3e9c6024a209d7e
commit	8501f960a81b3775f001729abc035cb3f3ef60e6	cf3f79dc1db65f54010b569f647f0448cb1f38b9
commit	852de56473dbd28cd0aabdc303be3397312acc51	852de56473dbd28cd0aabdc303be3397312acc51
commit	853d9cfad5d17e5aa79d17894057f66c33493f0b	853d9cfad5d17e5aa79d17894057f66c33493f0b
commit	855925f2a7d46e15bc083eb03cc712bd8b37351f	855925f2a7d46e15bc083eb03cc712bd8b37351f
commit	85b15eac6e44d38a3432db943a0439494885b1a2	bd2e99e2c2573bbcec37bc7700f5ca1884917348
commit	85c5e504982e3a66fe798d1d659f7e985db4ed77	c9213d34b8335be7e54bf2ba11db13d629050239
commit	85ca04e2cdb4389204dc2670461d133e0b956fd3	85ca04e2cdb4389204dc2670461d133e0b956fd3
commit	85de21f8566b70cd16a1f783a5b5b4935f5803b4	6993eaca9f8db9c2e045b775ce668c82f7e2c823
commit	85e22f860f8782114dbda4a0a78fc4a00edfb569	85e22f860f8782114dbda4a0a78fc4a00edfb569
commit	85f580e29ed93e9b82164c5075b6cb719e73ab2a	85f580e29ed93e9b82164c5075b6cb719e73ab2a
commit	86269a15e86364a0a2d8496ab568915de70e68ce	602c15b53f641b20b9645a48dd1025d41670bd82
commit	8640345bcc415896dda3d807d40098a388c098a5	8640345bcc415896dda3d807d40098a388c098a5
commit	86793d525695bd3487c8d3788ae53087bb23af1e	f9c2ebf03226d107c50fed97989ed51e98ec8c4d
commit	867e33db08485d14066da5278e05f8cd8a243fa6	89862baefaeefa6d7528bf8b86e895de293cd7fe
commit	868e06e892c7b0ab8135b311163618ce501a0167	868e06e892c7b0ab8135b311163618ce501a0167
commit	8693ff22b36919a3efd532f618538cca5ba99916	66df2a0e4ef4f81fbcc8ca228d4863f4c23d1127
commit	86c030531a10e47994787abb77dac5fff1986428	9dc6c624c7a3909eda80de1c4eb545b6633b4210
commit	870fcdaaca906d2bc057b8f16f3a574698f8fac5	e2004700815f4d10f5e69aac1b0884b9c54383e3
commit	871159ba7060911405362d41a8ef344c3d0b2981	871159ba7060911405362d41a8ef344c3d0b2981
commit	8719e9dd5408d270f26bf0e7050f98efc227c182	a1ef7acb13239779523a9f16e1f457f5343504d5
commit	872b22fab08e71078648112025c1e4bd70d81016	692779d5479e2d711fb213506f5746323792aeed
commit	872f7d154eb190c90de6c2cfa37f7ad24da02030	a4e95f19b562b9a250e8181c4ef0ba30dd572b34
commit	8748f08e389abf5133d2b9fb48a2dd7186d9d8e6	8748f08e389abf5133d2b9fb48a2dd7186d9d8e6
commit	87a04ee2ae889013b5f5d4fe692717ddcde6eb06	87a04ee2ae889013b5f5d4fe692717ddcde6eb06
commit	87a5aa2fdc5a509b0d6ba636cbc2a4c8218412ae	87a5aa2fdc5a509b0d6ba636cbc2a4c8218412ae
commit	87b6d17612a4bbc0c99a058be5b9a35f2f4a60ff	87b6d17612a4bbc0c99a058be5b9a35f2f4a60ff
commit	87daa2ea635b6605971ba6fcc2fcf835c024bdc8	87daa2ea635b6605971ba6fcc2fcf835c024bdc8
commit	88025165810b593537d089b016d4310667ea741b	88025165810b593537d089b016d4310667ea741b
commit	88299d68715547fbc049d051d07b56643f461f05	88299d68715547fbc049d051d07b56643f461f05
commit	8830ff54894a31ebe6a96b1eb7bcd4e668432479	9436f0b4b6d12d410e7d68ea03ee09c93612a170
commit	8856bda13f916b22963e5248f6c811e8fcb8df16	b8f8b73ef421aa9b34a75c6a4e173b1b012fffe0
commit	887ec8a43dbf6d0d57461f8ad58e97eb295191c2	a4508472fccb75183afe97bfc2943054806946bd
commit	8890f1af4364018fca594afb15755b850cfcfbdd	cfae151aaf8f75365914abaac2f09854761fb565
commit	889eac14f9fa0c8d25491c01192a18b0f5dca42f	889eac14f9fa0c8d25491c01192a18b0f5dca42f
commit	889fe42ba2dc4b6e400c3b2a262a9bdda834792f	000b4f7165a400ee11c4c5f37e9766a359a064e5
commit	88acad2743ddaa93731ea2b49792759df0f1e3a0	9c3457316ced953d632d961a07e655fb7014155e
commit	88aee1dc790e54bc7ff9720cb0601cc357c8f953	1c9814b119c7332f1cfa6372ff42aabaee3c1430
commit	88b70d096f5bbe2dbe04bdc531e72fdb84ad1fee	da02689f066fe8a5cdee2d52f90314200894d886
commit	88dcff438d8f5438f604c7506c9bda696b6ea2b2	88dcff438d8f5438f604c7506c9bda696b6ea2b2
commit	88dd7f09b53d3f8b9743e6ad81a6f2130ab2c24f	88dd7f09b53d3f8b9743e6ad81a6f2130ab2c24f
commit	892efd222e4b4423c98bb188404d7c241f271547	892efd222e4b4423c98bb188404d7c241f271547
commit	8936af09bf116819e6a6635b2af9672171d9f68e	a0efd7b8f98590e6b3111806240e50c2b89090b5
commit	898107d7a63be966728223721d9b89b41f6b33b5	898107d7a63be966728223721d9b89b41f6b33b5
commit	89d3fa4d5b152246b23fa1a91f1fcbe701c3e853	89d3fa4d5b152246b23fa1a91f1fcbe701c3e853
commit	89e0078086483150ac21552b245662990324d590	4ba1f0690ef9dea22be5cc7330c4db866ba4d141
commit	89eb7d44a1b89d90126f0af2debcac2774f1e073	89eb7d44a1b89d90126f0af2debcac2774f1e073
commit	89fb0855037b53304674fb34e599f59006319097	89fb0855037b53304674fb34e599f59006319097
commit	8a08bedaa786a750f95bcfabc8c166191a9b6881	8a08bedaa786a750f95bcfabc8c166191a9b6881
commit	8a13199ddd9bdfa194cb75137b0bec55693a77b0	9d2b67b9466e037c8def23d5748f09e5dbac459f
commit	8a22c8b296f3a24b6e68b066476a7e384645b93e	70763b6b37c567d2a1e3c9eb94b54bed4395f090
commit	8a3628d5bdfd76a623e9ff992d48716900f15fa0	8a3628d5bdfd76a623e9ff992d48716900f15fa0
commit	8a4e9b277ddc694e081713fe3faff5ab3fe8765d	8a4e9b277ddc694e081713fe3faff5ab3fe8765d
commit	8a6bbddbdeeba5c68e960470dbef3005dfebf13e	8a6bbddbdeeba5c68e960470dbef3005dfebf13e
commit	8ab0613333fd36e60cb937c8332c79254d8bd958	8ab0613333fd36e60cb937c8332c79254d8bd958
commit	8ab8c9fa3edf8c14aef22b9462c213f838a67395	8ab8c9fa3edf8c14aef22b9462c213f838a67395
commit	8af555603566b7820eaa8bbc869ebb7777e94705	8af555603566b7820eaa8bbc869ebb7777e94705
commit	8b6fa16d18ffd45a16efc182f3a508cae56b16b3	8b6fa16d18ffd45a16efc182f3a508cae56b16b3
commit	8b948785eff792b12fcdaede39868e77e86d1241	8b948785eff792b12fcdaede39868e77e86d1241
commit	8bb836079f2f077a8592f2bcfc6affe6f5f1d9ec	5b41049f5ec95f3eaa8667edfcb83f8fb2276829
commit	8bcbb160e00b641607e9da7c0a7ce905b2bf1208	8bcbb160e00b641607e9da7c0a7ce905b2bf1208
commit	8c3546a634dfa6ee18e79bd4f862567cabacd913	8c3546a634dfa6ee18e79bd4f862567cabacd913
commit	8c46c4cf2c18955c86366bc42ba20fae2312cf2d	5857a78cd9f1fe3fa0c90098e61456d466c672f3
commit	8c53c96ff63aed9ca92774f3009d7a6ad9a77d72	8c53c96ff63aed9ca92774f3009d7a6ad9a77d72
commit	8cb1b730e5e53aeefb9f1fc77dc65d1568a14509	8cb1b730e5e53aeefb9f1fc77dc65d1568a14509
commit	8ce5e6043ec62efa43d37d6d9d2c15284a494d94	8ce5e6043ec62efa43d37d6d9d2c15284a494d94
commit	8cfcd204deac310822e59dfe68e6b6c955fdeb42	8cfcd204deac310822e59dfe68e6b6c955fdeb42
commit	8d4fd181ff4715e742b6a1769b920a063b76e9da	8d4fd181ff4715e742b6a1769b920a063b76e9da
commit	8d5fc6f5e119e24b64a7c345e0876e66adfe22df	638bc08a4006e518ae99434218943b396f979040
commit	8dd03e2b64808ce71af4d1e7a60ddd6bbcd67592	8dd03e2b64808ce71af4d1e7a60ddd6bbcd67592
commit	8de16efef111937d55edf34c835ec8f4ea6cda81	8de16efef111937d55edf34c835ec8f4ea6cda81
commit	8e4922c1e79fee1e56286bb6812a546ee8c37925	8e4922c1e79fee1e56286bb6812a546ee8c37925
commit	8e4c89e5b513655b9db279b0c777d909d428b79c	8e4c89e5b513655b9db279b0c777d909d428b79c
commit	8e5174ba557984c0c6fb059f316ef98b2ca84ce1	72bf5d37c1d134d11585550f69e7e52000444aa9
commit	8e58e33223b840e65e54c27f17ddb3a692aaef54	8e58e33223b840e65e54c27f17ddb3a692aaef54
commit	8e95189b67c1c3b5a8f84772e28ed66182f05ef7	8e95189b67c1c3b5a8f84772e28ed66182f05ef7
commit	8e983764f01ef84d90626910127feec047f32955	8e983764f01ef84d90626910127feec047f32955
commit	8eab91b0984751c9daedf0bdbc6c2a52b36e3ff2	8eab91b0984751c9daedf0bdbc6c2a52b36e3ff2
commit	8f48f045944ec01aedcf879e222fbc59a0f3163e	8f48f045944ec01aedcf879e222fbc59a0f3163e
commit	8f99a789fe9c20e71253a10310906d1994fb799f	8785a75f76a35afc935b44000d5796fc0836880f
commit	8fc2bb5673f888b6b8887488055f84d068dae5af	c926bdcef02ff7e17085d214f089bbe28476ccfa
commit	8fd05c95db98ecbd70ff3253f6bdae8a161cfc42	b67de11d988aca1ddae41efa39c0a9c983260cd1
commit	8fd5f152c1e7827f8fa6d3bd05f889554850fcb0	d9ec5abe60621fb67d6aec6d74f79deff50f0c81
commit	9016e9483e6b1e6cbc917a4cae18c08addb11cd6	05f7af2a6edf1c16a36d8f8e88e20d1871854b89
commit	9022672a64002547365c5560eac64d6059bd9697	9022672a64002547365c5560eac64d6059bd9697
commit	90332810a5b7aae9f6a28ac41410aac52aab032e	90332810a5b7aae9f6a28ac41410aac52aab032e
commit	9084ecad0be8cbd44a23567c972ad7a853ad8632	9084ecad0be8cbd44a23567c972ad7a853ad8632
commit	90b0ade396ce5e7ff6a500cdd8c43d71c8f136ce	90b0ade396ce5e7ff6a500cdd8c43d71c8f136ce
commit	90c177190eaf6c62652ab438fc47ffcd403c0ade	90c177190eaf6c62652ab438fc47ffcd403c0ade
commit	913b2daac12af303caf298ec813fc48a0a3f0524	913b2daac12af303caf298ec813fc48a0a3f0524
commit	915cd5e7d05ffaa6514863815396242b0cfb511a	79ca09dabf0a5bb452b5dddc9da01c9dfcad80fa
commit	919b04954d8f67e3beb4e0b5d40c7fa8ed99875f	919b04954d8f67e3beb4e0b5d40c7fa8ed99875f
commit	91d84e6a348d246dfb503ab010c0e58cae5ab968	9b0901fe58fd383f4c0764e66f974508d09859bb
commit	91f46036d48ae1e360a2a1757bb0129f801223e2	91f46036d48ae1e360a2a1757bb0129f801223e2
commit	91f8d833eb42cab5082bd9c505128fe9a432a4a7	91f8d833eb42cab5082bd9c505128fe9a432a4a7
commit	920451ae0a5c6ddfb1db5172ddc4668bb5de3c61	fec72a897e0bcfab04f28109f4885b6464ea38d7
commit	9224cb77dbe8eb08d908293ee12ff805df259cb6	6cd6a62febc4b04c639a8edc1dcd6156439b111a
commit	922c7ce0031258a8778a1121acfc7926cbbf2957	922c7ce0031258a8778a1121acfc7926cbbf2957
commit	9246bc05dffb72c89b3084de5a85c8b7f031986f	9246bc05dffb72c89b3084de5a85c8b7f031986f
commit	92883277d27297717ad2fd184da9532a8396656c	92883277d27297717ad2fd184da9532a8396656c
commit	92909aa7187344ef7e0fe1d921b91e8a828e3ab9	d0f4b1740b5e623752f0da9359d0a7254088a340
commit	9294d2b79696b0adb03a5ebb83aaf89d253f2cf6	9294d2b79696b0adb03a5ebb83aaf89d253f2cf6
commit	9299ce1f6cbc804b5a236879fd06ee6b14c30738	9299ce1f6cbc804b5a236879fd06ee6b14c30738
commit	92c0ac90ccff793a91aa9fb786d7ab5c9d3ef205	92c0ac90ccff793a91aa9fb786d7ab5c9d3ef205
commit	92c156cf96a78e8559ee64be7bd613359f83ae13	36524c9bde08b5cb5ceea2eaca75dfa82ee4178b
commit	92c545726d22b73c4288e62594c39552852c292c	92c545726d22b73c4288e62594c39552852c292c
commit	92c5cd13de99aad1085a2c44f1b7950bd3e20813	83cef49d3b2871c03f23003a70157b89bc9e2b85
commit	92ce37b53ac7fe7c57de01a4696aefcec367b7e0	92ce37b53ac7fe7c57de01a4696aefcec367b7e0
commit	92e5d577489d77e8a16b067b1a7fc850bcbdc84e	533fa68055e5a5e28a3f95750b89e6e241f4274b
commit	931586056f94cbb9de1d193aa2d237d3bb1c31b8	40187816d2b2681b8188289df36cd59801b5f10e
commit	93354e4fb65fcd8bfb584bd0f437e3260c0f5672	bb3dc63e2d7965e34894f43549c83130d9d2b8d7
commit	93547547929a6c34061a4237ae5753f50c047739	8b7f7597499a727f42003e77a1e41b28a3439412
commit	935b985d7f5ab5935ae8fa4b2cc376a0543d5197	935b985d7f5ab5935ae8fa4b2cc376a0543d5197
commit	93774479643ea6f7462cec43d85b8e36363f6a4b	7014c5d4c3e9b9165f2b52630031d72673fd9d91
commit	939846abf3f596e7c9fb962ce50cc3ad26c463b7	540ad7013cad8b4cc19a13900edcd2c4cdeac24e
commit	93a69fa697f15df9086065cfd34b3d4b87805b49	93a69fa697f15df9086065cfd34b3d4b87805b49
commit	93bfa9235521188e770f0d65e187048827b40983	929150b35d72389f896ec6c881ae27a4f7929f3a
commit	94060e3cc6a0218a798b5e94f1ee50df008d5f6e	94060e3cc6a0218a798b5e94f1ee50df008d5f6e
commit	9407f5f54b52837a17d2910d2441f2375fdb87f2	9407f5f54b52837a17d2910d2441f2375fdb87f2
commit	941568b7117bcc46726d904dcf1ccb7b4e028679	941568b7117bcc46726d904dcf1ccb7b4e028679
commit	94211f3bd8c4722c45c4bb7774e53e7e5e7b2d60	94211f3bd8c4722c45c4bb7774e53e7e5e7b2d60
commit	942e3a505840785d85f085b4e12fb9427498c2ea	942e3a505840785d85f085b4e12fb9427498c2ea
commit	9438d6252516046a0f507969dcfc7ae65abe09c3	21992ed655a82c21f0eb09f0092c9fe7a4b425bc
commit	943f7f50963b8028b71b562d74743c1cd9227bd2	943f7f50963b8028b71b562d74743c1cd9227bd2
commit	9448fa43a2e2d2fdf82223b4f3c8e2888f6b5150	9448fa43a2e2d2fdf82223b4f3c8e2888f6b5150
commit	944963f95e9cbe5490ea71cf5d3011d56588ccf8	713b6db8e641f048043a49e48a4e2e81d2f34b70
commit	94844ead74e013858e66739984d765826043dd3d	94844ead74e013858e66739984d765826043dd3d
commit	94accad2463c757b714c7cc51036df8d47992471	94accad2463c757b714c7cc51036df8d47992471
commit	94ca523174f22d87a0bee4b361c7cffa0b82e64f	13e9d1f2ca4cf976f3b069b3190f6df3d2fa6454
commit	94fb71e138633f4ac4ffdbba89d5ec956dcbf301	5d7eef30cc78dc1648172a5459ce026ecec3b3fa
commit	9511a60645d34614c9b9f84b7ef5cd26f3a3e7a5	3adb379ad5b4cb3d02eb2f5ff8b4df58a706e3d1
commit	951a031a5d77f2adfcd795d3d6bdc4aac0c33bd8	951a031a5d77f2adfcd795d3d6bdc4aac0c33bd8
commit	956155d5692354b828a6a620df82940ef90af3c8	8a811500724f0c3060e344c7e00476e7b546be62
commit	959cb49f5f9497a6d30daa76b17da734a2d2431c	c0a3aac2556977261c8f8186bc2b980741bb86ea
commit	9605e001cdf063483f5df280e6ebb1a1cda93f10	9605e001cdf063483f5df280e6ebb1a1cda93f10
commit	960930bc5c9538c80a3f1ba61869b38377ab477e	960930bc5c9538c80a3f1ba61869b38377ab477e
commit	9645a0d8a18beb076e0bd5fa478f6d28891dd766	9645a0d8a18beb076e0bd5fa478f6d28891dd766
commit	964e779469e90a0cd7739233da98b5cdceb583c3	964e779469e90a0cd7739233da98b5cdceb583c3
commit	9664c4a19199e8497d0c49598675721ef11b54e5	f0b2f37ac3fdcd929ed6980f255136e3475dbc6b
commit	9679616b1e4525c906f7e976f659d87a692be3ba	cda93c0bb9aad914bdab79bdbcd4ee1584fdc04d
commit	968af7219543eeb26dc3f1563915799dc07d6a04	d6a7c3c515f6f5f6aa7c0d06adf46f2e496852ae
commit	96fc8312d0dbee1690a35f21a4b1a8ca73a8d4ac	96fc8312d0dbee1690a35f21a4b1a8ca73a8d4ac
commit	9707a76779b1a3b8f6d1eeca95f0a3e1f19daf50	9707a76779b1a3b8f6d1eeca95f0a3e1f19daf50
commit	970e15a33d095c40d54a40bb617da58b557c1005	970e15a33d095c40d54a40bb617da58b557c1005
commit	9743c8c2e37ed099fcab48fff0d385068151127f	f65ca68437b3de05f3e0d4e6f11d619fc1559c57
commit	97556616dbb3ed3cc30e712f27dca4d587ffb5db	1f8ffc8818cac891e90cd0e2de68ca749cf351fe
commit	9762fda8b3756f56c9da3ced53c84793c1c14764	ab027d9697c0898283ffb4acb7e503befb8761ee
commit	97b1d68ceaf30753cb01e699f5815041c34bf5c3	2a257989ba2fcca96b67febbe1299754506fd45e
commit	97e29b1cb11c4d14e065c506c4e02d0be16c58ba	97e29b1cb11c4d14e065c506c4e02d0be16c58ba
commit	9806e4e7024f90be025375cbb9840db028f29b1a	17f0abeef29cfd91da328d31575053bf415f9630
commit	981fe29dc3f46fc7ae6ae26a470dd836c1f882d6	981fe29dc3f46fc7ae6ae26a470dd836c1f882d6
commit	982226f6c49e7f383c235010d3798262a29d8665	a563fbf890b840f464e3100ccd0176dcaae05c70
commit	98bd7d27b068933bdb32da0e8d6356f9b9bb589b	98bd7d27b068933bdb32da0e8d6356f9b9bb589b
commit	98f07e87f914814c65b6d27bdc0d404cea519f20	3cf72007e2668e90f8afa667ddd8d413b51abb4f
commit	994edfc8aae67bf4b307830fbc365ec34b401510	994edfc8aae67bf4b307830fbc365ec34b401510
commit	998ee703f420320e9ff909275ec77b6d0988eb33	998ee703f420320e9ff909275ec77b6d0988eb33
commit	9997b98b8ad0e78774c2f1033e02369c8d986eb7	9997b98b8ad0e78774c2f1033e02369c8d986eb7
commit	999898cd627a8970c01b60932a8d3abe4941db85	608ca16b0c52e75f5020f99ad4d72ffcfb72f014
commit	99b245343722e1ff19274a2c6c9cf4386d34e64b	99b245343722e1ff19274a2c6c9cf4386d34e64b
commit	9a76d8f3ab3fb38218278133480220dabf96e9c6	9a8c67a44dd2a2b73c857fc8fb010bf61c0c0c1b
commit	9ac8468ff2589b21cc6548be80c30ad3b465104c	20bf78b43a73a6336c1e5ddc234e111e53e1f675
commit	9ade7d00ee36334b6fb28c29a9bd2bd098550601	250eb0309ee70cc5c38cc8fe388bd54d9beace95
commit	9b045dca630146353973ae3997ddaad13d4a35b3	308adb1b43feb013600acfaf1ef1a23271738eba
commit	9b4f7ad8676e95beb846eea0736753c1808b6e7b	43c2bbb191a01e8261f0da70c9b58cd2e6ba7709
commit	9b5803b41918519acb453c7142ca62c8734b53f2	9b5803b41918519acb453c7142ca62c8734b53f2
commit	9b709550161f2237c37a7566a81371890a91d89c	316995bb43f5bd0faca28fab70602691aad5e832
commit	9b7d3337cf15a345003accb653841a14980ac742	9b7d3337cf15a345003accb653841a14980ac742
commit	9b99820c73d43b1ce0b101d539dfc6707b35e955	9b99820c73d43b1ce0b101d539dfc6707b35e955
commit	9ba4788ad0ea5331ba050c9fa004b7aae83468ec	410e2d38092c44a9f5b4c05ce910cd77af482cc6
commit	9bbf1cd1a1da8dd033659fa3900b4bec0de1c2de	21d51ba3f91a45b81d0c7fb48ea5439508a8240d
commit	9bfb3232563489d230fd43b77ac5d7645e573da5	9bfb3232563489d230fd43b77ac5d7645e573da5
commit	9c1fbceb4dfe8c81bfd229897db656bc4dcc415b	9c1fbceb4dfe8c81bfd229897db656bc4dcc415b
commit	9c46bf299ee00971c989ea62aab32669182dcf95	2a2aa6c7d88639361b9fc43dd9455106bdf9e44c
commit	9c75c02ba53a6bfcf7f33c089b61f3633077e96a	160a7b2376c6300d0f01bc9c6c2a0f240cd73b18
commit	9c7e16c4e94b09e62ccb4c01fd52ef3464aa777a	9c7e16c4e94b09e62ccb4c01fd52ef3464aa777a
commit	9c95f9215ca52c3b6fbc3494a3f59d8cf43a7503	9c95f9215ca52c3b6fbc3494a3f59d8cf43a7503
commit	9cac1d57b0ed3dd89058d0bd861608bcf8cc4521	9cac1d57b0ed3dd89058d0bd861608bcf8cc4521
commit	9cad7183b0f131415a7b2b6e66a8b2ffb9e66e2c	9cad7183b0f131415a7b2b6e66a8b2ffb9e66e2c
commit	9cb9a15f6e21528d7db61507d8f4eabb62bf460e	9cb9a15f6e21528d7db61507d8f4eabb62bf460e
commit	9cd091c92e78600df935fe941d8448832114b390	666931f83b5db9548ce8775e8febb088815d4824
commit	9ceeab8b239964d49c929a217d9db7bd0f7f487c	9ceeab8b239964d49c929a217d9db7bd0f7f487c
commit	9d4e966cc553fad4729b13a17384c00b6f75fd2f	9d4e966cc553fad4729b13a17384c00b6f75fd2f
commit	9d5d40bb08f63e9e099b1f7b575a8c8013c0d95b	9d5d40bb08f63e9e099b1f7b575a8c8013c0d95b
commit	9d6b2a3fb895deada2d3cde4851e19f736c71b79	9d6b2a3fb895deada2d3cde4851e19f736c71b79
commit	9d91941b1375b313f7e1719ace8c8b9defae39be	9d91941b1375b313f7e1719ace8c8b9defae39be
commit	9d97143db004d2a11d33c63e293ca3843213ed49	9d97143db004d2a11d33c63e293ca3843213ed49
commit	9e066967f59d5f9c456895cfaa30f458b5788995	9e066967f59d5f9c456895cfaa30f458b5788995
commit	9e25f3a8184a3c85c424b0288a60e370c4d0539e	970b5309f52548c4060a04b61cc998b9f1e84b76
commit	9e2b3fb66f4a61ae62660a3361c70e905189d404	9e2b3fb66f4a61ae62660a3361c70e905189d404
commit	9e33a57c3be9f4677bc00221e2f39da08120b6d9	8e18fe198fc8e91131ac869d0f3dd2adee861163
commit	9e38800ae552e70e7e4c6e5eb04c69ea0bcd5ed9	b98581528e440832c184d16a8d2acfdadc88316f
commit	9e5a2c127fb194fc3fa95d5c8f52a54f3d64cad3	255ebbef5540ba549fad0b5c77e240053596ab1e
commit	9ee6b66af8f3724d66a1b73bac590203eaf4eb95	93e9aa817f881e05493f303e15df5fe728aa3697
commit	9f26e6a963fec66fe1a89aaaa1971120b4d77db3	9f26e6a963fec66fe1a89aaaa1971120b4d77db3
commit	9f5343e77d6224360836705a2a8fe82fccbd0078	9f5343e77d6224360836705a2a8fe82fccbd0078
commit	9f9a58220d7ec4bcc7d6b8c006b10bde6795f045	9f9a58220d7ec4bcc7d6b8c006b10bde6795f045
commit	9fc2255bd80f1a71ede8c70f8e1c436fd8d54257	f89b81f6aa73843810f2b61c8538d8439c0ad7a0
commit	9fe8f8eea8ac32b3d8ca4356bf1adfd3c2635755	e09c8fa49678faecc7559709c82a76718ebd9f60
commit	9ff84e12b8ea15edb04b972a8a85598290d154c3	70025b3fe48c950605178926625b1a14ff3a0910
commit	a01801a34748a7b016ba2e55b223479f68cc2fcb	299aaa3a9eff074f142e682671b46e9dea0f3645
commit	a01a2eed214cd80a02e6d414b50a7c141ebe6e75	a01a2eed214cd80a02e6d414b50a7c141ebe6e75
commit	a05160c9d19fbfa0f1f3f991a4de8306290ae617	2413dd12b5d89565f6c9a22a01bb7df704916212
commit	a0c33cd40c4746918567cc8b20cf1165e99bc1b7	6b407a8393b014d9bf933592c89776739b76854c
commit	a11157664e249000f4079e2c81a778a0e416716e	316465046d1278f49ff95ba2763337f83e99225e
commit	a1716223fc07387af1494ada86d1441d2d90135b	a1716223fc07387af1494ada86d1441d2d90135b
commit	a18d5222116213c8ebe20ffb4719f2b4c9f2cdfb	d36fded5ee2c26f278dcb1c92a8ef408c52a6971
commit	a1aaf4e292aa0f79aa251893035d01fe2fc7b4a6	076db05c6f023eda9f074c3615919111e74ae6cd
commit	a1c887c73897eca0039bed68acd0366b183ccaac	a1c887c73897eca0039bed68acd0366b183ccaac
commit	a1e298af5a99dbc79fc55d3968ce7863a617b3eb	a1e298af5a99dbc79fc55d3968ce7863a617b3eb
commit	a1e3edd7cda93df69dd1ca6ab4ad2c98d246c8be	e16bc1dc5e650d22201c63ecd4e46947eb6c4ac1
commit	a2132fcf515c383c6aaeacfd57fec5d335d4245e	e361f690f043f00afb352d5828c706658f1a13b0
commit	a22d166e192cdd057edc261cd4411c60d3232d78	a0d962f8484bee940dfe6cce7b8a7eb8af31c3c8
commit	a2413bd9d97e711d0d0cdbe8f363ced08402cc53	a2413bd9d97e711d0d0cdbe8f363ced08402cc53
commit	a245024738906f731b821e03bf8fd2d0682ba697	a245024738906f731b821e03bf8fd2d0682ba697
commit	a27a54b8bbe19f932b09c08ce8a7ac164ca43e1e	a27a54b8bbe19f932b09c08ce8a7ac164ca43e1e
commit	a2bf9b5d3e7c503af93e57130f916922847dcb87	a79f1fefffd98d04d3f75055a7a1eec14f76f485
commit	a2d55d4fb2c042d97f43620b39828b9a48bd3325	5608ba5e393ab09949be2e9537847af651062e9e
commit	a2dc01ff131c0c5b58221cd5ec3d9fd4ac620311	06a45aedb58e4edd94a8d6c796a62c9560071be1
commit	a2dd5f5ff78ac5465436f039877766b2350f6c36	f83e24928a859b225a4dfff36c4f06733606e3d3
commit	a30fa2bfea14edfa3f37d49f4f6c99f7c2f5317b	ecee0be51f59869f13a651c0ab48e119e4542956
commit	a324be9b3d50a3c9dd4687e62cf866a7d3f1947c	a1b62e84b77978fc634c2eede9972cce93a89d16
commit	a370c51b3cfb315e39f0ea585ada6321786b9da3	a370c51b3cfb315e39f0ea585ada6321786b9da3
commit	a370c6892b993032a3b80595a7f55ba1c994ca7c	9a30146b19278ff75f2e1fc2a80ed2612451f848
commit	a375aea8cc8f2ad931db835d5bb2625188a230a2	b6fdcc37baee2a742b0ac272aedde23fe56e4a6b
commit	a38ed15a3c3b9ea0575639ab3ce5c3050bc78078	a38ed15a3c3b9ea0575639ab3ce5c3050bc78078
commit	a396a2a3f0cde664074991d6dab8f1d72078cef7	19a40fd94ec609bb3ba1db802aceb85c500e063f
commit	a3e5a93e194a53f5191f6ac1547ad4b247054561	7f88cfd9d94b6814c04a1d4c2cd682a2d7176b3b
commit	a4575d01cba51922e7ec5197701a053d2ed8424f	f7cb3bbffbcb1a561a39bdd0b59341d8349819d1
commit	a4bf2803daa5dc2e7974041f8d052f94971e7401	a4bf2803daa5dc2e7974041f8d052f94971e7401
commit	a4c7a9dda4595491711e38a5792f7dc76e155d5d	cbb0e0012b46156869080f0d0c2a2df5aa2054e7
commit	a4d2531805070d187c24c6726fb0853b9fff45a1	72767606fb8cda47f32ba11e5d4bcefe0a4fa49e
commit	a4e7fdfad9a9f758f814a3e494d44e0c4151ef24	d0e3bafee7dbce9c170b2024d8fd8ce2e5ab9a78
commit	a53a8d4cd56d210261bc12f7e502769ba94a0bd3	a53a8d4cd56d210261bc12f7e502769ba94a0bd3
commit	a54bf03590f7d3f0d86a533b5b1ebd3fdd32b805	9c0e3beffb0cdae63687c700ec07fe35c3118638
commit	a5b69ece20d76e0197f6bd9beed26261985a888b	5b3de2dd9875f2e0dbd7817a6345d11946a011bf
commit	a5b76e0d0d6dd6c206d1f11f0644e02ba4938bb0	9d323430d96ca937b6de6bf682507cf087b9aee9
commit	a5ca26869497fe7eca32b5cf5bb3cb35defe1c9b	338b0c9995373e10eaac3ff7737e6125f874a496
commit	a5d271f6adc87aa8c7de3ef2585e4266017cd7d7	02de0e0129d8fa681d809ab0b5e4c83d676ea1b0
commit	a5d65fb7e5a0fa3c3738d37e5337df4642ac0a43	4791306dc690742ff9918fec64e6b744c7c1becd
commit	a5d791f11c7f01d92314a40d6231311f405752d9	a5d791f11c7f01d92314a40d6231311f405752d9
commit	a5dcd6a0a928019bb1e1e234c55695f652d59f43	a5dcd6a0a928019bb1e1e234c55695f652d59f43
commit	a5e0d396968bda2163c602461686e8f5695ba96d	e092c9f6afca7d5af4f8677e2644e220d5641a53
commit	a60be7d0bc0e87fef1894af9461ba205e7693432	fac00faf879d4ee28c011b81388eb7e6855900d7
commit	a60edd5589d4ce2349fb0ba4c43816fbd5f91226	a60edd5589d4ce2349fb0ba4c43816fbd5f91226
commit	a61ec99ea9020661f84952506676929ffe947872	a61ec99ea9020661f84952506676929ffe947872
commit	a657a4edfe542a14c8e9f13abe7feaa232ded56e	38f821b13d701686e43eaa6b551369d579a06103
commit	a67b8a72256349e6b443bb523a2a1faab35bc6d0	0130f0cc29fb16a97ea0d608d95e29f752ef19a2
commit	a686e7e3539d2e233971627938f6e74cb3e9c5f0	0f444dc8115ad32f80af08ef3675b4aabe583c6e
commit	a6b81ab77edeb1c5051b0bf3bb6819e2b0737853	66269175965362b2373b60a2fbbadf2706f5d1fd
commit	a6cdd327391e1c603853cabdfcce24ec7f1ab4e8	a6cdd327391e1c603853cabdfcce24ec7f1ab4e8
commit	a6d9e61b48f18a7e9f3f43dc7ef969f2508a7e80	21559f84a7cb6dac12541baae0516af853612a09
commit	a6fc3e3b59ca849704d9b500d522d0e969e83715	a6fc3e3b59ca849704d9b500d522d0e969e83715
commit	a72c5065e1992ea6416ecf993e6f12c17f266127	cda85d8e26867a7986578e2ae5aadde22e8a6fe6
commit	a740b76b05e809d0be24281f81eddb261f510e44	935e1ae68f6ffca3dd5ba760c758fcab93588209
commit	a762635ed73dbfcea9f7fec64b540f2b6a0db3b0	ed5fb073aaf9f91fc3f7773beac74609c39cb90d
commit	a77de2af2e4eb47555cfc7f771126930aebf8eeb	5dae0baf88c3d133d6f8df1adb598dd3bfd51794
commit	a7819f9b5d852ef23574cb6f4730c13eb99c3353	a7819f9b5d852ef23574cb6f4730c13eb99c3353
commit	a7aa4728edadd73f3a4c677f3f90bd0837143314	a7aa4728edadd73f3a4c677f3f90bd0837143314
commit	a7b50b8736b1508639b8757ddcd233b5b3aeef6e	1f38311307e86e61168c66233fced2f3c8358bef
commit	a7b85047ef4f5d49a77ff2bd01b6dda5014c09b1	a7b85047ef4f5d49a77ff2bd01b6dda5014c09b1
commit	a7bc8402139e2d2d69f9778c37e7763cb8acc921	c4e818b3851c6f64d7e9fcb769dea0acbf2c28ab
commit	a7bd82c8222b645d5ac06d3cd5cb453c13a5765b	10c61088069e377ccf2fc62677cced67d97eb481
commit	a7d9f425c1e56ac4009e59b00b670965cbe6acb7	f7a0b8233740825db7b0a7e2943a82bf8c670645
commit	a7dba101830d5052d47b58ded5451b8b7e5836fd	f10fdc2fb551633c4a7ee1c1cdbcc5120c41cfb1
commit	a7f8171a431b403e2a805f0208aebb2533e44764	a7f8171a431b403e2a805f0208aebb2533e44764
commit	a80f74d074cce5423ad37260985156858de3dfff	5da2794365759fc4de72fdbd238b50a8c8c516a8
commit	a858c0a8ae08eda7c7f434f9ec65bb2fe6811c45	b2ccc18305ad0edb3649580cf09b6779c337efc9
commit	a8a451030d589c1db3fd4e7615f64308235b0b9b	a8a451030d589c1db3fd4e7615f64308235b0b9b
commit	a8b1aa92942293a3bba5c8ee84f9a6d8b5559e02	a8b1aa92942293a3bba5c8ee84f9a6d8b5559e02
commit	a8b69c7b031c73e56be85474f685b69dd69befff	6a36acae71049db363a7bd1cb39c6683f965e672
commit	a8be83488df25ab104efe512049ce9787d5707f2	3e82dc2fe87143a676aefa2e45cb13db9e7c7e6b
commit	a8ea700913fb42f9b2f3bc264112817c909eba13	3c253a6ee09d97150329ead98e2027a757f2ebd7
commit	a8f002c092d9bd05db2568e6aa56b32e94ea146c	faa442f2e3fdae5d0237a378fbe3b25b01d7530c
commit	a9607eea5d4700da5407bbd986c47889b7e7f43d	a9607eea5d4700da5407bbd986c47889b7e7f43d
commit	a96e67933852d6f50c82bbf5dbac64e89a5ca180	a96e67933852d6f50c82bbf5dbac64e89a5ca180
commit	a971eaa58e8bdcae9d45fadc1875e6cae99885b2	ed4e4a1b00c7bb9c035d1e5c728adfac903498e9
commit	a977318ddb3d3094b22afa37a926c7929383bd4e	a977318ddb3d3094b22afa37a926c7929383bd4e
commit	a99e1924ffa61f6ea7d6efdb2d02f83655aa3c49	2a5a733504bada51603d8d4186761d1081d0218e
commit	a9ee359e911ae112e313e14b2d2ca65b78427fae	a9ee359e911ae112e313e14b2d2ca65b78427fae
commit	aa2b6e750420bf6702521f71ce953f07113b62a4	aa2b6e750420bf6702521f71ce953f07113b62a4
commit	aa491b8f461fc5d55175e7537b096165522e25a7	aa491b8f461fc5d55175e7537b096165522e25a7
commit	aa5d58e994d3d69242a75141e737061463594daa	aa5d58e994d3d69242a75141e737061463594daa
commit	aa6c83a8eb0064c2da33ceabb1606933a2b8b94f	aa6c83a8eb0064c2da33ceabb1606933a2b8b94f
commit	aa8c4a23e99e79c163b1bc3aaea40449848de988	65e8097ef0bfc79538efe5e096feb7a658e57378
commit	aab1c7973bac551be29f41ffe9716a43c00ce0eb	4f4264c38874e137ed6b2518fa3d115bbfd75251
commit	aab2d8a5384bad799dc62fff47adb99c24208674	cce7ac55a4f8b858c41d9c41894c00b30a8d34d7
commit	aabb1ad6a84d354d5f8ef850053bb78675e1d899	aff0b1a663cf5888d8691cc808b6833f5efdff3b
commit	aaf26f9593f3e1e8055299b18d7a04312feb070f	aaf26f9593f3e1e8055299b18d7a04312feb070f
commit	ab049f7f4a747cfb35ca2a3a7874d3e9bc195d6b	ab049f7f4a747cfb35ca2a3a7874d3e9bc195d6b
commit	ab2276c8168db1e5026d03b4c8660da3639e9549	f1fded989b422ca15801bb4416e9a88bc5516adf
commit	ab79b4a933761820b672dc9af8adbcc4a3200905	12dd31a0bcacbe9db09f98832be467bb82c7b663
commit	ab94bec398cce8efac4ba7ae1338a7137e8b6be9	ab01cb03307eb9465afb83aea811cdd04a925fa3
commit	abd287e9b85e27d587fa1436737e57e0d2fc325f	abd287e9b85e27d587fa1436737e57e0d2fc325f
commit	abe3d03b5e60ee232029abb2927904bae03f7505	abe3d03b5e60ee232029abb2927904bae03f7505
commit	ac0131c638ae5ab0593482bffa291a3eae119fd1	ac0131c638ae5ab0593482bffa291a3eae119fd1
commit	ac0a393df9c82b07079a4d5f924858857bc067bf	ac0a393df9c82b07079a4d5f924858857bc067bf
commit	ac1a60a19dbf61f07e388f6d7fc800df58601f41	ac1a60a19dbf61f07e388f6d7fc800df58601f41
commit	ac34dc1695fe019eef3389ad439494e7a168fdf3	ac34dc1695fe019eef3389ad439494e7a168fdf3
commit	ac55ddfa07fa763b6fb9dcec009e19fd5db8bd16	ac55ddfa07fa763b6fb9dcec009e19fd5db8bd16
commit	ac87e80d78bd133dcee5ec9cbb63a1d178fd62bb	8dddfa76e9c0a24ecd83369e8fd30b6881448508
commit	acb316039215e5024af0737e88fb3f3186a97977	acb316039215e5024af0737e88fb3f3186a97977
commit	acbcbfdbd42d9cb18bdc18c8650825a67a6d93d7	b5fa7544c09e4e290c22f761ec505c859df982a2
commit	acc15c6c8fda1854915ea081c00a1778f20468a0	acc15c6c8fda1854915ea081c00a1778f20468a0
commit	aced830b2d60c49e541c5fa01388ec71b757148a	aced830b2d60c49e541c5fa01388ec71b757148a
commit	ad08f302d4be2f51777c3e2b2b5d86ec06f0342e	90a4b7982da211fdd7d545b09d4ae5b6f2f4fde7
commit	ad1a4b921e4dc5663c4b8cab168e1204d83c9600	d7269f72f14e1cfee3bffda364d9714d2e088658
commit	ad53604361e5b0ac1c4833ac0b8fde46901396b6	ad53604361e5b0ac1c4833ac0b8fde46901396b6
commit	ad5a6ed454aa47b39d2fa2fe2b088a7c39d5df73	ad5a6ed454aa47b39d2fa2fe2b088a7c39d5df73
commit	ad7f84637e1290fe2b3d9d67894891cbcdab9ffa	ad7f84637e1290fe2b3d9d67894891cbcdab9ffa
commit	ad93e094789df21bbbd209e1b93b4a47aadf3c5d	ad93e094789df21bbbd209e1b93b4a47aadf3c5d
commit	ada58a602f23a4c1fb9cca82111584797680a67b	ada58a602f23a4c1fb9cca82111584797680a67b
commit	adebcaf7c0c52385e1139a60af8c0eba5cbd9464	1d0a0fa26d2357f47234c41b5bb7d1297578f310
commit	adf8ced30cad25cd5530c1ac21bf2144799ba558	acb0e562e28f41bd2b304de6af5699b7e25c9062
commit	ae1fbfefd966159bbe12c7b380473821b77ea019	cf15dcfcd54db6f2b146323c5b00842c6a2ecd62
commit	ae1fed5759ff0a78aa8d821a42560fe9bfd413bd	ae1fed5759ff0a78aa8d821a42560fe9bfd413bd
commit	ae2af1a2ed9897b89dbba8814b5488aceb9162cd	ae2af1a2ed9897b89dbba8814b5488aceb9162cd
commit	ae2fa13d5318ecdbe25f278c434aa4ecb556674a	ae2fa13d5318ecdbe25f278c434aa4ecb556674a
commit	ae33bf07ef802543c984daee630dd0d18fb84387	779164d9b87a8f27080a51a22c951a660a1fa44c
commit	ae374a324e3892d140a0ef49c55db13f186d3ee9	ae374a324e3892d140a0ef49c55db13f186d3ee9
commit	ae608d816e632b18777bf5fac9ba9d446e1ff50d	05fa4ff637792df19fc16b811f1168006ccee22f
commit	ae67c1e5278b411bc197f3e23dfd15ba8fd3d1f4	ae67c1e5278b411bc197f3e23dfd15ba8fd3d1f4
commit	ae6aaba8e679f209249c43c713aa729664595283	ae6aaba8e679f209249c43c713aa729664595283
commit	ae6bf973582470523c80338804402eb21244a5c7	226d6c2af1b99a771c271bebd02ffb01db1a505e
commit	aebc179454e1a117a63e6b29c136accd633b3407	aebc179454e1a117a63e6b29c136accd633b3407
commit	aedccded9ac40a51c89113d715dad737142cd608	0781dc51564298cec9d9faf7a2635cb526d29ddc
commit	aefd7b9a39cbd1bdcecec24bd11b8e099fe09ac3	aefd7b9a39cbd1bdcecec24bd11b8e099fe09ac3
commit	af176cb8d10819bf1129054cb17550c36dee071d	21418a52382103a609c12c8702e6c43729348243
commit	af20463372f4bbb5f604d72b54853db3ab3b7543	af20463372f4bbb5f604d72b54853db3ab3b7543
commit	af4caf2b013a11cd77166f5b71af81e9bea4b9ed	0ceabad084414590257fe5a2c8c3739720d3537b
commit	af5b3fd3e2c68fa6ae117e4691583adba5da4c0a	0e017b5656a61e549907080a4996e6b834c5dbdb
commit	afacb0b7817c6dd109068e6d34da1046ef32708c	afacb0b7817c6dd109068e6d34da1046ef32708c
commit	afd00eea60fc52aafc56c3f55978e0bfc3b0665c	9066adddf6792de031d240b02a0d0d109c08f941
commit	afd9d6066bb14d989a62b22a93c0b1101184f356	afd9d6066bb14d989a62b22a93c0b1101184f356
commit	afdf7077538e018dc6588df4ac262e426292222a	b7e3652af7690e5df13fb882e333722b59039f4a
commit	afe13d861bafea68f5302367dc3167c27d08d778	afe13d861bafea68f5302367dc3167c27d08d778
commit	aff6d78cc11b6ab470be8ca224eb2b1df99c8b6b	058b0ef0f8f199355bca6cbd1a2d735d4fde714d
commit	b042e6420422889d3ae549a2503245dd0d5ec884	28e1d1b3af5185aa455e01b05086832d60a2bde1
commit	b073f587e5f841505e983243c2a40a178eed089f	b073f587e5f841505e983243c2a40a178eed089f
commit	b091ac0c6715fef1938e4558caafa2246f4edf22	b091ac0c6715fef1938e4558caafa2246f4edf22
commit	b09bb46cde91a9aba0d3a5f065a790d9759e87e8	d5530a4a72e141a0a5c3664ee5ff8da87a3a0cce
commit	b0a981f20d7b8d4e3edc34c77036e820d60a7c1f	b0a981f20d7b8d4e3edc34c77036e820d60a7c1f
commit	b0aa3f86399ad593a324d8cf101e047cd92bf45d	b0aa3f86399ad593a324d8cf101e047cd92bf45d
commit	b0bac6cd2486e45381b9ee2a90b2987a6ec6bcb0	b0bac6cd2486e45381b9ee2a90b2987a6ec6bcb0
commit	b0cc4f0bac58c0961b0fdb476afdf9138c908753	3f324d2b8fa4f0b7d85de9067f2b81aa81ee705c
commit	b134569cc095010ae648aa586c33b40af17fe77b	b134569cc095010ae648aa586c33b40af17fe77b
commit	b149da14ce97eca2cc13a4904af6b9ae7600cd3a	b149da14ce97eca2cc13a4904af6b9ae7600cd3a
commit	b1557d38aa6614954cb0985b92035f8f8d030e5d	c7264c264c8eee73ed3af64c26218aa904f0bec5
commit	b167c2cc884a6d50d1a80c0514865d62ae56b3f4	b167c2cc884a6d50d1a80c0514865d62ae56b3f4
commit	b1918a144a171e8b9350b8993e49fe80e5e8466d	b1918a144a171e8b9350b8993e49fe80e5e8466d
commit	b1c0f5624a23975c7c72977acfc8602be322ddd3	04d3941e0ecbc919303662ec707653214124d3ba
commit	b22b7f483dab6697e3dcc9e70e7af9464f66235d	b22b7f483dab6697e3dcc9e70e7af9464f66235d
commit	b24c6cfe0e03799cbf885dd2e473b602aa8e9778	b24c6cfe0e03799cbf885dd2e473b602aa8e9778
commit	b25203f228d3c8ac9e88a11807a6c4592aad066b	fba1ee70d8201fe2b405f370f32471750416cf44
commit	b2556f45235d86586e7cad23db4bee8a78879c46	96d6096f91d51981c770f0d63c1dcc78a1a255f0
commit	b25d534fc42bab3239d4ccf7a26ac7fbfa61cf8f	b25d534fc42bab3239d4ccf7a26ac7fbfa61cf8f
commit	b2604aaddc2016814313b7864ddcdc428f8485d2	81861ba178de91524010bd3e9cfdb3ef6bdc2d04
commit	b26496af489cb444a91406fab4a73d9e3602fe90	b26496af489cb444a91406fab4a73d9e3602fe90
commit	b268c9dbd674e09bf008e62435bdef11c3a1b4b5	832bcd3c98dd862a10fb1e5e9cdae869eeec13bd
commit	b2898e80ce9699088f789d56ee88858c3a1e9567	b2898e80ce9699088f789d56ee88858c3a1e9567
commit	b2a5ba2e4e8283521e63237f27d17ddf6361ffa5	b2a5ba2e4e8283521e63237f27d17ddf6361ffa5
commit	b2d81c68d6eb6dfac2f701ad5fefc75c232c5776	d85b8e4f861fcb659f41d31b3ab904f0902b626f
commit	b303d10f6bc8f260b5f816e724168990fc2b8850	7b3b19a142e6bea414836bd1f1babeddfa4ee5df
commit	b3094ee7c8b4a6ccd9a1aafa8c3e91444b79943b	b3094ee7c8b4a6ccd9a1aafa8c3e91444b79943b
commit	b3307d3fe181b541a7780ce45b040c6c210fc1a8	b3307d3fe181b541a7780ce45b040c6c210fc1a8
commit	b3334624a17e59a5958e909355ba28345b8b011d	9f9021254fbc0d26ca959003b8bdabef37f2c4b3
commit	b35285a59c73e128621a7c356cc1b557cb826105	b35285a59c73e128621a7c356cc1b557cb826105
commit	b36328116b916404fcc14c9d39d666e5c7f72df2	8e92d75e273582c6a8ca61f4cd9f9757c1dc918d
commit	b377a9abc8156dba522ce5ce01aba17508d9da67	b5aad78a18f0d4852197704990f05d99a53e660b
commit	b3971b26779312f0b114f7a8cbc40c46caf77c32	abf98c7710ea0393e580db5d1517033b8db90b1c
commit	b3b6debd1f0eb841b773fcf27bbfa8b2dd20830f	b3b6debd1f0eb841b773fcf27bbfa8b2dd20830f
commit	b3ce8932c81e8cebf6ad6e4cc48752c531ed538d	b3ce8932c81e8cebf6ad6e4cc48752c531ed538d
commit	b3e624b0e9d39c7bb4c586bc6255e0d5683a55a2	b3e624b0e9d39c7bb4c586bc6255e0d5683a55a2
commit	b3e87c8c41cef44d80e951293b81942aacfcd4ac	9e7ad066ac7a374eca35e806894fa314af9e530e
commit	b3e9f6b344324a20dbedb54c32b502cf7e711c19	b3e9f6b344324a20dbedb54c32b502cf7e711c19
commit	b48d267b1ddc25b6bb423854ff99e5646a7e66e7	b48d267b1ddc25b6bb423854ff99e5646a7e66e7
commit	b4ac812048c958f136f4a59d74c5b21b8402895a	b4ac812048c958f136f4a59d74c5b21b8402895a
commit	b4bf20dde4c272565e5ee377ee50c2d6521d1918	b4bf20dde4c272565e5ee377ee50c2d6521d1918
commit	b4c844b87700e51ddc47ca5852462d94cfc380a8	313cf0418b1b15e7cb350c44759c93d1a30a86c3
commit	b503d5a3000acdfef6d853e598084537b73fbe3c	b503d5a3000acdfef6d853e598084537b73fbe3c
commit	b515dee4da545f5b132844ff3c4d44681bf0ce2c	b515dee4da545f5b132844ff3c4d44681bf0ce2c
commit	b56c684a280400847a93b6823dbffa02a2eb373f	ff3fd8c4c7e1a2a4ad35501ea9bd36ea8d5b8857
commit	b57506128449f06acb58ecba0e54a5d72f190570	dd3c9e116d10dba8790ff72efe2c4b7d2be3975e
commit	b5a7f5ff136d5cdbf4e0f6bb3ad40fa28bfd0791	b5a7f5ff136d5cdbf4e0f6bb3ad40fa28bfd0791
commit	b5a9290a224a6f3de17bf9b2957aed1b51dfd2e9	b5a9290a224a6f3de17bf9b2957aed1b51dfd2e9
commit	b5bac3591bb9c4f057c40bf8a986f05f72f0e7a2	b5bac3591bb9c4f057c40bf8a986f05f72f0e7a2
commit	b5c674fed99c2deec99219776cbdbc09448f55dc	b5c674fed99c2deec99219776cbdbc09448f55dc
commit	b5dde3b09732f71113ad1207a356f68d41f17189	ae9b1965954b1edd238d433e8331bed5977e6f67
commit	b5f243a6f0acaef599fb01e3e4831441854e09ff	3dc26cf943e12f345f984e23773efeadfa328b66
commit	b6013ca06aa6bd15ca2d804db2836da6104555ee	b6013ca06aa6bd15ca2d804db2836da6104555ee
commit	b63265867aa91976d91933bb03780f06ef88aa61	b63265867aa91976d91933bb03780f06ef88aa61
commit	b65c4122811ec0b4d51cace70df438f41da1dc9b	b65c4122811ec0b4d51cace70df438f41da1dc9b
commit	b679914a377731fca12be9c2886dbc5682efb529	b679914a377731fca12be9c2886dbc5682efb529
commit	b67d491f3784e2286f7a07b17e2b531aee4dbb9e	ce4506481d4bc7b91f819fdb4b3cd64005d91f0a
commit	b68e928ae7b8a942afd3ac9478901724acdf8468	38adc0ab41cb81e27e7770aab228e462baed57d0
commit	b6b422dd199e07993261af0eaf6a4050e918f3b2	b6b422dd199e07993261af0eaf6a4050e918f3b2
commit	b6b9701b079e14c5ac15d4c83f9b2416f2c199d5	b6b9701b079e14c5ac15d4c83f9b2416f2c199d5
commit	b6d7678e51559417346d154db9b553299ebe0618	b6d7678e51559417346d154db9b553299ebe0618
commit	b6e3dc13cf85b6d7d5ec3a6e8e65ea5dbea2a20e	b6e3dc13cf85b6d7d5ec3a6e8e65ea5dbea2a20e
commit	b73de52d25cad74b68e154d18b60f96a109ee5f6	b73de52d25cad74b68e154d18b60f96a109ee5f6
commit	b745ca5a0599740cfa6c968dc5c68aa485c603b3	b745ca5a0599740cfa6c968dc5c68aa485c603b3
commit	b7477dea8201d5bde40f420b8993cfee656ed8b9	285f45620e12117022202dc08ba6f6ec3e321c97
commit	b75f6893fa7b646fc9be79af9a2bbaed48e0ab0b	b75f6893fa7b646fc9be79af9a2bbaed48e0ab0b
commit	b7a9caa8323b7175b586f30ab76f41bb4f98c37e	b7a9caa8323b7175b586f30ab76f41bb4f98c37e
commit	b7b956feb53d84c9df1637746e50acaada5fe800	c5cb617e685c84587235506dde8d25949b7e4aa6
commit	b7d1fe6e9f804ce38e1dda815a0f88876271fdf3	b7d1fe6e9f804ce38e1dda815a0f88876271fdf3
commit	b7eb25fd7de8b21e7659a1db1d7b8b81f13b91e6	b7eb25fd7de8b21e7659a1db1d7b8b81f13b91e6
commit	b7f2e74acdb9a36e9ab6861522006859c82446d8	1c37b1432452544ac672e543360ba9acdb454c12
commit	b8017bcc173d86a8131c39497707ab569eadf15d	b8017bcc173d86a8131c39497707ab569eadf15d
commit	b80582a1057d2bba1ec7220b0cce6d9aa251a101	ad8b6c9abb1bb9eac1d72fe797864894f216660b
commit	b817e363e0e5d5fab95f692c3a73b01893d8bec5	9a57b9cf8272071793fc180f275618c19fca558e
commit	b81bdc6783431adccdb289194c48ec800925d923	b81bdc6783431adccdb289194c48ec800925d923
commit	b8203d2dedb441a320665e74a56c2b1c57cdd62c	90b396b99b9d78f38d6d7e2171192fe0b6b4d0cc
commit	b8633d8ff40c4b3b65287787bad0832450adaa0f	0008cce14f29afe0274dd4b79a9d28a25834abf0
commit	b86cdb57458bfc37c704b29f0d8cceec809f71b0	ef36acd204486d0e4daf5e1b79a7fcb0abc8d713
commit	b8ac6f041f714873a51d33c02a386f9439fc6f34	87805a3f4405f21593cf3de8a6d2d61923cd95d5
commit	b8f19d673668444f0a482af4a2593c0316d8c0a7	33483cd0e5cb8813d611fce2566ba49302e6f929
commit	b8fbbb46529fc34d8750fe35ea1506dfeb5614dc	d8ee76f317840eab63527d4001207c431b6ec242
commit	b90d10fb81702504184cc4f13d048b4b7b4db4b1	8cee5cdf88c9a7a4f0bc263e26956ca7ab94f76c
commit	b9488fd1f3b45600c0b2056d034e1fa027c7135f	b9488fd1f3b45600c0b2056d034e1fa027c7135f
commit	b953c71c799f58a48b92a636f02ab6e873c2210a	b953c71c799f58a48b92a636f02ab6e873c2210a
commit	b961b0844ddaadc4726418ec007c086ec47ebaab	b961b0844ddaadc4726418ec007c086ec47ebaab
commit	b9a9d31ba4a51179f686a44d665315df353be5ed	b9a9d31ba4a51179f686a44d665315df353be5ed
commit	b9c52f5458e80e7f68fb2c29b0153f171af41ac7	b9c52f5458e80e7f68fb2c29b0153f171af41ac7
commit	b9d4d2893a59d5dc46ca227f03810ef9690c5074	b9d4d2893a59d5dc46ca227f03810ef9690c5074
commit	b9f00dedd1a8a5c5b90a32ac3a38b48f3b7924d7	b9f00dedd1a8a5c5b90a32ac3a38b48f3b7924d7
commit	ba05483c823101d2bdce36dc7d63cd2d676abf7a	ba05483c823101d2bdce36dc7d63cd2d676abf7a
commit	ba43cca4db2587b5e09a52115dc60d0986a60016	ba43cca4db2587b5e09a52115dc60d0986a60016
commit	ba5a1f5767d11d9f1d1bc3807438b504be7d44e7	58bd78a23eca21c433035d0947b452b12359f6df
commit	ba6f82220c9d3c3c614e10cde6033253b9aaf2d6	3382532dc7b89580014ad0449774d705aafb8b52
commit	ba7e03de11a20ca9731aece60f45aae486363843	0a3637d9f4412651b8656cccdfe34af778e2f5e6
commit	ba87cd071b29a2b1d385c1c273c35fbf39afd43c	95d2dc871f9570a564b7c27ff219929cae82354a
commit	ba9f98944fefe903d016c4dcc280bea3930ff848	ba9f98944fefe903d016c4dcc280bea3930ff848
commit	bac59b6f54bb823ca7a108373aaf206638d9f7a7	bac59b6f54bb823ca7a108373aaf206638d9f7a7
commit	badf2f26967bbb455697c76e2fb281174ceb1fbf	bf89c7a1be8928801421e453401292b43b3e232c
commit	bb0a9fdc4e7450172a654fd3722a627c46b5cd19	bb0a9fdc4e7450172a654fd3722a627c46b5cd19
commit	bb422eb887a4d3a4b918deb614b1b365d0aa1d9a	bb422eb887a4d3a4b918deb614b1b365d0aa1d9a
commit	bb5b75b274dd744d32cc94ad24a00fb4ced66099	bb5b75b274dd744d32cc94ad24a00fb4ced66099
commit	bb8ebd01e495ead05a9e221f75c9cfa735653777	10c63ec7c5766049ddd9570b6e840af8e4090e2c
commit	bbb352d26ce11094a79d4c1d2810f20b51558555	bbb352d26ce11094a79d4c1d2810f20b51558555
commit	bbd7e2a467e5c35bd6af308f45f829d7d48bdb74	6a2084024ee031be84545db1624edab427b94928
commit	bbf1fc2fb667901522202708f3a00880a9dec315	6bf1bda703f5002a8d9bbc6d64564e8c0f97b9fa
commit	bc07f16f3bfbce2366f723dc8f4dc4c9cfa0fb09	bc07f16f3bfbce2366f723dc8f4dc4c9cfa0fb09
commit	bc2ac8cf2acd45fc9580fa8d4278af436c2ad79e	bc2ac8cf2acd45fc9580fa8d4278af436c2ad79e
commit	bc362d935e69ef000691083ed0a2da15e21b3aed	c1c80e949220cdd85e86f307dd19b98287e7ce07
commit	bc88ac930f1fc4c0d03943a808d637c8917fe962	bc88ac930f1fc4c0d03943a808d637c8917fe962
commit	bc894dc82d3a8e090b38f49165cc0785ced9667d	b1b0ad8f2b670cf69be2c2ad449f4cf4731711fb
commit	bc95a4f69689f7021db6193144d024ff7e3d9be0	bc95a4f69689f7021db6193144d024ff7e3d9be0
commit	bcb3873758bd9d95adec08bb61fca205281b9ec8	bcb3873758bd9d95adec08bb61fca205281b9ec8
commit	bd0a15c04a7fee738994fc1d9cf26e744f9f7619	24e4e236cf5b3c27df157a015804c6468c606ee6
commit	bd13583a284c9fb254a8c1fed9d9b573c7b73929	bd13583a284c9fb254a8c1fed9d9b573c7b73929
commit	bd47f41ef7b4ab868d48cbc1e4ab2f7988770a53	bd47f41ef7b4ab868d48cbc1e4ab2f7988770a53
commit	bd52ea4fe46c37e6827a5c8a5b8f3dac65541560	bd52ea4fe46c37e6827a5c8a5b8f3dac65541560
commit	bd734a67c939bd57f6b5edcfc2eeb58b9ecad6d5	bd734a67c939bd57f6b5edcfc2eeb58b9ecad6d5
commit	bd76621d6b90ef65411dac44a096a18d9d753efa	bd76621d6b90ef65411dac44a096a18d9d753efa
commit	bd92bab7c49ce1775d5f0cfef59cb6b444e236af	bd92bab7c49ce1775d5f0cfef59cb6b444e236af
commit	bdae29cd5e78df049daa97296d147519e1810475	74f1e38a69eda4c2acb960f6299822e14a60adac
commit	bdaee39089792341987db5201f05c760c3097695	bdaee39089792341987db5201f05c760c3097695
commit	bdd838a27b2a64d5f73bc35029b3b941bcc58fa4	70f2af8abfa937ea838f2b318b86d2b47ccccb4d
commit	bde399e57779a57d308be75728a7ea983a4abc2f	bde399e57779a57d308be75728a7ea983a4abc2f
commit	bdefc4c5f5bb63cea66da5bc9045bd98453201d9	bdefc4c5f5bb63cea66da5bc9045bd98453201d9
commit	bdff1448e34d8fe55ca8bbe630ad5b125975f94a	bdff1448e34d8fe55ca8bbe630ad5b125975f94a
commit	be09c4c7ee89b27b3ef51881caedeb8879c75c1a	65c79cfe1b325e8914376826e8e2831c1f193d78
commit	be2b3d3b9d221f5c00da14ea5af307c504f5c86e	be2b3d3b9d221f5c00da14ea5af307c504f5c86e
commit	be43e4a881475e2a0207781d6c38013904c1fe69	be43e4a881475e2a0207781d6c38013904c1fe69
commit	be4464239e18a65ea477b1205bb2219b483ab1c9	be4464239e18a65ea477b1205bb2219b483ab1c9
commit	be4596759c6f9016191e6000dc0269cc301db51f	207b266d779bd0c7f8f40a6b91e9058bd3d365ce
commit	be49f2982084dcff186a9f791c240300e51d1674	be49f2982084dcff186a9f791c240300e51d1674
commit	be4e24303741bdc58165746a404b55fe8ef5723b	d95b4baad321559e7e613901112d3117424af89e
commit	be5dd1397fab767bbd66bb1fd0a42beb89f935c5	179e1d1e9d28a99cb0004df7e4594bdc7c6da47a
commit	be64b43ee25c8a9dc53004a8dd50f335a87db76b	0f612301295d608bd44ca9c22baccdc397170c08
commit	be6df823321050f12f10a0b4422fa0e740b54061	be6df823321050f12f10a0b4422fa0e740b54061
commit	bed722b3d4b25e13e076b28436f23b150374a885	60b0e07755cb1544665513a1805f55478f934b3e
commit	bedce329db9f482f05478c35aada2ecae45a3772	687cbf1bf45217acd8f8caaf7c25dfdb873af42c
commit	bef1f739ec6f86198fdbd68a1af7507b333f6165	bef1f739ec6f86198fdbd68a1af7507b333f6165
commit	bf3ba769304ab0238ff0f95b03f4c25d2895db2f	bf3ba769304ab0238ff0f95b03f4c25d2895db2f
commit	bf4d8d56149ce880e9ae03f8695f7e377f284e65	bf4d8d56149ce880e9ae03f8695f7e377f284e65
commit	bf5a816492c83ae6fbcfaa735657ed507e629c15	bf5a816492c83ae6fbcfaa735657ed507e629c15
commit	bf5db4086af29b5812101f8d08a364d283cd4be9	431a3c083ede3b30eb8a919dde57b4059d79fa7c
commit	bfaa35a65981a9e1d0d0a94350680475cc53bda9	30ccfd377e95a7be020d956dbe114ad4eda59b22
commit	bfac003e536816aa3581dc09b3d21ae20c5f58eb	4aad52e76a0d26960276367f5a26a0e274aeded2
commit	bfeeaeb1758cad2f5116bebfac2887cf3229fee5	bfeeaeb1758cad2f5116bebfac2887cf3229fee5
commit	bff61cc88d0a9b92e463be782e070a6e24c94eff	21f8a1689e4cc16d1d9a7dacdcf94f4e8f4bec5c
commit	c011746969d4e343b2361633f6b4216a127517b7	256c88b65631f3a43e50719113480c94c8614355
commit	c077a83254fcfa132c00e93d48289b0c0fc16f13	c077a83254fcfa132c00e93d48289b0c0fc16f13
commit	c121137c32be9572beab421d7c46f0d37ec1b6d5	c121137c32be9572beab421d7c46f0d37ec1b6d5
commit	c16f5d81394578343fb250aa1d4d5b0d25204450	1fbe0657dcd6256825f047a0fcf4e967f324766e
commit	c174cc64d33b40c6b2efc71e66d10eaea3d33485	b24e1d66ab1f5be0d4f6ad45ef8e646bce38ca93
commit	c1c54da8db6475e5b4552ff0b3b6fd58e8a65d01	c1c54da8db6475e5b4552ff0b3b6fd58e8a65d01
commit	c1ea636c6f9242e0caad594da25d6a2a39e72dd7	4574857c60d4d97fc95c810ce54ee2f1792cbfbb
commit	c1f5acddc6080fa4a0b7918d18f2d63718a3243f	c1f5acddc6080fa4a0b7918d18f2d63718a3243f
commit	c2012221169eb4d4dc5ebdceba0d27a76e786803	29c09e42a3b05e505a90960ecf8aab27dc90c504
commit	c211db86b3404180a7070600a6d6810a8f82de46	c211db86b3404180a7070600a6d6810a8f82de46
commit	c24081ece1611f3581ae0d2b17395e0c8733e3f6	af5d62fc1bd612daf203723ea5ec70d685dbc558
commit	c25aafab7957749180850ebeb0eac0cbcf3889ca	c25aafab7957749180850ebeb0eac0cbcf3889ca
commit	c2756433085b1ce4670bffe123aa411159a022a4	808ba13255c69aa52b143c4d2aed4507cafd551c
commit	c275ee4ebabb0a3e870a030c58382de707db37a7	c275ee4ebabb0a3e870a030c58382de707db37a7
commit	c27e5110a51c1746d8efd41a7995192117d3e00d	529ac950a862271ac571e12fc2855ed58df166a7
commit	c2961bdae83c30a8f17bf4923fe69a70efd14669	456250e4b5888f00904943a39b5a3046fe8fd236
commit	c29fc0a038c89f97ea9517f618af5448c965e091	c29fc0a038c89f97ea9517f618af5448c965e091
commit	c2a07438824097767e4a59644173e112b8adaae3	c2a07438824097767e4a59644173e112b8adaae3
commit	c2a9d1b4cf49539dc8d8f906bf7e88a04fcb165d	c2a9d1b4cf49539dc8d8f906bf7e88a04fcb165d
commit	c2f473af1ab279b914c354c740825e827a43fdde	c2f473af1ab279b914c354c740825e827a43fdde
commit	c33823660bf2cb3402a172e760b766eac0bb6cce	c33823660bf2cb3402a172e760b766eac0bb6cce
commit	c37bac93deaa8b3e30bf343f3e05389a69f8fc9f	c37bac93deaa8b3e30bf343f3e05389a69f8fc9f
commit	c3da2ef36f904e1885a162451b4d71b0d67e2e12	c3da2ef36f904e1885a162451b4d71b0d67e2e12
commit	c3ed0b6374d7cfb24321b4d7a72c462250b03bbf	c3ed0b6374d7cfb24321b4d7a72c462250b03bbf
commit	c40acf44a812af856a769df9ba51890087ce94fc	c40acf44a812af856a769df9ba51890087ce94fc
commit	c41c638fe96adf1c0a49c3b2b9841b6b528da3bb	c41c638fe96adf1c0a49c3b2b9841b6b528da3bb
commit	c4665fde7ae496044bd431c035e5557cf2afd2a3	c4665fde7ae496044bd431c035e5557cf2afd2a3
commit	c475fee2304e3c054c20725fcb35e38f2c5c3282	c475fee2304e3c054c20725fcb35e38f2c5c3282
commit	c4a202bab112250a943656b2715f6a9625e8ae85	812c8f589dadad741f669878b43fe550f0e1155a
commit	c4c64cf918d9d07c8aca5965b4fbac3b0a1d39e1	c4c64cf918d9d07c8aca5965b4fbac3b0a1d39e1
commit	c51d6a12bda1c4bfd294ded31a75ce3b19227ee7	c51d6a12bda1c4bfd294ded31a75ce3b19227ee7
commit	c51f08e9e2961ebbc8b384d261d3495f766c74a4	93d9302b0c0d45311f0b84a9b922a32011e97f51
commit	c58717b936e792c644c1e753813e6f3f01febe7e	23ec487729a80e93bef57e53293defa2628c5800
commit	c5b68406cc9cf793052d57bd95d69e33c6a8b623	c5b68406cc9cf793052d57bd95d69e33c6a8b623
commit	c5ccb445ad8eaa730884b255153f2b8c27870a01	9d2691ceb5351f3c023e8c2bf6c217c155f2b44e
commit	c5d1e7a9426712846100ea77beb3dc581e7d9ca0	c5d1e7a9426712846100ea77beb3dc581e7d9ca0
commit	c5e0c258c78eae35d2d12ae50ff68550d742e171	c5e0c258c78eae35d2d12ae50ff68550d742e171
commit	c60930dae1c662b9e2d83a280d3d4ae3574b0a78	262899d63ea327389af49645a4c887b4fc24732e
commit	c63dc2f51b1962de37c2ad6deb62643a03e7669c	c63dc2f51b1962de37c2ad6deb62643a03e7669c
commit	c65a6691bf045043ebaf1885f1d7e55d41b9f7ad	c65a6691bf045043ebaf1885f1d7e55d41b9f7ad
commit	c69bfe2f56f9fba6e248252b1edff89c7d16f86e	c69bfe2f56f9fba6e248252b1edff89c7d16f86e
commit	c6a879c4032e63be75b21630988fece5c1eec0ef	d04719568c9274819b4e68f00a03f67d3b00c7ba
commit	c6b15a98cdf99fca859e02ac44e564ceb06b157d	f2bae728eede2d8bbcbbd4078ba40dd2de1f257f
commit	c6ba2f0308e5b9530fb54a7873643fae2266e558	c6ba2f0308e5b9530fb54a7873643fae2266e558
commit	c6ed322dc39c42df1e0fbac10c0574030dce8136	c6ed322dc39c42df1e0fbac10c0574030dce8136
commit	c6fc356fe63b8e7f442cecf6117a741bec0874ba	37f8e78a53a6c6e0b2f4c1d0452dd2f3ec902d7f
commit	c704581e239ff84a19c66bcfecea334e878998b8	2e0fb2029ffb8dd4bddd53a9a256cda2a27187c4
commit	c70ffd0cd8d0be7787cc8592cf456e23a08acecf	c70ffd0cd8d0be7787cc8592cf456e23a08acecf
commit	c750b661f4d7b89b608b2ab675f0f09f47d2aa5d	7b7d92c48c130daf2c101a378607d365b446e980
commit	c76cc6414e6bf78f9f4d946ca9349ac5eb966525	c76cc6414e6bf78f9f4d946ca9349ac5eb966525
commit	c7878f0aae3c342127d1b28b069a35bbfc6f77c1	772d526d697c915f852bbea0bac8a92c8c78fbcf
commit	c7a71a037c3f82f29d960962dab38ca8dbf70347	c7a71a037c3f82f29d960962dab38ca8dbf70347
commit	c7a7c29d88de0a0b0a42cf9203b2df1758314abb	c7a7c29d88de0a0b0a42cf9203b2df1758314abb
commit	c7ab608efacf462c1477e95684d9917a32625afe	c7ab608efacf462c1477e95684d9917a32625afe
commit	c7b05c1183fae658a09e249fd45acdeac516a858	c7b05c1183fae658a09e249fd45acdeac516a858
commit	c7c53678bcfb7483de0cfc2cb98b66dffb21d412	513c3f7cbe957a89edc6bd5e7c47d32bd8c6df90
commit	c7e99768faf716023405e4cadbb01d8148045440	c7e99768faf716023405e4cadbb01d8148045440
commit	c80238a3bf483c5835da90a53311e71224b9654c	c80238a3bf483c5835da90a53311e71224b9654c
commit	c819cdebfd014d83cb5992d165bcfeb82db05c29	3528a7d85ffaa36647ed334ca43221c0f4c62e51
commit	c854cb442e6258b4c07b7115241182c66e47d725	c854cb442e6258b4c07b7115241182c66e47d725
commit	c87a2ae10b9f6cac86a0fa9c3e2d9c1b1520a0d7	c87a2ae10b9f6cac86a0fa9c3e2d9c1b1520a0d7
commit	c88dc5ceedc234cbdb4cf1799cc2157c22ad7b4f	c88dc5ceedc234cbdb4cf1799cc2157c22ad7b4f
commit	c89881152ce1f1deea3173dea31e6a1d5f086352	c89881152ce1f1deea3173dea31e6a1d5f086352
commit	c8b7fae06013d2543da69cee4aacfbdddba3550a	c8b7fae06013d2543da69cee4aacfbdddba3550a
commit	c8c372a4671c9a88a9d434cba3e48c846eaffdd2	39d223e439dce2d0d7c4cc83429b8ce89d277582
commit	c8c970dc688dd73107d9617d71fe949dbf4dfd93	c8c970dc688dd73107d9617d71fe949dbf4dfd93
commit	c8d56b7cea5a37e6d6f63500e5424e335a9a60ce	565493bf726caa2940b50b5c378394cb2ecf896b
commit	c908c75c5e35b4ca00683481400833f925a73eda	c908c75c5e35b4ca00683481400833f925a73eda
commit	c90917bba106c3a73e4652562cd4fe1582c69612	00ed5740b15680b26687a2664fd78f548c0cfc65
commit	c90f8ecb2a4f277df8f4590eae96dad41ab1a562	c90f8ecb2a4f277df8f4590eae96dad41ab1a562
commit	c9111cf95c59edf91f08e54c32c8cfe85e2df117	7000d68c5e7ab9d5e1639b3f40a2356c8b0fa7e4
commit	c938a91e7c96fc723383fb9103751269358779d0	c938a91e7c96fc723383fb9103751269358779d0
commit	c9451beffa2c1a888e7005c812baed683deed60c	a84da23fb52e087e41b8a1ef506ddb24a0ee083b
commit	c95041f5fd184eab48a74071ec093c93bd81411a	39a3078cc888a8a6d7cadbc325d083cd7babc81f
commit	c9553044d74584e28c53aada7d425af9ca20c71f	c9553044d74584e28c53aada7d425af9ca20c71f
commit	c967ad9a24459dadfca6403ebcf0e00e3153c7a8	c967ad9a24459dadfca6403ebcf0e00e3153c7a8
commit	c96f534cfc007df0b2235e47e0c5fb4979e19858	c96f534cfc007df0b2235e47e0c5fb4979e19858
commit	c9824594a9efb62bc4bc4b9ecdbc298fee84d806	e6724b294eedb29a40590f03bbdcf80af1a5a2db
commit	c9989399cbefecc198f926ac37ff6ca4796f064d	c9989399cbefecc198f926ac37ff6ca4796f064d
commit	c9a30f28cea1402efdd564a2076d633137899225	9ce1b0635fa5f51bef6edce0292ef69a820a3aa2
commit	c9cb3ea135c810f9567e98dc3ab1d73e86db4e3a	7903bc0d94a73780347f9994ffad5e892336979c
commit	c9ffaf24dfe748abc9b74a9a82167d73ada656db	6c12c0e21c3daaf177dd8dce59f3e2199a6c3d43
commit	ca0ecbbcafbcd400e6ba50a3f19063b44b4e823d	ca0ecbbcafbcd400e6ba50a3f19063b44b4e823d
commit	ca2d0543479c83766a8604cdba589004e6fdd082	ca2d0543479c83766a8604cdba589004e6fdd082
commit	ca3074551f453e00b7ecea9a4df411bc912ec4f4	ca3074551f453e00b7ecea9a4df411bc912ec4f4
commit	ca416d146700d50db8eb286171a8fbb11fa8c61b	b16b6adc5dff5663e503f75cd13aed954292cb67
commit	cac442307f55174fe5b2750b0e0d72c419879eae	2f8f3603c3ecc6649b606ed606ade9a55a83c7b9
commit	cb03a4d7d546b9a508c9254972c49fbf8f73d134	9896ee0feef8291ad2ef15cdf0d1223b8492958d
commit	cb1272898c5980e2fdfe64ecc6dc849e8a618bec	cb1272898c5980e2fdfe64ecc6dc849e8a618bec
commit	cb377204ad95296a938c54d34bde822d64b1240c	cb377204ad95296a938c54d34bde822d64b1240c
commit	cb37b297760c4c868ea8b15d078f4bacf0abc846	f3cb5ad579ad8c5d7f9f84d1d676b87b2da538cf
commit	cb5b5f79aa8cf24bc15cb2aadc62637fb302fe03	e05d8a4fa59620f4dcd8da56d89d6d1e8efe8dae
commit	cb76b4b024ea0470d6b803ae4b33ea60c5d20601	cb76b4b024ea0470d6b803ae4b33ea60c5d20601
commit	cb8e3524e64fa4b31dffd6dfe3e8ef1da3b6622c	6d6ae02e62b2c0a2246ba0aadb4ca878c65a01fb
commit	cb9bc96ab7d7f788a70042e7551b19c6c429d729	cb9bc96ab7d7f788a70042e7551b19c6c429d729
commit	cb9d5f3a5c9f3b7ecf7b19b35f9c77a5985c7440	cb9d5f3a5c9f3b7ecf7b19b35f9c77a5985c7440
commit	cba5317478579933b96b7e28c7afdb9cc4283462	e47d57cfc09e53b043ae7fe1ab71de05311a3c0e
commit	cbc72cef8d54d03daf55b58f588878fcbf0ea788	cbc72cef8d54d03daf55b58f588878fcbf0ea788
commit	cbe35f7e69854e583a28510b3df37f10d42bd4f1	cbe35f7e69854e583a28510b3df37f10d42bd4f1
commit	cbe3bde9756ac764693ce16f6d2da18a13b2eb57	cbe3bde9756ac764693ce16f6d2da18a13b2eb57
commit	cbfc02bd6720a3b270d11800dfa1bfd2b76d80fd	845d0cd4bced984f8240b0150ab72d5fb2f744cc
commit	cc08ee131991c31db844b7584424fe1d9e222dc1	cc08ee131991c31db844b7584424fe1d9e222dc1
commit	cc0f630da0ea6a1f768358c36930d90870f90a53	04173ac6ec39644273ce54f398be25439a6e2b35
commit	cc1a3e3e4ea3bff267fee2dc68cf76a70b72eb26	d6dd27ee13fdf881488332c2ffc61978f2c1f6a8
commit	cc43a98a5bde018a2d1fa9d5addb331f01b37cd7	6efb8afc458a190da3952f5a9a5b06b39da28493
commit	cc4541be64649eb3e4f763d703174aa54085a628	cc4541be64649eb3e4f763d703174aa54085a628
commit	cc74c6770c9bef0b11ad77dd89aaf8166b077a8f	afc6d35cc36c799256cfb2110da556323c1883f7
commit	cc76d3d8ef3f083e4b92f8afed413cfafcda967d	cc76d3d8ef3f083e4b92f8afed413cfafcda967d
commit	cca22eca2bf158916a4dc568d70b38e7af81efaf	e53d1d63f1638f0de7c944a634e7ce6d1a81963c
commit	ccfb2f8745f2d95e54f3e4a72847342e0a1badd9	ccfb2f8745f2d95e54f3e4a72847342e0a1badd9
commit	cd0a7b999e744eda50f044d845891c4f497b5d5c	cd0a7b999e744eda50f044d845891c4f497b5d5c
commit	cd25403aa154a640f1cc3bb235029a76ca706369	cd25403aa154a640f1cc3bb235029a76ca706369
commit	cd2ee57da01c6de0e70525620c16dc8be87dcdad	2820cf9e9333d04f91413296e53d1a0df77858ad
commit	cd4b3d7def83e32ff8f120a96b7fba65b5056eea	1da9b6fff4d401cc5f5d3c5a95f4ec825054257d
commit	cd715d6f4fcf8f99449c80c2d4205740e579d65c	cd715d6f4fcf8f99449c80c2d4205740e579d65c
commit	cd7f5e1de058c55b7f431c896e0ce390233932f9	3c52fc70a7b0cc6153d37f4e7d5e50648d7af695
commit	cd8566e0c2ef1697cac39965f995fd39b5c01545	f2e594c1cf0fb3eb2657e778bb112255fb911643
commit	cd927afea0294569962a11b15d1d498ca36ff6e9	9a11a12b3429eb5cef12729c8deffe2bb0af10f0
commit	cdb8ec91337a2689589ef49ca8e8716ca679d652	621395370a3b7e034bb7a967e580490e907a2ce3
commit	ce18deb1c83e11e15c3563e995ee17240e90cfa4	50582ea2ae17183504a1db480e66fdce6e142d8a
commit	cee5620a61967baf5979c936b1791aca2bf8ce83	c52c6c9bb040c5224256a2e490101702e6b2eff7
commit	cf303716330f9475b19792c836fbb906b083783c	cbea309f6b8365eb1dc74bedf02e7a9ad553b7e6
commit	cf366af1559ba850ba0b2d5de847acfcb1405fae	b10cd0804d592e3c0b9529c858107f0c987f5d0a
commit	cf4eb246cd1c8a0b1b290d00f01e8a4d73781ed2	cf4eb246cd1c8a0b1b290d00f01e8a4d73781ed2
commit	cf537de546e5ab3a4af9badce68bf42b211903a9	979f7d171a0791c17f066ace509c206e511c60ef
commit	cf557ca32884807e8588c53290d54576fcb04527	b2edf62e9e9d2803a6fd479dc31b078057eeff5a
commit	cf686c767f8f64214a48df92223cf9daf14f4aa9	cf686c767f8f64214a48df92223cf9daf14f4aa9
commit	cf764ae2d0da8074cd83a08f28bcdb9b6bb2041f	cf764ae2d0da8074cd83a08f28bcdb9b6bb2041f
commit	cf76e29140ab7b5c32c39a1fb4c4c62870e9c527	014210113f1686bb5cb92628b86fa937d886192a
commit	cf831cba4b518f9c0fb64ec8a9d76123880b3cbd	cf831cba4b518f9c0fb64ec8a9d76123880b3cbd
commit	d006ad2b763568759fc14e7a802ad030b0d5bdd4	d006ad2b763568759fc14e7a802ad030b0d5bdd4
commit	d02d1bae21d38d5bca1fd1998ebcf3d0bcc64be6	95d35ca96e6bab10bb2e9ec5555594358a77640f
commit	d09c2a538dce418218972d178bce1d01d9760169	d09c2a538dce418218972d178bce1d01d9760169
commit	d0a2c15d5832c9a92a7b5921582ab0fbc4fdaf98	d0a2c15d5832c9a92a7b5921582ab0fbc4fdaf98
commit	d0a941d2d3f21fb8f9c15ae1a112a3d3a703028e	c4b251a5831e05f3e9eb650de366f8c817a073b5
commit	d0ab75a00a2ad0762dcc9f4d7f010ad748cca7f2	d0ab75a00a2ad0762dcc9f4d7f010ad748cca7f2
commit	d0bfbe3d19aae7be01f90a6611476ac57556d47c	d0bfbe3d19aae7be01f90a6611476ac57556d47c
commit	d0c3af4abe05539ae976c385775a8d9c653c3928	d0c3af4abe05539ae976c385775a8d9c653c3928
commit	d0c7778e63bd7fbcfa8b72c3dce2da29bf2c2b13	d0c7778e63bd7fbcfa8b72c3dce2da29bf2c2b13
commit	d0cdc6ca986596045127087225b6fae9b7cd3497	0f9573f787feee0da10fa19dae907b58d27970ff
commit	d0e23a6b862766475794aa606df116cfe6a36b87	8c4041f09033c0755b87133d62544f2f0ea7df4d
commit	d0e9f5a610248ad9651313ea4e9dc91d69e7f0f3	d48661368acc36bf1871b51289d45b273c403fa0
commit	d0f9e6cceabcbbd56497b2c7f96fef7b12e75628	d0f9e6cceabcbbd56497b2c7f96fef7b12e75628
commit	d1166bb1976c001265b54994acf67330d4cf3549	03ee50d6d9d5f07bd704d6244ed619c922409164
commit	d11d9a2a1bdd524ec2c1163edb1df06a2c876374	114f0b9de931a00e4c438ee7c099c428bdb244db
commit	d144003415e38beca65e548b5596380d1a22935c	d144003415e38beca65e548b5596380d1a22935c
commit	d150681b22fb629dbcd66bf605931da4c20b7556	d150681b22fb629dbcd66bf605931da4c20b7556
commit	d164870eedb00f2ace360685bb4c534f91f1b83a	d164870eedb00f2ace360685bb4c534f91f1b83a
commit	d1a86ed497fee927074d3e0ce906057b81eb5583	3a0a9e48da9fa2008c7d6e1189bbcca05290ecc7
commit	d1ab184409aba2bb1152cf2fe4f11c794a6fa708	bcc9c5e521131c762a5bc6ae3985905a6f99c38d
commit	d1c969603fb11fbcc56895dde642391ff2e3460a	ec3059ab72368e69bba0b08c3c62c3aaf189c139
commit	d1fb4f140cae4a9e15896552170024be7cd8fc0a	d1fb4f140cae4a9e15896552170024be7cd8fc0a
commit	d212996a43e8d9599aff92380524ef93eb275d1d	9da5797c668a79f1569b98c10117366a2ea49ecc
commit	d269d55350b70f445e322280e96bffd97186e707	400fcba7cb00ddb04fbfac8fc337335baac42155
commit	d2853028f10febb3c89873acf905cc5b57e6abf6	e1d101f9edd8f8b68809c72a93d41630d387684e
commit	d2bb3dae48da40629c21533cfe216d69c4e98848	d2bb3dae48da40629c21533cfe216d69c4e98848
commit	d2c94c4ce98ff6fe0c681c2d2074f3650bbb4890	7f72bcd260426b2b17ef9c726ad730419203f2a6
commit	d2e572ac7794bc18bfd5021e9524cc64f2b2c33e	d2e572ac7794bc18bfd5021e9524cc64f2b2c33e
commit	d305c806bc7a6ef30227044ae5f0d7300c4f384d	d305c806bc7a6ef30227044ae5f0d7300c4f384d
commit	d3b79e9ca53da79242460ceddeb933fc8a97924e	d3b79e9ca53da79242460ceddeb933fc8a97924e
commit	d3c20cca94a025aac9ce7b7327b2f49bd87975cc	d3c20cca94a025aac9ce7b7327b2f49bd87975cc
commit	d4058ba8c0a98bd279cdaf0b0ce470f424648a6e	7c528a69abdf0602098008f557ea46e83f265115
commit	d460c928dc36aca6231a86393e1845cd6484f251	82307a9e6688360857c24445f498ba89da8c8534
commit	d4b91f4435230be8772c73db6bfb0e5e7c4819ec	6d1931d97999aebf687a634291beee724a0d339b
commit	d4be71ea4b2cd0a295da5bd528dd6f2f4384364c	d4be71ea4b2cd0a295da5bd528dd6f2f4384364c
commit	d4deaf800bff922483f790cd94dae5b78ff245b0	d4deaf800bff922483f790cd94dae5b78ff245b0
commit	d4e832fef40e1b84e78a16ed896cfc7844d4114d	d4e832fef40e1b84e78a16ed896cfc7844d4114d
commit	d4f9716b26413e62d41e17ab2df212d27bb84c65	d4f9716b26413e62d41e17ab2df212d27bb84c65
commit	d51636dec5c7c6424211a57711d878e44af8385f	d51636dec5c7c6424211a57711d878e44af8385f
commit	d516b751a08aa89c4c328e3d02df9447391f7190	d516b751a08aa89c4c328e3d02df9447391f7190
commit	d51fa4be6bf9a1a297e78fb160aa255d73806f9c	ddcf91023b2f6ff8a80423a6ef3ddb7daa9d7ca1
commit	d554455ee796aff9604fdb21f8f8b4c7e2e7a095	c4c78e2d7950d2ca6d0d719e6d929337de37dcf4
commit	d569dbfe0554db6894cfb7b4d9c0af71d53351f2	d569dbfe0554db6894cfb7b4d9c0af71d53351f2
commit	d59570ccfddc2c72b9ace0003c3fb1b4a25575b0	d4cf59eef862d074bbb33dba977577b051f94691
commit	d5cd633d9baad53750470db630ed0e6a77830391	779365f06228ffb0734aa5e5622799c2f8c87f37
commit	d5e24497e880991b20505e5beb45212c30074cc1	a6fa5c1c834bd1d023a4f3d9aee62fd66ce06630
commit	d5ea2b67c519fe533f3bd8680269a6f558529302	d5ea2b67c519fe533f3bd8680269a6f558529302
commit	d5fce4b8431a878df5338258befe930612e70552	d5fce4b8431a878df5338258befe930612e70552
commit	d616f086673bb29edb0d2375db3d4ca99e0b523c	5e61f73bdb3ccc4303b6fec0b63c77f5f53b42bc
commit	d645d97a0ee189835f7c3846539922ced8739db5	d645d97a0ee189835f7c3846539922ced8739db5
commit	d64bfefdd27568d51384a188d66adf2b0cc3579c	d64bfefdd27568d51384a188d66adf2b0cc3579c
commit	d675a2036285b559d9ca3bff168ea02c2c904053	c27511c95d3864c75bf62b9777f8027976015cbf
commit	d6a7ea9cbc98bc7d185c6ba1a9c2bc42b537b8de	d6a7ea9cbc98bc7d185c6ba1a9c2bc42b537b8de
commit	d6db2f40cbd0c509eeaf8003e4148eb7cab3c33e	d6db2f40cbd0c509eeaf8003e4148eb7cab3c33e
commit	d7536324c753c0be747bde995cef5a4b205e639a	3f698c4bbbc06136999716208533f59a6bc0d703
commit	d7727c0ad3f327f707a199452833df6fad915fb3	4c7b97e9fe1bd56f0ec4e63dc15e4b2f699a8beb
commit	d77505e20c3c60bfafff7483dcde76657d8ee5be	603d8b62b97f9a8b851854a9b862e2dab0c36bf6
commit	d79ff463e2769992fceb74de17d71224d813bd0e	d79ff463e2769992fceb74de17d71224d813bd0e
commit	d7ec27425ea047c9d8e073e409786de118f611ad	8f1e0e6d6baeb4e68507301cf3f68d507c4a9cd9
commit	d7fef63307df1dcdb26287f6f447f5a131f5068b	90673120e90ba96b45ead173eb0ac0c5d432dc82
commit	d85f0d7111ce7acfe0bd851de959f51ab1079da0	0d5ff642eee12997602de7f02a8c86f54adeb5da
commit	d89374a817d0bf2d00c19650bca1aa40acb9c316	94d9c86859cda3c69ac3d189ef77237d5d5afb20
commit	d89e04e50386192367fa41e447707a9cb8846e11	b09c481cd68bf236972e0eaf42c0c0e73dd704de
commit	d90a4fc0432f37cc6be0cdd1bff0f6e5964d9a0a	3264dea6502474dc2a109c95b99137fe9a3fa22c
commit	d921e2126e977d1fef75a281c5e056af6f69f2ce	d921e2126e977d1fef75a281c5e056af6f69f2ce
commit	d933cec42309ca44eb6825f42ba84d980429fa9b	d933cec42309ca44eb6825f42ba84d980429fa9b
commit	d94ed06f0e20ae07125fe94bac7bb21fd48f93c0	d94ed06f0e20ae07125fe94bac7bb21fd48f93c0
commit	d96268a6d02734ea228c81e30098a175565c9542	d96268a6d02734ea228c81e30098a175565c9542
commit	d986003d59f1c667b959e1faf77fc5875f4f5d88	d986003d59f1c667b959e1faf77fc5875f4f5d88
commit	d99b335a91e5f75467d96fbfed46044fa3221962	45110351691bd7d946bd4247c357ca154b75ae47
commit	d9b14b6030a01c28de7476a009b75b5307d4d134	d9b14b6030a01c28de7476a009b75b5307d4d134
commit	d9dea47807575b527caf45470a6a69454aa3a73a	d9dea47807575b527caf45470a6a69454aa3a73a
commit	d9e3b1b0b3da8b4f0bc3932417bc809494b203a3	6cba0d63e91412a9ed3ac843f47b2a6500ac2845
commit	d9f883b446e3de3f86b2204a1a5d32c2594a86b1	653a3f3de921c27f63ab0c2290807d1de4e36dcc
commit	da1b50489e4e03c43c921b8d7cea2b2f2fcaf2e4	da1b50489e4e03c43c921b8d7cea2b2f2fcaf2e4
commit	da1ef57bfb9a511c288557edb10d944d2a7a69b7	4552b76821a796185c80954cafcd1bc191cda178
commit	da241c2660ec717ae0c96e6983dc3d0b35c26f85	da241c2660ec717ae0c96e6983dc3d0b35c26f85
commit	da353c50de54e82b90da521634b9916be816d3e6	da353c50de54e82b90da521634b9916be816d3e6
commit	da95d0f2b561e756724413a7fc834e4e368e49b5	da95d0f2b561e756724413a7fc834e4e368e49b5
commit	daf84d9081e84e7e2037158a91af3e06afdade62	daf84d9081e84e7e2037158a91af3e06afdade62
commit	daf9e24fd0af8b994b6863554e1079379c2aec4f	daf9e24fd0af8b994b6863554e1079379c2aec4f
commit	db16b0c310650166f3f7e785431595fd9617c667	57a3928b3ac80addfe545e821e7d1dbd41156256
commit	db8ca8077929ab56edea81f96dd18202e35a9d5d	db8ca8077929ab56edea81f96dd18202e35a9d5d
commit	dbadb696e0713993c23a73a5da021efc5150fd9c	dbadb696e0713993c23a73a5da021efc5150fd9c
commit	dbb97fe552436b1b47fee0abf9ab8be2915e5e5e	dbb97fe552436b1b47fee0abf9ab8be2915e5e5e
commit	dbf9156bd364428ba31c6a02c7293bbd8e484c4c	152efe7dff3d6eabab330575b8b94aee7cec96c6
commit	dbf9ff7975b45b7f414cd6b1338f8247740478a8	d37a056f3b78cce1c556ccd9a187fd58598f83fb
commit	dc1347b4cfd22f1d5d3d328086a8c1c88c301e8a	dc1347b4cfd22f1d5d3d328086a8c1c88c301e8a
commit	dc2878ad25aee5fc7a3d4b7289523d1afdfd96f4	dc2878ad25aee5fc7a3d4b7289523d1afdfd96f4
commit	dc3f200cc420b263e91b943ed9b7dca75b924744	f66b895d0878933ffc9f87085678a86780ddd276
commit	dc4340d975b301c10ae55cc3b0f7d42b6d0cd035	dc4340d975b301c10ae55cc3b0f7d42b6d0cd035
commit	dc479adbf42fb9cea6efffd958b60e3ca7243ad8	7b300b5cf72cbb390451243707b1030c601677b9
commit	dc4804e419b7e2037d830fc5cdcd50cfabbc6245	ff1ab09a04f69c0f701b19f603c96a3ac3e5a6c8
commit	dc5844b7ce175a1bbb4019269ab110e775f48846	193a6e49bb75df599f0a60bedd74c6d6e3cf176e
commit	dc831fbd9e4135c3cdf00c8a0191007456f8822c	f705745efe35a4d179625e024a2186ac65877a67
commit	dcb9cd0334b97739e609e04b545223a48def4716	dcb9cd0334b97739e609e04b545223a48def4716
commit	dd0b20695083ebbcb403ae7366b26c7960912589	dd0b20695083ebbcb403ae7366b26c7960912589
commit	dd581adedf27757a69254bcc14dc1b71c92bcc3b	dd581adedf27757a69254bcc14dc1b71c92bcc3b
commit	dd5b77b032a6540d18dea7591aa5e07a3547a438	dd5b77b032a6540d18dea7591aa5e07a3547a438
commit	dda7d2dfd5684eb07adcc7f7a7ea80f79ed7ec93	dda7d2dfd5684eb07adcc7f7a7ea80f79ed7ec93
commit	ddc342ce44ca3e3ce7d46b4f8c4faabc024cfb3d	ca2cf74701c45f9ba97e55faad8d522bf210b989
commit	dddf3d38a072c11f68e3821570421d0f03a61cf4	dddf3d38a072c11f68e3821570421d0f03a61cf4
commit	ddf783d454d6564d582bfd7883e63c81a94453e7	eda3fc88cde48b0288cdf8dbffcd75ebe0dda53e
commit	de1a4ecfe7701f92ba40296710b32cb048fb53b2	de1a4ecfe7701f92ba40296710b32cb048fb53b2
commit	de23b7c457fe25090dc2d25974946c586a62ddff	de23b7c457fe25090dc2d25974946c586a62ddff
commit	de250be2c7bedb125d7b9056f16ee9990e915f0c	de250be2c7bedb125d7b9056f16ee9990e915f0c
commit	de452299f107437d5af22d86481e783979b9a616	de452299f107437d5af22d86481e783979b9a616
commit	de87273354307fd9a370bbf14e23b626a665fdcb	de87273354307fd9a370bbf14e23b626a665fdcb
commit	decfc354e00269fab33cc9b278cba1b9b81b4a95	aefc94ae4f4aceb24e908f65f21aa920cfb8bf90
commit	dee244806e679e5b2b20803af0a2941c624e9655	9c94ed260260e5b1c83534ce3a1089da522cd3fb
commit	df39c1e56cf2311900fcddbc6405e53f6689cfcd	df39c1e56cf2311900fcddbc6405e53f6689cfcd
commit	df3ab730fd7db72c12ac7e76ba1ef01b30d46261	df3ab730fd7db72c12ac7e76ba1ef01b30d46261
commit	df451b61cd58c6777689743563825c3d06dfa7cc	df451b61cd58c6777689743563825c3d06dfa7cc
commit	df75cbd2381682b61e424d5b9c3247be33e992bd	444c4d93080d43a6ccba811111e1cdd78f8f1350
commit	dfb9af3074dbd1290f6714bbe293da628b9f4b90	dfb9af3074dbd1290f6714bbe293da628b9f4b90
commit	dfceadeb90ce9c6f5749ffe77d531ffcafb4eb10	d0747057ca6840ee9d5685bafbf6405c542d2d1b
commit	dfe5d1fa56c94c738c67397529b731ecd1f04946	8427d3ba84c340f9ea31a0b910322d166a7fc93a
commit	dff0855342757af0bb2010b244b68ef1349bb427	5b47a56b9913bb68315f518a881021a7f1c67346
commit	e00c8c015a34e5dde006e608649ab98d3bee5e6c	47e9ebfbd0862d7ceb248dd053174c17b0cda885
commit	e01ee1ddf3147fd52d1f1071c93010fb00622528	e01ee1ddf3147fd52d1f1071c93010fb00622528
commit	e0571c2aefa9fe9081c010346bffffd14fde638d	7d587b24180cb31be4dd7381f883a8cdfdde9c68
commit	e05d178b3b8409a5347d1ed1972a56bc73e2b57d	e05d178b3b8409a5347d1ed1972a56bc73e2b57d
commit	e05d66d2916d89f0fcada45a83abd007ee35cc64	e05d66d2916d89f0fcada45a83abd007ee35cc64
commit	e05e36aae6e1303037e9e7f5f9b164063b6c9465	e05e36aae6e1303037e9e7f5f9b164063b6c9465
commit	e0629b82fc700fcb55c2133c20741bf12217c5c2	e0629b82fc700fcb55c2133c20741bf12217c5c2
commit	e06c444782c705f22c6aecf02ccdb06b6a1b7656	e06c444782c705f22c6aecf02ccdb06b6a1b7656
commit	e07d3c8490906bbc0d4284f044d869703a1bc142	e07d3c8490906bbc0d4284f044d869703a1bc142
commit	e0896a8a2cefdf2e8a3440acc1c81db489ee1e60	e0896a8a2cefdf2e8a3440acc1c81db489ee1e60
commit	e08df497cc2a48190d5a28960bb5dc56d3fe2d5d	e08df497cc2a48190d5a28960bb5dc56d3fe2d5d
commit	e095fde1c8ecdbf36ffed7583d9105df8ba2d668	e095fde1c8ecdbf36ffed7583d9105df8ba2d668
commit	e0dbdf67c32c2cb1e994949745cce07b42955c9b	e0dbdf67c32c2cb1e994949745cce07b42955c9b
commit	e0e72cbdad4ec5e50af23f1d8b92a4677f8aefda	e0e72cbdad4ec5e50af23f1d8b92a4677f8aefda
commit	e0ea625a655a977e4fe379f2eda8e2e28e19f4c7	059c1f271e634923ed836b614936933fb14c16e6
commit	e0f07cf787199e0739d8913c4ea793c11a6dc881	e0f07cf787199e0739d8913c4ea793c11a6dc881
commit	e0f176f63bb6a0e24fc6cdf0ed712aef9324b6c3	958c1c06a48c9e9911deaf0d18629ed995348047
commit	e101b952320d48321cff46d0ea1080c3df381d1e	e101b952320d48321cff46d0ea1080c3df381d1e
commit	e10547b6c2659aba05da819d41b72bc5fd096e91	e10547b6c2659aba05da819d41b72bc5fd096e91
commit	e1839e163a9b79dcc8f798098c37746976798d7a	e1839e163a9b79dcc8f798098c37746976798d7a
commit	e1e3dc4a75db0e2e38ccda0147626f019cd39a88	e1e3dc4a75db0e2e38ccda0147626f019cd39a88
commit	e2043651ab0af5ca41f422e0929cb9d87572fd3a	e2043651ab0af5ca41f422e0929cb9d87572fd3a
commit	e205a9ea3522d7fba30b22551c69c370ed112dfb	7c8f7722a4e7c51792eb8a7919edb44fc34a49ed
commit	e2069c366feaf43c6628f4b3fd89cb255994e7d5	e2069c366feaf43c6628f4b3fd89cb255994e7d5
commit	e21d77f1b6b81cf024368f85699adf200c237638	0d00a7d1932c8361f973ab2e004ad92dd2520d77
commit	e228be81889aedc8eb88709aa1dfde0756d4c385	e228be81889aedc8eb88709aa1dfde0756d4c385
commit	e23068b61c536ccc9eba180e8e1c85ce22e48e46	62010e018225c50e0cc034ed5bdadd4759e86776
commit	e23a79451b1502dec90b1db12bf532989e86f866	e23a79451b1502dec90b1db12bf532989e86f866
commit	e25ad5bde2cbd20bb97583c381d797aeeb26d083	462aab40c319aee88fcef96348c91a3bd0a11f9e
commit	e2708a2a93a4115a3fcb2ee73683a166c812c203	e2708a2a93a4115a3fcb2ee73683a166c812c203
commit	e2820e1504f5d48de77abdcb308921f13e32fffc	e2820e1504f5d48de77abdcb308921f13e32fffc
commit	e2a445892a02775098aa9e240a9002cd131980cf	86bc3220144903d038d80acae21f9ecd0df06082
commit	e2d68e3e9d22c392c0b707b410128541f1c6be88	0539e407d317e11cdae839a910bf5f0ec76bfdaf
commit	e3229873bc835d347a754613c7da5fe0f47d5e62	24e15c2dbb0285b96d19286a727a94b251f9b428
commit	e333eef8e99dc51da4aaafdb2c06fd33c8f14598	e333eef8e99dc51da4aaafdb2c06fd33c8f14598
commit	e352100565857e2baf2d0c6c36a475738dd9f331	b07866659bc7670ac7e96888619878ca1350b7f4
commit	e371476927ce64ccfd84587dc4628c9f21fb6888	a375c564757ba31cec985267ca61d6ca2ad6cbdd
commit	e38a019ee88bd02184338d16ab55bbb8d81ef2f6	e38a019ee88bd02184338d16ab55bbb8d81ef2f6
commit	e39a974501d2839cd523777b45fde46f4fb8b70f	e39a974501d2839cd523777b45fde46f4fb8b70f
commit	e39c153d000ad4fc4087ce8546f95b2b803c9bae	e39c153d000ad4fc4087ce8546f95b2b803c9bae
commit	e3a21119b261b7636077bd882c984367a42bbc5e	e3a21119b261b7636077bd882c984367a42bbc5e
commit	e3a82012b36463e376b8f2cba481d82364151aec	f2300e49ad93f86762db2302b3ce5808423c27e2
commit	e3b3684d9c2b93b73cac32939de897850422cb5f	e3b3684d9c2b93b73cac32939de897850422cb5f
commit	e3bbcac23cf4f0dd67e7a4a845ee49dcc6b25dd8	e3bbcac23cf4f0dd67e7a4a845ee49dcc6b25dd8
commit	e3fb5d94c6502b4ab6c8873bfb495aa269bc3460	4a9075436f0b43f6dc2cca8564bbcdf00653d050
commit	e410d58d468903abc37efba4d800b537be573cda	e410d58d468903abc37efba4d800b537be573cda
commit	e423f84bf69c62f619ae20a843009b5a94a1e5a3	e423f84bf69c62f619ae20a843009b5a94a1e5a3
commit	e447ba3c28c11191b02050256823ae85d6dbba93	4917e76ebacfe6fd9727fed9fed394a2855679b2
commit	e469ff2d2e4b32b17f6f60b5642632699ce720e5	bcc2fe162fa82082b166a4aab19ea592351df55f
commit	e47c51929864ebc8203aa625931d25afb6f20217	e47c51929864ebc8203aa625931d25afb6f20217
commit	e493c5f81f45fea079d3720d057d1f32f4075133	e493c5f81f45fea079d3720d057d1f32f4075133
commit	e4cb56e081426a2127ca24d1b48d7d9e8e8b4702	e4cb56e081426a2127ca24d1b48d7d9e8e8b4702
commit	e4d064e6b152b5cbd674df8a19f6f81ec376220f	e4d064e6b152b5cbd674df8a19f6f81ec376220f
commit	e4e3bf8371aca054d4b1dda14cd902ec4f42a651	0f0cf8a1ce99d67deafa1322c527cdab4958d235
commit	e4e6d6ffa75f53c6cbdbbfe2b2e64475a4879b26	646d4c792a9f00e80d37109c028fe3caf5129bb1
commit	e4fad416dc1775953394baa6d01a3d7d223600c5	82f9c79a5313ef11c54d8dcc4d0e9a349d82cbf8
commit	e524f30cac41b1bbdbf6e2a91f56263312f975c2	b2ae73bc62b7a9c778af7b96d46aaabbeccfad0c
commit	e5501eae2de26c0e8cf963d188a62f7b5a74139d	e5501eae2de26c0e8cf963d188a62f7b5a74139d
commit	e551f156416cd2b32677437a3e1a1104b210b6f2	e551f156416cd2b32677437a3e1a1104b210b6f2
commit	e56cf51c7ade7787d91897fa5ed2506c77f7b503	e56cf51c7ade7787d91897fa5ed2506c77f7b503
commit	e56d9a79c19e2026323f2bd4f28317e8d801ed03	aadf263f429caf144c4c2ecabcd3f0241b95b3c7
commit	e5767e02a596315127cf9fd4a95305b92381deb3	e5767e02a596315127cf9fd4a95305b92381deb3
commit	e582659dc90ca53654fbc19a513cb034c5212897	890c5d4e83cc60d05bf0cb64a157aa579a483fd4
commit	e5a0214a1c7c73945c8607b81c1038590c036677	e5a0214a1c7c73945c8607b81c1038590c036677
commit	e5a7edcab04038d2d19157c730ee5fd3c1fc6e23	49fc62bf70b25c693188273229c1bb17e88c3a91
commit	e5c9ccea705bf5fbff2635c507b96290c4e409ab	bd05ffd22d1d9bf740ae5c91058de95bd02bfef6
commit	e5f67ca6abf01793f33a2911f7722a3495f36e8f	ee4d0667b3ce6bf8a5542000dda9bf698752a9a1
commit	e5fb10f655cde0e33223026b258d68962e75cd36	e5fb10f655cde0e33223026b258d68962e75cd36
commit	e624fd9b3273518da2141d35bf878bf7fc9051f0	e624fd9b3273518da2141d35bf878bf7fc9051f0
commit	e62f58dffa95b1b28a57a13bc61589bda099a66e	e62f58dffa95b1b28a57a13bc61589bda099a66e
commit	e6321b96cf00b9e6d136a4e7511d1dd8d8f1668f	84e4224a5f6602db0e16d94258230286a997c81b
commit	e63669e59518006f304e8daf9727096ecfa67dfd	e63669e59518006f304e8daf9727096ecfa67dfd
commit	e667aa8b1b3388db6950b4845a96a7d5c2063b10	e667aa8b1b3388db6950b4845a96a7d5c2063b10
commit	e69def4e78e2462ee69f1c588c995574b9fd28df	e69def4e78e2462ee69f1c588c995574b9fd28df
commit	e6ac9853ebc9de2710a9264287bd2a046161b26c	e6ac9853ebc9de2710a9264287bd2a046161b26c
commit	e6dc75422a93e7b783a9b6f94f69b13393d47eae	e6dc75422a93e7b783a9b6f94f69b13393d47eae
commit	e6ff80f793bad0cabd0a676d94bcdfc60929b950	537809e52876af88da90da73b7ba77e7a487b05d
commit	e756369f6e42ac60332cca8ed1540149484df5ea	e756369f6e42ac60332cca8ed1540149484df5ea
commit	e772734435b9f88f1dd0fafc9187aa23efc03ddf	db4cd8adc87839db7c599e6e46ca41362f18b28a
commit	e798e972a181c81fbd86a094dab157dd15d2cd74	e798e972a181c81fbd86a094dab157dd15d2cd74
commit	e7ad9bbc7b8d4e94b7158fb91c30463815934d96	e7ad9bbc7b8d4e94b7158fb91c30463815934d96
commit	e7f6704002055983199b6747411020e84532a506	e7f6704002055983199b6747411020e84532a506
commit	e7fabdea4329173a1b9effcf5fbae87e7c8a2c1d	e7fabdea4329173a1b9effcf5fbae87e7c8a2c1d
commit	e85e103d54472e6b450e478d5e06c59856d00c60	e85e103d54472e6b450e478d5e06c59856d00c60
commit	e8700c11d82a6b1dcb5e29858163cc02d7f9dafa	e8700c11d82a6b1dcb5e29858163cc02d7f9dafa
commit	e8844852ab9da230affc52fdefb7e17bb228c7d5	e8844852ab9da230affc52fdefb7e17bb228c7d5
commit	e88a78e6fefcbe4cc1891864c324f40045ffc950	e88a78e6fefcbe4cc1891864c324f40045ffc950
commit	e8a0c6ef079f5451fd74dbd6b7c4625f01aa297e	e6278ed7028ef19e65f55fad4323b816216f2834
commit	e8ce80db0b40522182f0f4d010dba6687a03b065	e8ce80db0b40522182f0f4d010dba6687a03b065
commit	e8d659c15b5bc69b96076e2ae7f5fcca815e2d0d	0cf22e2e852c75add578c771e9a54a40387de7d4
commit	e90404f65b37b480c2f78e1b3167ec0df75a451b	e90404f65b37b480c2f78e1b3167ec0df75a451b
commit	e92bbc051cc1858d07330fea31ece74b2156437f	1be5e4d0799dff01b69d9254cb95471a17594017
commit	e94ae74cddfecf97e9ae5dfd62e04e395edf285c	e94ae74cddfecf97e9ae5dfd62e04e395edf285c
commit	e953a8d0b5c8a56e45001db4323ff75840e47447	5170bf22bc641743c69caa07b1740489b91e0c7c
commit	e9b4b6f89c6e70feedf84cfe67c3ce8589f04c97	e9b4b6f89c6e70feedf84cfe67c3ce8589f04c97
commit	e9c6f45f7833596416f70b83ecf3224378588777	e9c6f45f7833596416f70b83ecf3224378588777
commit	e9f67f4a78d58fce04b646cf3cd0e04293f79e25	e9f67f4a78d58fce04b646cf3cd0e04293f79e25
commit	ea18f99b0e8db0a47d97251bf7c4c6dbba7af51d	ea18f99b0e8db0a47d97251bf7c4c6dbba7af51d
commit	ea43ac82e2ebaabfddbf1711ec48667c19f958e0	ea43ac82e2ebaabfddbf1711ec48667c19f958e0
commit	ea927bcb367cb666e170b64618327adfa9d08b89	ea927bcb367cb666e170b64618327adfa9d08b89
commit	ea97db639e9dbeb2279ea513699ddecad266ff2f	ac8356b12f1fa45b07885091bbd7e98d2606c566
commit	eab40fe9a2af893fa863b39d4b8092925f6862de	eab40fe9a2af893fa863b39d4b8092925f6862de
commit	eab7a0c2a5e02f05ceb2c44f572c6f937dc2779d	9813dadd4915c3dc75d33a600ec882ca0aea3198
commit	ead12a1cc17de9596a9cedea39d6ac75c8a9a6dc	ead12a1cc17de9596a9cedea39d6ac75c8a9a6dc
commit	eae1787194a34ae86de761d78f1852f36f2cffd7	62a0845945e001a0f4faf7b4754eb491b9bb7869
commit	eae47b9b141e59fa2ffef5e4c6b99d1fe61f5eef	eae47b9b141e59fa2ffef5e4c6b99d1fe61f5eef
commit	eae7adcdc0a9b6f70aae05fc319ea974d270a214	56708eb379bac4bf0abcefd9ab1ac37886ce8cad
commit	eaf95173ded91b3d08cb58c56deb17482b769869	511376055c4320683f970070020298bc3c0f2f06
commit	eafc3aa11d9589b7b6b7891c66561cadf79acc1a	eafc3aa11d9589b7b6b7891c66561cadf79acc1a
commit	eb027156be5e3d231b2426863fa0cd504193f0b9	2b33d57d7c8724b7c2348af18a4ac2d4ced5e5d2
commit	eb471fabd7268eaec6182c41222e2883365377c3	ab4a172f96fd9a0362383acb7b5da04e312dc6ef
commit	eb5f8ac5a57b8c52b4699dcef89d3500ba07ae78	eb5f8ac5a57b8c52b4699dcef89d3500ba07ae78
commit	eb92da845b8473420b58359d970c7c3debc0f971	c98832adadefe1171a2f8fee8c7da75cfb8c9da3
commit	eba1a25fe71dff90b6fc176a71b8ba345bcc5f67	eba1a25fe71dff90b6fc176a71b8ba345bcc5f67
commit	ebb22328d4f693d00ce2110bdeca57b1494769f7	855a2f8e33f020fd5fdead022fb7ebe53c0a81b7
commit	ec1ac35adb013ea2644744bf93b8827a75e1b4f4	ec1ac35adb013ea2644744bf93b8827a75e1b4f4
commit	ec4830515bab828214cefa694db93efa191f4e27	f75f162a4b2478b4af38135aec36e4b2d2661934
commit	ec9fc887e340bb49676e4b99a79da59692b7abb4	ec9fc887e340bb49676e4b99a79da59692b7abb4
commit	ece73775d31e33b0d815eaf8823df5f46a962e7c	ece73775d31e33b0d815eaf8823df5f46a962e7c
commit	ed04c735c398ac27ab75bf81b84c225de9ab6e22	ed04c735c398ac27ab75bf81b84c225de9ab6e22
commit	ed15af3e80c47fed8e40812170dd3e5038e2f64c	ed15af3e80c47fed8e40812170dd3e5038e2f64c
commit	ed18f1c28951b8a6962590b6b2d9a123acfffddf	ed18f1c28951b8a6962590b6b2d9a123acfffddf
commit	ed3dee60a2e5b4c6b83dac0c5aec1e9e04201036	0b79efbe7b0f6dbf366fdd4cca0570fad07ef470
commit	ed595b332e2ac3494cd1385511c7df88308f4431	ed595b332e2ac3494cd1385511c7df88308f4431
commit	ed5d5b56cf69c7ba21c62cd1c987e13006a2c09d	ed5d5b56cf69c7ba21c62cd1c987e13006a2c09d
commit	ed6e1d17dcbed1bc62181428f8e9cf09bfd13105	895da5c16d9a292723dfe1c8e52bba36ff4b514e
commit	ed96405a9236f68026c8cc38827594f39cc19b07	ed96405a9236f68026c8cc38827594f39cc19b07
commit	edb6094fc569a542f879d717604878073b7358ee	edb6094fc569a542f879d717604878073b7358ee
commit	edc4233ce0233fc3122133c6f6e154846d1a0d66	edc4233ce0233fc3122133c6f6e154846d1a0d66
commit	ede05d78864965b92e14c566f973fcecbe309e2d	ede05d78864965b92e14c566f973fcecbe309e2d
commit	edf408b1e687dfaf89e49c1dabe64b9c05119ed2	edf408b1e687dfaf89e49c1dabe64b9c05119ed2
commit	edf63c53cfbe7f871c9bbc046a2c21dcc17e657c	edf63c53cfbe7f871c9bbc046a2c21dcc17e657c
commit	ee0ba77b7fe46a0a7c27b5a65ad7cfaefd4b8e39	ee0ba77b7fe46a0a7c27b5a65ad7cfaefd4b8e39
commit	ee26324bab67fd8e6c0a3ae676aa66502dff1cc7	ee26324bab67fd8e6c0a3ae676aa66502dff1cc7
commit	ee35bd2d40800bc77d971f855e716cb250d94f1d	b2febd1533200ee6227048cba772dc4f533ce356
commit	ee653354722896069c82205321eb2bf6e0e0b241	ee653354722896069c82205321eb2bf6e0e0b241
commit	ee9cdaae2b3a4c21dfc61a5ca734ab11372b97fb	1b3c2aa7d3e5e6e29b4ccb6d304ebc67b70f9478
commit	eeeeb900b0252bc23fb51d88a12ab5df80415fa9	625d142cf3ea41970c59b66385bf72798b278f97
commit	eefb6e29378c0e7ee1b9dbc68a751e10ced66ed6	eefb6e29378c0e7ee1b9dbc68a751e10ced66ed6
commit	ef0509be5024f8eeb8c62640c50111e3600e7a19	ef0509be5024f8eeb8c62640c50111e3600e7a19
commit	ef0cc8384712df1d3ff02de3b5f70f3a40b69c17	ef0cc8384712df1d3ff02de3b5f70f3a40b69c17
commit	ef1087029c291827d717fc98b9c214d34e8fc743	ef1087029c291827d717fc98b9c214d34e8fc743
commit	ef1d808c0653bbaec196ddc5d6d4a6fb63e3e8ed	b3247f5019c560314e144ad6d78a2748ba259135
commit	ef22e0920cdad90a84276b9e7c6c7b422ea85b28	ef22e0920cdad90a84276b9e7c6c7b422ea85b28
commit	ef2ac676163e76d0a4990975039a9ed29fe99c47	ef2ac676163e76d0a4990975039a9ed29fe99c47
commit	ef2c0cdd3deb89add911f38fb6d82366e70187a7	d1e6a8a2a3a5d45495e63c8b98af17ae5d4a17d7
commit	ef5626838e245d48c649030c81c4c04d86e1ed40	df224c415bea508ea603331a4cf889f1e6e710a1
commit	ef5ae5f84381381f630b4ed46b824e540026af93	ef5ae5f84381381f630b4ed46b824e540026af93
commit	ef5eae54070a8b0d2dfaab03ef033835d746e98c	026fceee7923920974565443718ef23208d0a695
commit	ef615b425c9a472befd8e99bcbb28d4f97bf83bd	68c8536256264a2fc236f92e0e9ac4f442312ec8
commit	ef72090d1ef15f3972f5d56657a1504d035e52ca	ef72090d1ef15f3972f5d56657a1504d035e52ca
commit	ef73b3d3c18bfa726008421cf48f1e8ff59974a6	ef73b3d3c18bfa726008421cf48f1e8ff59974a6
commit	ef8ebbd1d7c73044c01ef0cbe04da6303462b9a6	ef8ebbd1d7c73044c01ef0cbe04da6303462b9a6
commit	ef9dbe5b89a0e3cfe6ca2851ef16c3e224f91eea	ef9dbe5b89a0e3cfe6ca2851ef16c3e224f91eea
commit	efaaa90d0b94a22a6cabb6e64ffc72e3d8251fc5	efaaa90d0b94a22a6cabb6e64ffc72e3d8251fc5
commit	efe201663a3cc9ee5ef5d2f112b2d580c9db9442	e785fcb1982f53d0e177262229079f93a60a890d
commit	f005770a30ec507d520c93b6a81f23f0a73c2c73	f005770a30ec507d520c93b6a81f23f0a73c2c73
commit	f0a0079b43e482811b4b3e6595896b916530404f	f0a0079b43e482811b4b3e6595896b916530404f
commit	f0a6366ceb673864d9989d5dc6f230c0e9adf079	08c331ae0efdd66303e6bc05545f1b0c945d2ba4
commit	f0eed595382f2115fcf4d510e23cecc5a0ff53ef	f0eed595382f2115fcf4d510e23cecc5a0ff53ef
commit	f0fe8b63b829c6f6ba9c683b28a92019697e3708	db9d832050640e9f3377421923ba91d03a44ddd4
commit	f10a868fa6eeb8def692ac92429a066d6d6cb5b9	a607b69fa1b71375718c98cd9ec16eb6fd2643a9
commit	f112d641ce863739b2ad7ebfa1ca667444556de8	f112d641ce863739b2ad7ebfa1ca667444556de8
commit	f13876944ec733c42dc021bf6a084bbd18f46443	f3ba043dcf960949c76d93d3929b9abcf6127404
commit	f14fbe367cb2c379690202b253df71183464b07b	f14fbe367cb2c379690202b253df71183464b07b
commit	f15d7c2f48e31f38c91a8549eeb34e55cfe281ae	ac666ca471042deda0c4992487446c090e55af1c
commit	f168bd965b9f17ca7f39be9ed46245fd4b11c7b0	f168bd965b9f17ca7f39be9ed46245fd4b11c7b0
commit	f16dc4acd54c4b394b2623785b0d00badce8a1dc	89cd5a7c7bb99970dbe122d0d014fd0877286007
commit	f16f056461df853250956c6c857db2d9e3ec0591	f16f056461df853250956c6c857db2d9e3ec0591
commit	f17e856786b89462cc8b4adbe674e721f928c110	f17e856786b89462cc8b4adbe674e721f928c110
commit	f1868f18bc37099e6b80db6f56dbe41dc50caa08	231f6b64e65fc22e887ebb2c62ecfc980d8743ed
commit	f18da3ac23092c20a278665c38290cb18f4602da	f18da3ac23092c20a278665c38290cb18f4602da
commit	f1b792f573aa460c3586a93f77a1b57566aaf1d3	f1b792f573aa460c3586a93f77a1b57566aaf1d3
commit	f1c16c8623097eb59c9a6e99508b4e34bb982946	f1c16c8623097eb59c9a6e99508b4e34bb982946
commit	f1fec7fac739f4b0c921b5eec97f9c6a35a3e6ce	f1fec7fac739f4b0c921b5eec97f9c6a35a3e6ce
commit	f1fecb776aa32b586b0d36224fff61bce3a8e404	f1fecb776aa32b586b0d36224fff61bce3a8e404
commit	f20d7b34476b5c094aa0cd8182e96617b3529829	f20d7b34476b5c094aa0cd8182e96617b3529829
commit	f24bd0fc4d0bceffcc54501fa4842280af229f9f	8a7b9c53c733a7eb0f6cdf15ca3c31727ced2599
commit	f27993530475c7c087241b32a12dcae84081d779	f73f3b44df46d9b11750048aefd2255849ea2adb
commit	f2851adf668d44965914300ee9de34be42c25c39	f2851adf668d44965914300ee9de34be42c25c39
commit	f2bb75830fb279f3348bf318a423702384e9161c	a9ff13e8116a477300cf430b089a5f86ffa12c25
commit	f2e7ef4c74cef8638706cbfed94e2155fcba9181	f2e7ef4c74cef8638706cbfed94e2155fcba9181
commit	f2f7a007d766c520982680d4a8afa8201385fbec	f2f7a007d766c520982680d4a8afa8201385fbec
commit	f2f97506c5c0144f545b4a0106b3001047609741	ce2a68f1ac594b3de91cbd288319a882be25b670
commit	f3038bd33a4bbdbca392782145dd87e1e532ad3c	f3038bd33a4bbdbca392782145dd87e1e532ad3c
commit	f3585a1807e3941df89447d34ef72642b3c79389	f3585a1807e3941df89447d34ef72642b3c79389
commit	f39461ae7fefeb1c2ac5cec52069e5a4f198b9ab	f39461ae7fefeb1c2ac5cec52069e5a4f198b9ab
commit	f3c7c2ef3704df40ba6c47fdf4a8bd9a8d02fb12	c5f653a00efb8052daea97ff910cfdd62fea170e
commit	f40cbf327144177778e2c81a3ad6ba6fb21b9282	0e84df7b1bff4da8eb8143cc1ba0b552a61f2f0f
commit	f41642d08b1432a676eec4f7a663164c7f09506f	f41642d08b1432a676eec4f7a663164c7f09506f
commit	f42887314bc9a44c1241e7cd2ac8d74c61c5542b	98e18db33608a2bd635a5b35bc5655c8e57b97ab
commit	f439aae61f5a2de33d829b2589e589d57f218f0f	f439aae61f5a2de33d829b2589e589d57f218f0f
commit	f44ef22521ea273d6df4b8aa43a7a6a34ef03fd6	f44ef22521ea273d6df4b8aa43a7a6a34ef03fd6
commit	f45c196f1766b065086834b40d08162c559da06d	f45c196f1766b065086834b40d08162c559da06d
commit	f48175425ba6787b0490794b9664f1133b41e6d1	f48175425ba6787b0490794b9664f1133b41e6d1
commit	f482b9f5d9f05ed8303823058ad371849bd71cf8	1c1a9a1867014d81b1b14e84f6feeaf9353f3678
commit	f497863d5161840a48dcd01411581f321b92e846	f497863d5161840a48dcd01411581f321b92e846
commit	f4a6c39d8f0140bf8781b4e91419df054562c276	3b132e4a285927f552f1b9766eb5cf3345e3d378
commit	f4d03b20cde0c60eca243b297ce1e342b75795c5	f4d03b20cde0c60eca243b297ce1e342b75795c5
commit	f4f4f5c1e22bbaf34a626e423cf28d63dc1a3cd0	cd481fe8664f012f2b7b993d3d02fff5688e65b3
commit	f502a659a5d00df188a33789ae68a222964251d7	a482bea2a21a78a38ad9b36742dad8e572670c16
commit	f504b5397aa8fbd71fed09dc33349d7e0134fedb	4035ac6c19c258cd83113d4cec4a6a62284c5515
commit	f51e260d71e27104df1c01b1733456f5742cb9de	f51e260d71e27104df1c01b1733456f5742cb9de
commit	f545b943a46bad9f8bf0c26a8e893dd89fbc81db	f545b943a46bad9f8bf0c26a8e893dd89fbc81db
commit	f5492950eb857239857b0ee3edb058c702ba2854	f5492950eb857239857b0ee3edb058c702ba2854
commit	f56541d42e762c47ad7a49346eda470e65858fa1	f56541d42e762c47ad7a49346eda470e65858fa1
commit	f58ed6833cdb9c8fe43bb6f53fe4c35dcac13820	f58ed6833cdb9c8fe43bb6f53fe4c35dcac13820
commit	f594fd17e044b2efb8439d0787b11191985f5bed	5cfa1205ceb71f9a8e26c3b929190726286cc79f
commit	f5b1e40eb03786060c15581df2539c11192ec3aa	bbacd337c077d56e3dfd592106dc1a3fb49672fa
commit	f5b55b01515ddae05b41d17f689ee4b81298728f	f5b55b01515ddae05b41d17f689ee4b81298728f
commit	f5baaec1332002f17d416ac05af749bbd030d6ba	f5baaec1332002f17d416ac05af749bbd030d6ba
commit	f6086534f1452e169473d0d67028fae53d09e1f9	f6086534f1452e169473d0d67028fae53d09e1f9
commit	f61510e4ac1a4a0b5753b151a567cb46622d9d77	c19d78cae2a46649e3578a79693a330e0da2e723
commit	f6507b99f8201ec2d99cc33db6296780ce87415b	8e35a862a517654d4cd284d905db8a20996bdd30
commit	f6720ae624050afafac827f1cec014a8ac013555	f6720ae624050afafac827f1cec014a8ac013555
commit	f6aad7707760cb4f5816279dd3a067060aba2849	122bde6ecfdd8c34f7794929b109e42500b677c2
commit	f6c1fc6248c5085b07d3eecaa0b26529d4431d3f	f6c1fc6248c5085b07d3eecaa0b26529d4431d3f
commit	f70da8ad178e82b464f0d2af01781bf35473b50c	05a19a757de776b34e2f997724bff989aa89e6fb
commit	f744e8d2d07420b58f3b190de4032b3591af24bb	f744e8d2d07420b58f3b190de4032b3591af24bb
commit	f74925c6b93b4d65bf7500b4746c01be9b26afa1	0bb3a4202edf0832ec3bf9851e641761e1e91845
commit	f7585eef83e850a2524e78ecb9c252369c6de69a	f7585eef83e850a2524e78ecb9c252369c6de69a
commit	f77220ced93d44f4ab9a65672e39d74ecd1cff04	f77220ced93d44f4ab9a65672e39d74ecd1cff04
commit	f7a24d1a2f219861f0cd13db15dfc74a741de510	877ed0d92cf3ee1764d8bd97f9fc22ab7e627b18
commit	f7e3660676e275731018d1d76bde50222365ccdc	f7e3660676e275731018d1d76bde50222365ccdc
commit	f82e0c2084dc70bf1dcfb5abb955df84f609e3c7	a3effc5a21ddf70a8753c19d3ac01f9c52c9f955
commit	f8a7f420734dab7ef7f0ad1c5df044bc513f7778	9b96470f1123f4b509454cd9ab3dd7e1d9cf92dd
commit	f8d91706ccf4eac01465206edf01051dbb314d0d	890ebd69ef6b8031651a69d57829fbe615dc7b6d
commit	f8f4b64070cd34864ac59f851f30e6212d7bcd3d	6b64479527314ff0a5f3e5511205ce9b0f20b880
commit	f90b488798e64149b4430df332ef6161fc00594b	f90b488798e64149b4430df332ef6161fc00594b
commit	f9464b85a1b7956ff876f602d01771d7fd20801b	9aead69ccd20d1b5dc63ec1af3f2b59b8448978c
commit	f949e7bdaaeca9c5d5e9a2085a569ce42311bdcd	50528d22550cba1b45678ec8227602e19913523a
commit	f99f3188d344c52d8510a98fae210556aeef89c5	f99f3188d344c52d8510a98fae210556aeef89c5
commit	f9c08625818b7e779fedf414e6f71d227cd5987d	fe611ca0ec091693e9e31c4284f2244c22047a9c
commit	f9c962a7871ebb4d01d3c4371766d574bb6e6bfb	40a8438524c912d3735300a66e0fd78622a22f2b
commit	fa2f73f73d008dd3fdabdf972cf816657b4461c5	16c49ce1fb691be0966415db1d9b7608b9db6286
commit	fa67265d2df57ff6cba8865e07c2dd7fe5aa589f	0cc00eebe604030070e5df2dfc64c4946421f9cd
commit	fa7028374642a7a7d2db1747704c2fb16c0d57b3	fa7028374642a7a7d2db1747704c2fb16c0d57b3
commit	fa7b58dfc915a673d8e31d7f76704cca0511e302	fa7b58dfc915a673d8e31d7f76704cca0511e302
commit	fa8296c4c96a21de0c998a88039395cf8017641e	2216e80756255bd79e99d64aaefda074f24daeef
commit	fa925ae9cd3b49dd4e507c56f3c0aa7659b4ef82	fa925ae9cd3b49dd4e507c56f3c0aa7659b4ef82
commit	faa4bfd0ca237af82d1105b2d3eb496bfc9e4d98	943e6c7a1bed8f8ba0e16e37e109408f6e09204e
commit	faf45f52559bcfa4391bc3675db690b7bfd52358	153d5b88cfd2d33f6264d51081f1a45bc2c76e57
commit	fb14f2c8614c38cc974a7725143fdb454d73da3a	6e3ad0b3e447307b189fd365a98272a192a79421
commit	fb66ab37f4e894c8a62df925217a6c52f1c9693f	90e164c004aff0485dc1e44e09df1c6490d516af
commit	fb792391cbf248f519f1bdda8e4990aa85800b43	8f82c01d7b6d33e2970055276fdcc7272791dc7a
commit	fb9c9b1db01555dd0c967020e1d1f0da12ab7044	fb9c9b1db01555dd0c967020e1d1f0da12ab7044
commit	fbbcbbd9797c370e46323c7b3290597d4d9f36ad	13e9d1f2ca4cf976f3b069b3190f6df3d2fa6454
commit	fbbdd7fe3be93a26fc8b758316deb67effff98b3	fbbdd7fe3be93a26fc8b758316deb67effff98b3
commit	fbdd6546ba5fe73499d5f13698103096df72207e	18167f90acfce8bf98fec74630b87dd5d3a5de05
commit	fbe290579b2c03017ecf8975f65bff64fffd2fd4	fbe290579b2c03017ecf8975f65bff64fffd2fd4
commit	fc0794995e07ed7e1c384e9527e56d04c34f0343	95e896aa0459aac0aa0eb28f995ecf8e8ccb30df
commit	fc10a4567f0d768d8462b23ec1f095f1032484d7	49165c1410c3a031afbb5fb8567ac71a6f745a43
commit	fc11c2ff261ef857324a3793c67dfc8b4ed270ec	fc11c2ff261ef857324a3793c67dfc8b4ed270ec
commit	fc67cc1d910811c4ff556d94ef2ea0b98136b8f7	fc67cc1d910811c4ff556d94ef2ea0b98136b8f7
commit	fc6fdf25081095a32995e9f2843b4bc342ad4b1c	e9d13a2f4d0cb15652f4f3a1210ddaae013bf68d
commit	fc71b6803daa43cf00e68bfad9ddd8a7db2f674e	0521043a3d97979f9024c7051fd0b86a6a7f48ca
commit	fc7cb041105bcfb75f24f12d1018c1c44ee5207e	fc7cb041105bcfb75f24f12d1018c1c44ee5207e
commit	fc83b33cfddb2c82a7f2fac4806822e4a9aef861	fc83b33cfddb2c82a7f2fac4806822e4a9aef861
commit	fc86c94f53dc38ee768435708fcbe6e98565a294	6a951eb488c8ee111a2974a593ebdab7fc93d36d
commit	fc91c3a80a2ac4f25ec0d9b72fd3e54de5fbe07f	fc91c3a80a2ac4f25ec0d9b72fd3e54de5fbe07f
commit	fc9e01fe71a525727e048437a2fc762345191ea3	fc9e01fe71a525727e048437a2fc762345191ea3
commit	fcac79a1a24eb86292f2e427f7053f02ad14dc8a	fcac79a1a24eb86292f2e427f7053f02ad14dc8a
commit	fcd2fe235d18c68b0e1777142bf97748e14516d7	fcd2fe235d18c68b0e1777142bf97748e14516d7
commit	fcdee6ca0ba4cb5297c68a186dad6ba0fddfb937	fcdee6ca0ba4cb5297c68a186dad6ba0fddfb937
commit	fd05e6f372a65f96df574cebf9d720922b75e935	fd05e6f372a65f96df574cebf9d720922b75e935
commit	fd4cbb0887b44bb95d740e76a0edc8abd7e221f8	2962c4949dbc2a94d6001f4aebc8bf2636c36cf1
commit	fd6c800503bd7cea67c5a995b653748ba6755cbd	7ee36d071deb096557457eebb18c641bb602c56f
commit	fd74089f62ee26584d4cf0ad848b935952ec192d	3cf9ac0f3cb53b9dbe0d1cf598072a50682e5d33
commit	fdc21831a82733c20f9b2f337a2f20db8a0d7f97	8952131cb83400a309b7d57572665c04c3b50c8e
commit	fe331d639425bf6a35442d03163366b65a19626d	5937232bc6e2bd01cce0e401da23b53dd82647ea
commit	fe5b2ef65b773d644d0c5495602b757572a97c0f	fe5b2ef65b773d644d0c5495602b757572a97c0f
commit	fe6679f1a5d52e4fe9f1a9d8ddec78612703f062	fe6679f1a5d52e4fe9f1a9d8ddec78612703f062
commit	fe73482dfeffb4c148a9a4a42ba5db6f616290e1	fe73482dfeffb4c148a9a4a42ba5db6f616290e1
commit	fe73e2e7bce461379de6d9a27f51dd1cdb5a53d1	efd80e0b9dc4c57953d699329625a81a9c1c3017
commit	fe7be8395cd900f1c1ca3b18ffe716470dce2df9	fe7be8395cd900f1c1ca3b18ffe716470dce2df9
commit	fe7fe6d09bf386a0b2b151ea2531af3912cfbc8e	fe7fe6d09bf386a0b2b151ea2531af3912cfbc8e
commit	feb15742069689294c2bad51900d34fe22de1d36	feb15742069689294c2bad51900d34fe22de1d36
commit	feb64000a0ac21fe3cee83b25f10b017f2c14f61	feb64000a0ac21fe3cee83b25f10b017f2c14f61
commit	fec00e211cc788f47920f16c95fe242e5ef44d2e	dd05ebdc8871c4d942c34e5736d570902cd11bc6
commit	fef64359c396cef3fcb853a06b426e2d71a334b6	b6e95d6fbd3f4dd01940cd74d0d22726add1925c
commit	fefc694e05e4219ec5a32392e7e93b91e9ff0d72	9670fe27c8b34c62709353c0c4e7b3aa509b5be3
commit	ff22d64adf5897ccf5eccf1cd8a1477b7f31e5a5	ff22d64adf5897ccf5eccf1cd8a1477b7f31e5a5
commit	ff4ca05e050345907a0843f6824095068aa89dc6	ff4ca05e050345907a0843f6824095068aa89dc6
commit	ffa96f8276d12906ccca430f46ea6263081ed5e3	ffa96f8276d12906ccca430f46ea6263081ed5e3
commit	ffdaa69dfd6a135c18c773a425c9c335aacf169a	284a48dc7c716da4bec871073a6745662fffeb4a
commit	ffdfa9b99afcb366b2cb7613c697558994f7eed9	739893e3e1e456f8e64983433dea22117b1db834
commit	fff4117e728aa5c389973a69fb04767d0e6c175f	fff4117e728aa5c389973a69fb04767d0e6c175f
tag	03f5d7744be5293e9b08f3aee8463e8b3a074782	03f5d7744be5293e9b08f3aee8463e8b3a074782
tag	05e43b0858f67ac967a12a2b29960e9e30cb384f	05e43b0858f67ac967a12a2b29960e9e30cb384f
tag	06fe6fb5cd2b8a2926cc327d2c367abe51749670	06fe6fb5cd2b8a2926cc327d2c367abe51749670
tag	18e6366ac2c449fb5f885006dc37289326800afc	18e6366ac2c449fb5f885006dc37289326800afc
tag	1fd5fe5e67f958449b0c769cc5a20a652443f536	a6e0799a34198bca5b066e871fbb6d85a8af826e
tag	2e2960a4bb4005e2efa7361602c57ab339b5d027	2e2960a4bb4005e2efa7361602c57ab339b5d027
tag	578bb2fe4d2d690e108dc8689d528c5df67261a3	578bb2fe4d2d690e108dc8689d528c5df67261a3
tag	5ff7bf65eb99024d0fc8aa05977758ce7bdf5fee	5ff7bf65eb99024d0fc8aa05977758ce7bdf5fee
tag	60c0eecf87b8e1cf8c552fbb8fb76598b1c7db9a	60c0eecf87b8e1cf8c552fbb8fb76598b1c7db9a
tag	6db06cb1fc84acfa127c6e6d9c444db03e59f315	e99f382b2fb0a47ede7df6ce069529abdd91b28d
tag	8955f82e100a86c1a63b1b3f612d181cab132a99	8955f82e100a86c1a63b1b3f612d181cab132a99
tag	8d180416f6f093e95cbbf021c5969ca64c162693	d53fd91906f3caef6117a0082337ff4ed303bc41
tag	a13f35254a7aa3b5974586f00abec105541621c6	a13f35254a7aa3b5974586f00abec105541621c6
tag	b9d49f674ab190b1b3663f3bca2327b52e375ff9	b9d49f674ab190b1b3663f3bca2327b52e375ff9
tag	cf4ac4973beaaed7d9bcbb4419059cea418ad166	cf4ac4973beaaed7d9bcbb4419059cea418ad166
tag	fab73e99f9304fb7b10cefe2720a2eb928d33397	fab73e99f9304fb7b10cefe2720a2eb928d33397
