kind	old	new
commit	0025a728f49ebde62c2d1b70727fefc860d8f366	114b61555c0bb6c87cfa0980094a7ee437eb366c
commit	0049124ce34944613e7884195ef3d1e62a28c833	0049124ce34944613e7884195ef3d1e62a28c833
commit	00557c24ab3eee07b9f54f70f4607d7db5c028f7	a1a28616043e46525e0dddbde48954deffd58ac5
commit	00667d1e2fc56b8311506df69cb64024f129e944	7fdda22e284a7123ad7b009299e9c2573787fd1b
commit	00a392a24668a4d28cc7b2850c4e62820507ec4b	e671ed21e56cc7ca83f0a9cb37fd6be04fdb0340
commit	00a6b51b50fc7cb6e5f7f5cb4a0133065d4120ad	c5212015a4b95099f43517309e8cbf58172b5e6e
commit	00a9eeb33821dc3c6292bb31ae07b8d8ea130e07	bd7b7a80fc7a21db5f09ce57cb0e1646ce1bb5af
commit	00c810444a5a66ddff7f2c10da07ffdbe39b1e8f	638fab98d69f917cc2facede538fa60fa0dfa3e1
commit	00f40b889dc92fcd74d45adb4e895502b105413c	a9c0f89e89378bf0fde51b97e16135be8b2355e2
commit	010c49c666eb65c713c776387c187dca635675eb	010c49c666eb65c713c776387c187dca635675eb
commit	0115a4fa2357ac36c88e82f1efcbbb429ab127f2	0115a4fa2357ac36c88e82f1efcbbb429ab127f2
commit	0120674e992d8bfb59ef886f0483954099ec2f5c	1ab109bd272cd9796022bfa9f2e1c333f0174b15
commit	014f72492a765c48d039ff0ef5bff792058f8f33	b971fc4cfea362da11d49d77614f6747fb549946
commit	016739605ed5a82f2bed9254210b9c88af99bd99	115750c908f00c3bc2bd69b97b53dc71a7c0dee6
commit	017742174f66f62655078d49283cd8d5131a9b48	6fee31ff122fc4672be7527bc20a03fb9b46a307
commit	017c650576278fa0e54bb095701392929629f281	7da586860584206b2c2b61e876757c8d4f0b5467
commit	0184fac35f6f80d121efdde6ff68dd1254a232d3	f9961e3a6a656d50f28a17690bf481c52bdcaeac
commit	0193fbcfbcad3c089ada325fa3cc96c07c8f4856	fdd268a09cd03866720f80b5c76e64e829b86ac2
commit	025c1867a40b8f6a79f8c5a9ec98fbd05d04c47e	025c1867a40b8f6a79f8c5a9ec98fbd05d04c47e
commit	028c4d296847f30b3ae1f1a6578d3f91bbdc123b	30d6973b397fae11c6d69ca0e0ce39c13e853f78
commit	0299feb1cbf0754fb522a34bf97088dee9801a35	674e7c11f81c0ab313781d9d6bc50760b6750b97
commit	02bb4e33b28042145e378f05ed2afb868fae5a15	02bb4e33b28042145e378f05ed2afb868fae5a15
commit	02be025a2d9484d6e1eb9c2a0c7bed07eaf17835	11c41cbfe65210127f5ea50a7810abc9408e77e3
commit	02dc42d8b0be5d93b4b80c7821ee0f70fde12a82	4a5e9c26d76877cbbd64627008949c87b928df7a
commit	02f37da85effbede4fc118c0164ff88df9e6c8fc	02f37da85effbede4fc118c0164ff88df9e6c8fc
commit	033271d4d75231a5d3d7a483ad1c5834bc33cffc	28b5acf7c441dc6363bbb10e5d0b448526505b68
commit	03383f3410a7cd49a0907872724cfc81234a31fe	e05da50979dae375cab00fa92a41fd9e40001dfe
commit	036cd10ffa1f0a21a4e45fca15afe4fad698f120	a977abead607c62bc7503544934651cc3a4da2b3
commit	036e3530c4ee6eaed266da7cdc61c23994238454	28330f29c600108f79f648332894488c600f515c
commit	0385a72542dba85fac2e475a91fd0f20a9d10719	9f9d7ab9c486687db4d3373ca7353bd9c5b16f53
commit	039414d37bcaf7d8385ccbf279a7318ff5f19d4f	27fcbfa758534247f35cf6cc5d3184bfb26f0d13
commit	03b2bf8c0649a4d96f8129d61d60a757e55fd76f	370d5f9b150db92c12b5e5cad6ab295f4cb5480e
commit	03def111139b26ad4479ffa77c098ad10b555188	03def111139b26ad4479ffa77c098ad10b555188
commit	040eb06860670f86289181711d7e086a09ee1e32	38b4320b609067457dbd75475a3c9a5ef0aa9ecb
commit	04243114ee9be8773d17081fc8b581d25c9e8554	9203c93a5220230daa545e1e7e75ebfe3f4f01ed
commit	045c55cb53ea371134ae1c35e597691a6fd70c4f	1a2192056431cd3dcdd1af7392c06028430a0e24
commit	048f30e608fa1aebed9175afc773991378ba007a	0b14b9a04c850def34139ce471dbd31af677e565
commit	04a163b2ae26b84a546bd92da7c829659d5c0fed	5d8c60992b382e77824ab2c43e65fed802c2bccf
commit	04b03922264ca03fe83d7dab632368b3a0eb4e95	04b03922264ca03fe83d7dab632368b3a0eb4e95
commit	04c791cb475aacff8ccaf3d8aa2c1bc54b42914c	eef01b7c3f5bcd177edb68d592ccc39f0cc8e258
commit	04f29785af84f63aa1293727a48ce16038a8f205	c42ae0dc78155eef04d47ee10f9051c69ebfd277
commit	05057494c151ad0ef625e2689fa98530926036ba	05057494c151ad0ef625e2689fa98530926036ba
commit	050798cbfab5346d2c2cb8b84395a3bc3f7f53fa	050798cbfab5346d2c2cb8b84395a3bc3f7f53fa
commit	05382727b2ec235ff7b857db54a21ecb6c2cf208	05382727b2ec235ff7b857db54a21ecb6c2cf208
commit	053dc61314b1e8ba38e789faa674cc2a504c8fd8	b433fde0644bc8c24125f4ba8907fdd5884cd2f5
commit	054fce529c4d40d50d76469e650dbe6639ad2218	f714940e3b2b56e000989342727ce73cd5d93e8e
commit	05508d25f8ebb04435e2f4b47318b0c4b5976727	c0f25ec92631bedaebd521da4b924170400dfa8b
commit	0568d839dd51e9e8299b59456b59b6fabe59df53	79745008dd9db35a241b5070f6adf1f54fd3c5f3
commit	056d1c6d439ed5060ff4ee3a9526170f4b6b490e	d467c7217d08f56060d9aa87e820915548454f4e
commit	05d450a3f3d4473a24dfb6f806ceaa1315043918	5ae489ddf87978ea196dba314f8237e335b0d800
commit	05e0ee575570b64b5ac43d53e24eea855946ddfb	10a74117d3a984b9fa34f63193c71aca1b15a9ba
commit	05e6f087e4af5b8f3cb802b26340407e6c908b8c	f09fdfa56bb0f61369e1cc0c9986ef68ae5d6591
commit	05fbba6db25db6e4d3604897365db377fe2289c9	05fbba6db25db6e4d3604897365db377fe2289c9
commit	0630b19c737d5ed907f3a3672fa38e07fcc319ab	59759a973da8df7c1223f61fed8fbf945f537bb7
commit	063dea1bb7e40651931a0aaf0ffb9948053cb74e	063dea1bb7e40651931a0aaf0ffb9948053cb74e
commit	064927d0544c933478dc82d70743d9a249b87e95	064927d0544c933478dc82d70743d9a249b87e95
commit	066f4c99639e590553cde81acdcad8b639c47d7c	066f4c99639e590553cde81acdcad8b639c47d7c
commit	0672f5b986be17dcf1ce36d45f68fef057d33e4a	0672f5b986be17dcf1ce36d45f68fef057d33e4a
commit	067d0eb960a85a1bc1e54e9824064d2d19b9ae72	75d7038d335829c8279cb57a4205824d2d7ac50a
commit	068209ede0794214873f4faef5113c2ab56b8f87	068209ede0794214873f4faef5113c2ab56b8f87
commit	068871d7dcde6e7541d0dc9ed62dd65b735af9dc	068871d7dcde6e7541d0dc9ed62dd65b735af9dc
commit	068f7295930dce51f314e4fafe4944da44b8fbda	068f7295930dce51f314e4fafe4944da44b8fbda
commit	06b4c7168b53297bc936dba6f96e93e73b9ccf2a	8647149335d4b0ed2a5e855224f26f5274971656
commit	06c098ee6703d56612adbafead8abf767d7c3e95	0dbdecaa924e95fab7895b85c00927563243105f
commit	06cc58defc442a3d2c0f163009eecfd7970892dd	e4d0ae7bb1aa8acca5d5aca57b43e19c38003254
commit	06ea462ad50d7062c0fd472766ff84125bfcb742	9f66c5f94a9f1c357da108b2a8a57fbcb47ec0f3
commit	06eab7e7f608e6e7545a39dee8ef8b4a6d833fd7	107ab892a4f5b49fbd57ece5f69b6f811e5eaf65
commit	06f0c0a14b0a5e4eefaf81f451ccdd8c0d770f22	06f0c0a14b0a5e4eefaf81f451ccdd8c0d770f22
commit	06fd36e46100037369e4b0a01c8f7dc0b6a37cbb	c6c5a51595c88829d18f4e76e287839e93391d7c
commit	07385047f97e1ba54bddf340704ce0cca927b9f0	aca2277b24da6d42386fc1273d08ee4c61220fbc
commit	076618eb950fa8397a3f0753cd57b172f413cd44	6812136a1cb571cb3052ffe047b23ea3fa7b7880
commit	076652be4e2f7ccb9b2c4d588cfeec76860826c2	8b6b6fc7c03ba0ece6f71f43c1140cff8ea451e0
commit	07783a29a12d3395f4de5c6af149bafadd5d9009	10d2baf70396635322ed5a298bc2c8e9832dac2b
commit	07786da4c324736ea9f62fcc6456971cc6a0d5df	66572843476fca9c24de577e1db08fbedef6d8c1
commit	07a4231d5563453176efc4bb9bfe19c3388120dc	8d1c09485cb21997bde9448b021ab4a51812a2f9
commit	07ac952569ee131a786f2576d9485f0d8b68bde7	82a3c6d5824cf8f66e02fa9c4ac2ec095397f92a
commit	07d40bbabb2b082507b20a21289673018bfde621	07d40bbabb2b082507b20a21289673018bfde621
commit	07f2570bb37bbdb444f162c9d5648cf8040e016c	e8211025138719113f47f260a87b8f608f643c95
commit	0805e594f31d03da060566361917b602d238dbee	0805e594f31d03da060566361917b602d238dbee
commit	080ef856a8c0fa04fc7dbc229b3b5abc9da22f43	080ef856a8c0fa04fc7dbc229b3b5abc9da22f43
commit	080f40391fb70f44646131233f99718515ddf71f	3770e8f2e3ec14e347cf0ba600531b2845f3bbc0
commit	0819121cd4968ac0430131882c14c95e4c3f9339	0819121cd4968ac0430131882c14c95e4c3f9339
commit	08270380fb00910c8b206b2dd7eb8f31aadfa980	08270380fb00910c8b206b2dd7eb8f31aadfa980
commit	08413f71aed313a0bfea93d9ba3156198975bd76	926382b3e6d52b991b68f50543878d275d9a69af
commit	0898fe2af4a6cf50b1a7f1a049964e94ed77f12f	0898fe2af4a6cf50b1a7f1a049964e94ed77f12f
commit	089a2055c1549850d1d931ef182f204a8a76fe6b	bbf21e81bc1e712a28260f07d7a7825fc73bc717
commit	089c198195bf8f9203b3bc0654cb0c962362ab45	ec0611c0d52245841e2708cab959f72de09302f4
commit	08e6d074c52fd79a32f00d34d69cb71835b02f6f	08e6d074c52fd79a32f00d34d69cb71835b02f6f
commit	08fb0b77f89b6e7db6842e2c3ec302c79b8c131a	08fb0b77f89b6e7db6842e2c3ec302c79b8c131a
commit	08fdcb3e5475da365c72811d9e14949f0b00bc8e	08fdcb3e5475da365c72811d9e14949f0b00bc8e
commit	096a3a385940fb7180106673729f033db00b2e14	9de518ff0c312d10a256e633e0c1f7b1f621a1f7
commit	097c67f6fc2cf2c607c73d0478fde15a48ff270a	70e8a64d101f370fc4568745736093b853c4c87a
commit	09d5c313ee314fdf181dc7dc1df7deae4477a52b	09d5c313ee314fdf181dc7dc1df7deae4477a52b
commit	0a137ba13414926475490ce944089133de4d980c	4ec41a54b62cdcaf2de95d5e6d4490cf0f94c8b9
commit	0a816b0a8536163fc2aebe36db8486a2238378f8	c490a978a8f51fafdafc003d02031fdd300e18ab
commit	0a9e4a29909ce88ef9f8b82d8fea57172e29fd9d	0a9e4a29909ce88ef9f8b82d8fea57172e29fd9d
commit	0ac0af56a7735791bb86cc6b2328ed6b390ed706	3213d6d4e894afa433d464feef1e3765aff94760
commit	0ad3ea143b671a14c9b65524903677cde78a2c34	a055b1a7b8aee56764733390acd72e42582e1132
commit	0ad4acf128d7808dda3c08c9ca497d071fe1d2e7	0ad4acf128d7808dda3c08c9ca497d071fe1d2e7
commit	0b5189a8dd477604021ac8c16b6b595ec6769897	7132a1b915753a19ccd415252ffc1c92a212252f
commit	0b5b913f4ced0dcc6d127ea7dc65b7627fd4cde6	0b5b913f4ced0dcc6d127ea7dc65b7627fd4cde6
commit	0b714068498534f396b27630908f55f9c3a4e8ce	0b714068498534f396b27630908f55f9c3a4e8ce
commit	0b714f9a324a0c02f66afcc7966f65b278d1a743	0b714f9a324a0c02f66afcc7966f65b278d1a743
commit	0b7a66c774f01b073dde7e0bee606f2723378e2a	22a3f31ed1a8183137dd27ceb437e3c576ac7d88
commit	0bbac44f8374ab98672e240ec23b9e9c48b13ad1	6048062ceb20092cd6766822a6978b5547bd8732
commit	0be73a1a064ec65a43d1263e678c16d2dcaa7c7f	0be73a1a064ec65a43d1263e678c16d2dcaa7c7f
commit	0c121442c7e56a8ba060e152808a8453da487c29	f59e38a12cb25295598bb3821ea9ce941e63907f
commit	0c30fd5359cd0551a06d27f639f4191178a1c08c	81ccbedea549b2b6675df640b3a81b3196f43813
commit	0c51d81bde1e96eb94822635f98b3e57875de0d5	ea8e8bb4acfee9c25d9f3328000a6250f65c5e0c
commit	0c5dfb7e01c6e3ee440b334b914437743185081b	0c5dfb7e01c6e3ee440b334b914437743185081b
commit	0c6a85fa56dda6475678237290b643464286afd9	a9d7e2e1768fa25aa58c4cc532a58ec33f358c8e
commit	0d05c072629e57cf1d3c01870371624ff7c70dd4	830d6606008ce17224545c2f7b43d1888c9bd1e6
commit	0d1901b5def18a44314527f844ac90c63e168570	0d1901b5def18a44314527f844ac90c63e168570
commit	0d1fde012ff84e8d95f101e2ed9af4bd4cc8c776	35abb73c37083208a3ea323ab406020aba71db36
commit	0d31908f844118a319822484d393f64e9e7eb71f	4a5e9c26d76877cbbd64627008949c87b928df7a
commit	0d42ca7582096e6449ede1c946fa34b359032596	0d907af66f4901eaab64625618695e71d8b155eb
commit	0d9d0885fca8c60870b6318bdb2ab0400d380939	9029903d9f33e4ec4dbb28c409761f0bb472d5ac
commit	0da3329596db0a3784bff2cf92e0a482b6c93fcd	0da3329596db0a3784bff2cf92e0a482b6c93fcd
commit	0dc0d347d2dbbd65cc1b16d07331559f6c1c0bb2	6f9a7d51136de463d16c357497ad5d659039fff0
commit	0de846c8ec9851d9e5f78f19b5da0cd443a20d15	0de846c8ec9851d9e5f78f19b5da0cd443a20d15
commit	0df0a6360402603a55159e98676c31e161e83007	c17991f75edbb181333b4745da5f52d830c3b20b
commit	0df0ff12c86404eecd888f2b079abf0793da3916	0df0ff12c86404eecd888f2b079abf0793da3916
commit	0e0b8d2ba3973d7dc4d032c16b3196c7c067b8aa	7fdda22e284a7123ad7b009299e9c2573787fd1b
commit	0e1ef2f60382fbaa355b7386e4782b48702acf41	00d15cc393e7bbb2151c64d51b782f3cd0f78edc
commit	0e2c3d5b5bcff279fa522f632d7c7a70ea6c7d9e	2215b7880d7ec4d8946697cf35dd841c7ad99788
commit	0e49d8d2ea7b2a13d76768e528a00db30201b997	0e49d8d2ea7b2a13d76768e528a00db30201b997
commit	0e4fec24a184f88b97d5c07cf268c68a5d4fa961	0e4fec24a184f88b97d5c07cf268c68a5d4fa961
commit	0e88144da7d909bd74bbdf662690c5ebbccbd3de	0e88144da7d909bd74bbdf662690c5ebbccbd3de
commit	0e8bc466d6a85338523695b98790703955c6f53c	0012b9945ad5496e126ed71d79256ef0bb688eb0
commit	0eadcea087c37edefae9a696fa6cbf6a009b03de	e19e88026d7c47ab16cd4f58052e2c1227bf64a3
commit	0ebe0c395195e699f2d953620614bef14453617e	5d350e5d014d4e118ddf35cf4abe109a92243352
commit	0ecaeaffcc890ec032096aafd34c8663e23b6773	8dbe4ac581baf8d2b1cd2143ecf529fba71fba6b
commit	0ef246c94b376e6105b6ea6de61b92a4be5bb284	0ef246c94b376e6105b6ea6de61b92a4be5bb284
commit	0f51564e18b585dcea1d5ce2b683aee50b773319	0f51564e18b585dcea1d5ce2b683aee50b773319
commit	0f59df6871cab35ffca3ee8069837411c9b8d8bd	a7cdb99078d91dc82e5663c60f76d256811c8999
commit	0f85bd069a2d20ef782365b8a9c1746dface0723	a592ce7dc726f95fee24861859c7b1ec829d79de
commit	10024159b37a3b97466e01d72634f272462280dd	10024159b37a3b97466e01d72634f272462280dd
commit	102798169e572b5ad210aa14f6fdaa333cc6e04c	6340124872289fff853eac327ad78bf236078bb0
commit	1028026f4a21521a7e9a6d4d4bb790f4ca797e0f	1028026f4a21521a7e9a6d4d4bb790f4ca797e0f
commit	108348e2414d5f3b91e2b70b17a0bc79e034db56	108348e2414d5f3b91e2b70b17a0bc79e034db56
commit	1099a8e4c502ce990ab7abd90f67c37af12a82e7	a486a69c4932eb25889b6f73e531cbf602dcf97e
commit	10bc37d2ade606247d620200e4d42ff0c00476d9	f714940e3b2b56e000989342727ce73cd5d93e8e
commit	10bd2e1b06a21e22344c1025b2e8596558d3e853	e156be20a83ff4eecefebe5d74dfe7b0b61b5963
commit	1108fff5bd0fa082e4b650103318295881e04462	1a21d3bf26a13cd218f5314bc8a065427332fd74
commit	112767b7acdcdb19b0676167193d862f6315b544	e84b9337a2865038bc6ec0022d6c349209a8f016
commit	114151f2b8dd6dcabeeef443c7848e15d2e68c8d	8a2afc4b46ec87b6872bb42b647134049049521e
commit	1143443548215fc1bfd0983d66ffebf2f7263c92	a9c28211c34f412db67da263890844e5b887d1b6
commit	114e6e5f20c242b8420da3478addf0200197fbf2	76721c0a1578a0ae645845b242ef1ceaa7e9354a
commit	11a78a8dced7f0ad22cd37bdb4c68d47ce662cc4	99cc12e40820b979b6543aa802bfc7ae3fa4d3e4
commit	11bcc5c6abc780c5d94713ce9b623bdf9553d384	11bcc5c6abc780c5d94713ce9b623bdf9553d384
commit	11c1714a32a4a299d7e4e8211a8a5c5197f28a1a	a344e66b68d615b65063bff3ea44f40f57fe8b18
commit	11ce998ca7ec2571536aa2ddd745089fa05f52d9	9d113ef641870e5e75abe1566979bc332ac16809
commit	11ec27278c457d06daf9cdb995d9ac5fa9ebc538	11ec27278c457d06daf9cdb995d9ac5fa9ebc538
commit	120ee0076b262af4071f5fbaae1cbe2943cf3607	7d1deefe1e5d5e5aa60e65bff22dd1717add8fad
commit	1214386bb0d776fb31fe925828b82a2ecc878471	1214386bb0d776fb31fe925828b82a2ecc878471
commit	1214ea6d5c0e4f64ef9106411a2d853601c8439c	93f1c3f24523605640c9359f6c0be3f6f9cd5084
commit	12249cd5b9cb7210c239f2f5d364c93957b92d23	12249cd5b9cb7210c239f2f5d364c93957b92d23
commit	1256fa50676aa762a4c30ab725f02a42b8b43f16	793b82101682270b55eeabfaa9d0533d799e3915
commit	12b3df6accb0249bbecc8ec8ce3554bb053bdb07	73bec18bb39651b637363177dce72655ec9f4735
commit	12b8c9dd4a1d7eb3b7ac0978e49bdbf94b0898c2	12b8c9dd4a1d7eb3b7ac0978e49bdbf94b0898c2
commit	12c65b9c7fe70594bbc0b462e8e4480f062fe5e7	64c1a218b4a9981af98f80075e9869f9e67fd2fd
commit	12e13c575fe3993d1c03aff2e5889eba0cd54275	ffb394a6d9a3ebed6f999932d9a7cf9a9cbbaf67
commit	12e3810ca5bc9bee54595273fff53ae69d10dfd5	027c5979f9a22dd62b711d10db87dc61341a07b4
commit	1301f1d9c6ff4af544caee7d173aa14af80ed220	d7d5a98560ef581b21d4c1a5fa7418e929655e1e
commit	1312deac89b54ecf5a2dff2029105e99cde7f3f8	ea707346e034e121b71bd7548eefd620f28aad8e
commit	133dfaf52d33a35163fdf521b97708c635198967	133dfaf52d33a35163fdf521b97708c635198967
commit	13697e7ed700bc19e542c412aca441cdbe28a922	de54696686452d80e9ea8c1a1b4a991f43d03538
commit	138349f3dee44691d02543a3720033b8c1d92995	4a5e9c26d76877cbbd64627008949c87b928df7a
commit	1398172884beefb97e596f0cf981e17f1fa49d34	7e557df6028642fb55555556897b79e5bcea568c
commit	139d80189c63f2b6d561084e5c906d45f7f41708	4f9ec1b765a93a3a7b6d0c9da01dffcdab39db24
commit	13c8a4635f3ffafcbe58e57cf30e82690fd16960	13c8a4635f3ffafcbe58e57cf30e82690fd16960
commit	13ff6f913b1c1b4ea4ef5087034fd95e55710024	e9d33f52ce9d2ed4fe94de3fba3ca65ad0893b89
commit	141759a23f8851e67071191ae6bd15bef0576497	141759a23f8851e67071191ae6bd15bef0576497
commit	1441e4617eef90cc9073820ec9ec858280b0bf59	a53870ccc24d8ebe37c0eedd15fed91f9a6e0185
commit	14435993dee033aca9306a9f1d5f3d9bb7907b55	4d51d3b4eb8a5633a9689d4a4d4de68fc541192a
commit	1447b40ae79c4dc986e52b01a792ff5129dff368	e0e19e21d7f11dc2b199ff7951cd6428b3fcf271
commit	1475cd9dde74b6597fdbaac667cf4c5f46a6101a	9029903d9f33e4ec4dbb28c409761f0bb472d5ac
commit	14ae7b4f1ecd7c290f580b4bc92cdbbf70df90f9	9a9bbd552b1ae57a41f2920141405713766d1de0
commit	14b215e8a754f86d8465547e0f616abd3b70416a	ebe70456d78ade778501c09fa9b7f6abc2f3e7f6
commit	14c100527f62baa1d8029a894caa10f78197c580	3a3a8e6d35b9f4c579ab601658ce3463a277d671
commit	14f68090363d5411eedb4669a606f8d38209bbe9	14f68090363d5411eedb4669a606f8d38209bbe9
commit	1509dd4129537de35182dc74b3b8e5527ed74d34	ab6dea3bde1a4519b952267d7bdb093eb4fd7d81
commit	1535e2911451c2680b2abcb6980b882f0761a022	1535e2911451c2680b2abcb6980b882f0761a022
commit	15535e04f69c699a61325963e023c77ecd3207d8	0810145ef690b6537df7219c953067bccfcf9f2e
commit	1556c8e6be1882ba307de808ef4177bbf02519ba	8aafc681da5446596b0171a300701dec7108a8ba
commit	155b76dd4b2d17953fb5e41be4cf1f9d21e21c35	155b76dd4b2d17953fb5e41be4cf1f9d21e21c35
commit	1568c2deaf4348460b16a4d9c08ffebc436c088b	1568c2deaf4348460b16a4d9c08ffebc436c088b
commit	1570a9b4df0cabb30aa00c7fd3181eac1f7b431e	1570a9b4df0cabb30aa00c7fd3181eac1f7b431e
commit	1571552a9637afbb78381c0ff1640690f19a6246	6d34974a73649a1eca97721d499a67f525eb8fda
commit	15aa0d60161a46f13e101a4e8023ed889a3f8c26	310d16c713369e0ad28310b305e0c60987522efd
commit	15b32f542b390370e3e56cde36a045f0eb89a376	57668a782097ec9113853e83cb121a1c4a82056e
commit	15c8a08891728af9ff49260c47700af1e9e9ea69	7ff00fe671062bda947e5ef5b4d750e5e573d920
commit	16208d43f97a70579f79f47b3675895e8ccabf68	3e75561b50b620d5c61ee8e51a1955dc3738bd87
commit	162a5fb934606ce8f5697a233c901e8028503b23	162a5fb934606ce8f5697a233c901e8028503b23
commit	16304db8611e4deb9de699b5aed9806664fd4b16	6812136a1cb571cb3052ffe047b23ea3fa7b7880
commit	166ccd07be75b40cc46b718f0095d3958d6490e7	a254a4a4645a28ff73c4f57d2c9493322f71328b
commit	1692012152253ed6367f0bfd8743065036760908	bfe9ab1584fb8085f7b831a2193fdffa87d688a3
commit	16a2f652edb2fd67b9f909336211bb75df3bf589	16a2f652edb2fd67b9f909336211bb75df3bf589
commit	16a7f42f043ea0ced85d602e17b901a28ffbe176	751f85f31b97a36dd63c2468467a7c39f6c86c97
commit	16c2a9d5293c37ed7b6ed433b9f2544b97e09a6b	887917e177cb214a76171ed44793b7a4e547da14
commit	16f05a280fc35b8ab9e86193144a4d7e2b56e416	32cd967579990c39a7f8a5bc96d7ef80e362b517
commit	16fb5659e50fcfe8cd44f36aa2f0698218605167	2d6ed9c6557ac6d11ed1dc3fafd3a5a3e8f9e188
commit	17584391c6793051cf49dbfcab193bff64d9a3eb	17584391c6793051cf49dbfcab193bff64d9a3eb
commit	175bcd42a94f56974310a80eb8f6900d429e0573	0d45d2c23c594dd76db431ced20a35efe0d12cc7
commit	17d24f6850272325722e0cb92de9d8ba5d6becb1	c281095a51fdfcf18423c8ee45d34c68a6b9d62a
commit	17e5dc608754eadd2117d1ea8c41cc66688a4ffb	27fcbfa758534247f35cf6cc5d3184bfb26f0d13
commit	17feb8f72d5596f84a5bd155523943f543da03cb	17feb8f72d5596f84a5bd155523943f543da03cb
commit	1813fe5e594392e58b1192857534423efcca9052	0971b606f54c76ba0d6afbb1ca1497d7bc064f9e
commit	183bf19d82367dc49654aafe6475144f6403b89b	22256832338dadd37e3be9e105290b793225d0c5
commit	184e13575001fc9f014e524c2e72fe311c958caf	d1cb6eed6c905ca16e8b29c965c66fc4bfae24ec
commit	18645b72c8c393a178c1978f2d04d5deea76425a	18645b72c8c393a178c1978f2d04d5deea76425a
commit	1871a725d77f3a49026c5d5cd11d9054f5a58357	1871a725d77f3a49026c5d5cd11d9054f5a58357
commit	189c6e4fd4775644052e604660c641beddd61a3a	9af09f9c10e734a046d5b449f6929d855b89db43
commit	18b4cdc6847f76dd40b06d5ac8b6261a900b8767	c7ca30010c2da1fc1844eb755d8913620a5fe27e
commit	1936c6b085eede8c0d19edcf0942e88585ea5db1	2b51463483cd8bbb9db7ffcb6394ad59f117cbe8
commit	193ee6b3420df33d11ee8f58dca795a17af7bb3f	a67d96088c5fd2dc2649a427c56ff8c874352637
commit	19579c8980e486a4d3c3441881d6ee96ac14fef2	6812136a1cb571cb3052ffe047b23ea3fa7b7880
commit	19728b1a75707e1ba9ed0b517ce618f34623f21e	19728b1a75707e1ba9ed0b517ce618f34623f21e
commit	1a1487950f69fa8a3edbff4a47f4cd2fe281870d	efafa4931fa59dbd4940b22b66154a7a31f680db
commit	1a30bdbf5471181266c538474cb8375d7c5a22ff	b04b1af3a13c616e8907f272ad20cea9b043b3e6
commit	1a34c78b6d31dfafae0809f4452521b749edd1e6	51ef4057da602d8d86bed4c3b5c8bc0e613da723
commit	1a34f0ce00192513ec8c6d2e7b3763fe58dc77f7	52266145776c3c693010fe09c818a2d8d3a63753
commit	1a43d44088645379b6b124360cc053333abb7e7e	1a43d44088645379b6b124360cc053333abb7e7e
commit	1a5100dccc7b6f335e944f4de1189cc4e3ae82eb	1a5100dccc7b6f335e944f4de1189cc4e3ae82eb
commit	1a5daad649e79afa3baddf985a651c8b542f8a54	1a5daad649e79afa3baddf985a651c8b542f8a54
commit	1a621ebc977dc78b00ce7ea4fcd8e905bc3c90ee	5aa850233df6ef71b3f58fad674bc57606a5d0f2
commit	1a80b4be9d343ecce1601572bc3473bee098b2b0	1a80b4be9d343ecce1601572bc3473bee098b2b0
commit	1a86ba70d6edde2fa871f3dda382a64d30ed393b	638e892466e48d2ea5b50dfb4a62b1926cf7d90d
commit	1a86deb6bd417e3ce66d1a7a8f181e403125de20	1a86deb6bd417e3ce66d1a7a8f181e403125de20
commit	1a8c5a786fc2bf9b97fe24ea673dca716bfbff9f	e0ac49453a940b7b750c822866a936c552c3b11d
commit	1a9baf72e5797143b7c33ac76e947a8e1bf91161	1a9baf72e5797143b7c33ac76e947a8e1bf91161
commit	1aa0603eadae45389c3eb2b219ef25003dc88c6c	93f1c3f24523605640c9359f6c0be3f6f9cd5084
commit	1aa0a494d8fe760e82ae70e5b25c975dea1245d1	1aa0a494d8fe760e82ae70e5b25c975dea1245d1
commit	1af1c210e00b99170355d72150f909f95c9ec991	1af1c210e00b99170355d72150f909f95c9ec991
commit	1b0a78dd016d87964cda1b8401c01e7369bad7da	a7c10bd6e0d48068cc09f0c01862b933b6fec84c
commit	1b1751d36cd242af4ef86211af7e6e50ef6a7b92	85984319f3ef90357b63ef3777fdc1c0aaea6967
commit	1b1a3008a705249ca697a8e94ad9bfa2806afb89	2aaf17ce3843c939976bc1e1120c179e5989414a
commit	1b300f8642958963b9875804281029e3042f0e4b	a592ce7dc726f95fee24861859c7b1ec829d79de
commit	1b6ccfd91ef2ed339e67dc5a170e7ab40a346511	1b6ccfd91ef2ed339e67dc5a170e7ab40a346511
commit	1b812813c33ca511b902fa87147e98d4b34d052e	9b30f4661734a64e23ed810e48f007e5906e1caa
commit	1b839bc77c4e8ad1aa14e26e91b6e662193fd1d4	d754d84d64e1fbc3d5e93e94a2692a96803859c9
commit	1bea686dc020eeafa8ef20bbdf17eb904a75379c	1bea686dc020eeafa8ef20bbdf17eb904a75379c
commit	1c067625b7ca13a0e6c4fe0423835c960ceb5f25	2d78215f9fcf2c2c2c1c443f310db9222c192263
commit	1c3f611818bec8227d3d12f8c6f5f97485aba653	1c3f611818bec8227d3d12f8c6f5f97485aba653
commit	1c5496c18cd8bc2f83ddce848750ff80ddf9da5b	1c5496c18cd8bc2f83ddce848750ff80ddf9da5b
commit	1c5eb79d3f7ac03f09c58e9e45d915390f942c9a	1c5eb79d3f7ac03f09c58e9e45d915390f942c9a
commit	1c9782a378e7fb88b89ddd11c5bfa84187854494	0bf1403e91ed657af007ed89ad4753720d211502
commit	1cb22fae3ebb7691b5c3e9c825c303feb6e78894	716f570c88b7446ae8dc7fab875e99ffadb280b5
commit	1cdc62fc752cd73e9e5edb06a571a381818a3ea0	1cdc62fc752cd73e9e5edb06a571a381818a3ea0
commit	1cea2514e4f07a019bf9d1e4dff1d63e27bfbffc	1cea2514e4f07a019bf9d1e4dff1d63e27bfbffc
commit	1ced73b3f93368e8a360b8720cc6514c6ccb57b5	81ced4dd72a264b35351c8b375dd30bdf51d868b
commit	1d03b2808d57e6596fbefb3fa5e0612c1df30a47	ff15b030cf082d51c3876da13b97847c5b3f5781
commit	1d04561daf26dfc0d08ea7d1ef21ee675fc50ff3	1d04561daf26dfc0d08ea7d1ef21ee675fc50ff3
commit	1d2a235afdc64097fd6840c4998ed0b2ba68a9a2	1d2a235afdc64097fd6840c4998ed0b2ba68a9a2
commit	1d6267d8182fff689674bb5e9f6825a701b20aea	8626abce1004a1b8034589ee51a7a3bbf1632a05
commit	1d6700b07be2de7b1fcf0cca26e9f0f0a1def24c	1d6700b07be2de7b1fcf0cca26e9f0f0a1def24c
commit	1dbf595a66065c9ada4e1cbaa93007d7af32a2bf	ce877cbb70595882fd1a06484074b597ab68c9e0
commit	1e1bab5c29089aab274575f7978627740a284021	3e7e10052430f24ec0a0b186b2ff9c138aba2c7d
commit	1e42b79907291a3fe34e37d7a4df8b8b1371d7b9	b02eb24ec603518b7a230c812e6f11e725f70371
commit	1e69662c9db09ba0be7d2f2bd371dc571db73f64	31c6d06ff0ce647317cd4a7ba6425047e2ec3f13
commit	1ea57aa9fece138573fef37b90904bb6416ee2af	1ea57aa9fece138573fef37b90904bb6416ee2af
commit	1eb2473f6439b3c197dcd81850c5d02a0e9ccb33	1eb2473f6439b3c197dcd81850c5d02a0e9ccb33
commit	1ee874b9b8ae972f3d0f12e4099db6289606c144	faf9eee233fd81a466a5b554ae21144bd2d8e223
commit	1effc72126743af1de7e197c63fb470936ce7d25	3a454c5e270e18d174d2bfd7e73c45197285d771
commit	1f0de48030619e40250b869e3c4a2feaabe067d3	d7095ebd377c15dec5621c54d5eaaafa34c39830
commit	1f43dba5abc49a1704ef0259c367bd8acb7856d0	e7a6bf7335ce83c6cb174f5e8509ba931cab190a
commit	1f620e9d6f05bc0d37916a33162e6b4f55e702bb	c4d253b36c032a41ad2787eef7a84be9c852e38e
commit	1f7511e0c4f401118fd9844f619403e61ea95317	51f8f608d6c8c3da3b10936383af0685dcc97b95
commit	1f81c5b973fadfe4ba91343ef550aef4de57df90	78080a0ddada0b251aa471c574bd481315b0532a
commit	1fa103e95a40c8814560689e48d1fc69e9adce84	1fa103e95a40c8814560689e48d1fc69e9adce84
commit	1fa82bee2bc0960531276b447cd375b6c8f2d02b	b019b0f2e3070c66be8a42c833807515447da997
commit	1fc7c15d16f9284e71758e50c42e4aaf03be9ffc	e806af7e659a7cee1dfc84324e7d95235c97f564
commit	1fd25a1101be7ecaa2eea75da7813eefbe6b843a	4ddb1bd59d0fb621deb8007902116d1d6371ad42
commit	1fd33b5a2f3fe9777045ad63e9aa5a5ae3a91cc8	79fc9ac35e50be9ba73456d54b07ed602d958b98
commit	1fe8d26ce08a754bf501bcc3bb70838b2728f50f	df01af701e70e54b5785ecd86356ce9d1a0d98da
commit	1feeb6bd42cab3f930233dfc52529f4470b56cf3	6be3f6f871123ca42cf92c42a5c09e842144567f
commit	20069d55dba63430edc802038df1b4658d95587f	621af0bf1c93e467138f0b84d516d65258ca4557
commit	2061aa7a68c9c6fb13a97a663468a9bf3b555339	c7c98a189fbf2f752e245e8f71743c9cea4da74e
commit	206c933e300ccce319feabb354dc152f7341d225	92a7dc54628b774ca4b142f91214ec13afc9d3c7
commit	207181a1e375bd4ce492eb2b2ed7a0f9b6ebfc0b	b50774f1733d2524ec256e37db41601e4e105b95
commit	209148eada430309565c12e24ffa6131910b7fff	209148eada430309565c12e24ffa6131910b7fff
commit	21303bb4562d886fa78aada140bdfda2fba70fe3	5e20ba8ad6f4d8decdb444bbedaf5461f1706510
commit	21368c54824737f01ae78011ade45878293865e0	8bcb92c7dc49ca86f0ac617e5b7408d56f3c3a59
commit	2137ef421071699b24e8dbf42b4f62d0b82f7e5e	8247a4fc64e562779e663434304996a9eb65674a
commit	2145ad010e5b923ba618c07a9380785ea47da48c	aafade002e85b0c611918dfec41f7ca459fbe8bd
commit	216f290d46219c79cb0399db1f2263e5e423f4c7	8f3e533ac913ee69b3cfa778837dce4620c27b81
commit	21772a31d503a8d72b9aa82953a1d005fcb92d30	21772a31d503a8d72b9aa82953a1d005fcb92d30
commit	2178da7a5f09bb2ec3ae9130540972be9069dc1a	2178da7a5f09bb2ec3ae9130540972be9069dc1a
commit	2196b1a3af2dbf3c6106024ec38f57e2d849fc49	2196b1a3af2dbf3c6106024ec38f57e2d849fc49
commit	219dc38ad9fd8f5ed675552d40aebf9b93f53f7e	3ccca0537c497657969b25b2c62b4fb256a9f4e7
commit	21b3c2e85ccef1bbb4e8ac6a34ebcdb198045d1f	21b3c2e85ccef1bbb4e8ac6a34ebcdb198045d1f
commit	21d27f8bb94812e542ddc41b8cca5f37879a9d9c	55e9da6179f5549e2fd5e3726500bb91ac2407db
commit	21d749be584dc069c623d1bc175c869d0ce0affc	9d043b6aa16f035b0009f4ab33405da8f515108d
commit	221d3312e404cd721d28856d4d7024c29a965c9e	7dd718d9eadfc01c96965dd0dcbdcfb045bf94b5
commit	222e12ab26bc2de2976d9b8093ef6adeaf74d322	222e12ab26bc2de2976d9b8093ef6adeaf74d322
commit	223e2bd277c77b6b55d304e0ac2e9166e5ae1641	e995cb7454741a02f44a3116fca77769b97e6bc2
commit	22410e6661a08ac49d3596433954f87c3e391282	432daa0dd5102625eb697e6d09443c611aa42300
commit	2284c2d065f01db3d49a2cc2427b9ae6a8a2822c	48904a9b641c4b42596412b6caa697299568f4fb
commit	22878c319152235119f51989b1859348ae44d9c3	2d67a23ec17e1a2177b4cf63b274a1fcf94817dd
commit	22a6174ef70c30156d719a99f9c63d5c554d9668	c67d4b25ea34e325cd2c2b5994c353ae1dad2c08
commit	22a7d5f6e7ca5c654d3865f3ae4e1d20772847af	e0e77c0ff039470acb258df34787fa62a317fa08
commit	22a8fa9a4f72f0c3665e6a73b7f439d44e55d181	22a8fa9a4f72f0c3665e6a73b7f439d44e55d181
commit	22d27c323da0f1e9af25e009136740ba48ecea47	22d27c323da0f1e9af25e009136740ba48ecea47
commit	22d5069d5dcd93440cb5dacc89d1eb9bab332ff1	22d5069d5dcd93440cb5dacc89d1eb9bab332ff1
commit	22dd3dc2e7bbce0806e65ce678cdf4d30616ca4f	3e26d49d3b0eb2ed0469bfe9544152ebf7351f73
commit	22f885a2dc8c3875ff104cabae81efc83dddf20a	22f885a2dc8c3875ff104cabae81efc83dddf20a
commit	23231f4827303c379bd11d9a6c7f98778a41601b	b86118522dc7d23597e17a1d1908a0c04bcc349a
commit	232a9bf6c458555015769a51467a2252d4cd0502	232a9bf6c458555015769a51467a2252d4cd0502
commit	234a368d69eac7a294d8f1915734b225787f8086	d122bd02baf383f9cd39c3ca21357805111ad58d
commit	236ce8a542d14c513699c1fcb89011658c4a0f6e	1a7d48c3e4d8869b530694ba4c7c0227e51aafa4
commit	2380d7920d720ab03ecf59692e1a44a2dc9f240d	960db02718955cca7c5f97bb1263d1c30806cee2
commit	2384e984203460cdfc1ea7a83f2de5d22950dfb8	2384e984203460cdfc1ea7a83f2de5d22950dfb8
commit	23a4a831475a0c8d410f6523bb3e329cccfd7123	23a4a831475a0c8d410f6523bb3e329cccfd7123
commit	24005f0201d6ff526738adafc58b9d6922eeaeee	d1cb6eed6c905ca16e8b29c965c66fc4bfae24ec
commit	240b0cf8d18ce74a44d4c64c3d5fa6a336e94f0a	240b0cf8d18ce74a44d4c64c3d5fa6a336e94f0a
commit	24110748c33e77c560b783ed4115d28b06bca2bb	24110748c33e77c560b783ed4115d28b06bca2bb
commit	24516915fbcc83f602f751af7c7321bbc105a02a	0981239932b331da1044fa8f35fb9288d2581de7
commit	245b64033f9f5b55d628a80d79361c81b01f528e	1399b7073e10fffd69c1654e75704a68dbc685aa
commit	2460effc64d24861b8a59b37e35174b7edf18488	2460effc64d24861b8a59b37e35174b7edf18488
commit	24af9f10a46c7589765c421ff2b0a456a380f64f	b50a2f3ce7a883e5d6a8e2c39255b43a3a81efdb
commit	24b1ba5c5ef684bda5da10d90db9f9a4152710be	24b1ba5c5ef684bda5da10d90db9f9a4152710be
commit	24b8d065b02aa9eea06d2a7974427910634157b4	3231a76282aea20e1fdefc43eaa0044b5678b90c
commit	24e395291a76a03168a636f730010f074a2de953	24e395291a76a03168a636f730010f074a2de953
commit	24e90f5464277c4d04121e5ef6538b4fe231d257	c1f5cc7396ca69b91687390ac97c201e9d72323d
commit	25269574e9af6b9f1be806fbc05c068b242e51dd	813af26de29b38e07f9a11914a4bf92c2861114d
commit	257aba3818114084634d39795998b73a4c1612c6	699d27b057434b03af771ba89834a3a8146d5d93
commit	25b6f1ec0b5f9e65b0a8d58ba6f837ecc7a10b4b	212afcaba8ec84ace419690d2990cfdde26471f5
commit	25bc083944fea9d2141d60f2ee06f49b887f0c5f	a514da4223b5b74bc26ee393bf4e665aefe1cd0d
commit	25c3a806a40ed66e92089484a2035c9d7b9c6d73	25c3a806a40ed66e92089484a2035c9d7b9c6d73
commit	25c569c8bf5469adafa8885177019e06eb7b212a	ee6a2360b4cce5b50f227a8ebe73a033edcf79fd
commit	25f881e86fa5d18d1273c577f8f30cb7fe364571	7213a88df92e4115aec0c41e9e76198e675761e2
commit	2610d309a161372b08894f8e127bd2457995c815	2610d309a161372b08894f8e127bd2457995c815
commit	2614bfbc2cb82875166237cd84671854b76326d7	84ef92b200bcd9bd627e06c214ff4dcc6b183530
commit	26232993a7108345d472267acd2b86022f841e30	26232993a7108345d472267acd2b86022f841e30
commit	263c27b1adf460a630168ceb18617af40c950882	1043a9e5246058787ac38a0550552624152f04d3
commit	268656e000b654dbc83ee271d79d9b565610b2cd	268656e000b654dbc83ee271d79d9b565610b2cd
commit	26b2397e653be05f5cd302bd92a58ae66e448f18	26b2397e653be05f5cd302bd92a58ae66e448f18
commit	26d7599a60b7de028ad3da06310a2f8e35d65622	129643d5c3a4a10f790715ffdde04a21833247c6
commit	26e7ca85bec14ef2c0372e02b7916f40379dcc58	26e7ca85bec14ef2c0372e02b7916f40379dcc58
commit	272c80a2fe6b705bd30606766885cc21a9b1a175	fa3daee4579bb723780230403749e5fdcf93213b
commit	2732234edcdce194953aa8230a2a1a916b5fc128	46badbc6363ad29c017f15d88fff62b9f18abc2c
commit	273d4724efe084892abfe7298b71b4cf7f64e9de	535cfffbcbed26af706cae4779f68f4a2b427e74
commit	276b69cfbb323899c3f7640718d016c356f09941	9bc4f910b947f3cfa6a9479f5ba9f3cddbfb462c
commit	2778ef576a1d82777fb670f19036efe9b625390c	2778ef576a1d82777fb670f19036efe9b625390c
commit	278603614cc7cab4c23e2573a3d5cf3f3bc72282	d7d5a98560ef581b21d4c1a5fa7418e929655e1e
commit	2797018c579cca357f41df6a437d48d5f4d84af4	2a7f056681029117f8b80c37ef0d069d5630e730
commit	27bf3d03f58a4a1b80312cab3e4b741d949e7b13	fa8f079d82da49ae1740ff18ea87a59ab81e130f
commit	27eced663270c2b19728a87676106ec6eee01171	ce303cafa0ec82d80ff313c432cf2431244b20fc
commit	27fcbe77751da7b6cfd61292e359b77fb70347c1	27fcbe77751da7b6cfd61292e359b77fb70347c1
commit	28155f42c59723e5fe491601b14c9a41d8dee3b9	fe888258c3cc13d92c0b3603a063b4c815e46aa3
commit	2857028b5034e8c665c7447e489e221baa402ec6	2b4f1918d09052a5dedaa5384e986bbc99345719
commit	28856fe3b709f0327c2cbe050595fc0b902cb98d	68c8bca22e5aadeeb5cb57320b5e50a1ec83ac44
commit	28bde1bdf472dfda595dd446dea4e435cf8a7187	5d3434dc1bd9652c1abd2f688d7a54c638d29a48
commit	28d85dd1965da0b35028714e3447028ec5f57438	7f3d6e11a5d876cb8ebc8446985b83a97621bdea
commit	29035de6d741da44bc74e95e0e8833efdde5a5b7	29035de6d741da44bc74e95e0e8833efdde5a5b7
commit	2922f193fc17baaee3de5f40fefcccb01d099fd7	e053c2c1d417c6b0f344e99efb917539f94fc5dc
commit	29357cbc2c0fbe376d78de00a00a8b9b2f2cc26a	618c4cc3a249b358d87ff4251419791160a7f413
commit	293a38fbd05dfe9a8e7375422cc8eeb2b831d213	b8469aa7e59f9468e9c4ddf905b47491ea05ac91
commit	29534039c0b4a217bbafb5c7b03cbb9cf7643709	02fb8478d951c65077c3f05f1e6970a278f3c218
commit	297cb51c395a967148c18b7bff368f9963159bf3	297cb51c395a967148c18b7bff368f9963159bf3
commit	297fbfcb5f89e06d7c4a6dd27ab20aeeebdf205c	297fbfcb5f89e06d7c4a6dd27ab20aeeebdf205c
commit	2986f1322720a198ff8a4bc6ab7f529284fc4789	5aa4795bb2a5c887f6aba0484e1d10789d3cbdf2
commit	29ba6e4980b767a0310452c8f3284817176406c3	2e4d8bcdd2c28aaef287e8cac2c4723d42e823e2
commit	29cf828cd1c41094ce98fc14eb30d80bb9ba75a6	29cf828cd1c41094ce98fc14eb30d80bb9ba75a6
commit	29eaf66b7ddc4d9a47dac0cabc664d00141b21a6	3c9598b325af7b4a2a475c3b4c912da9b86d0ff3
commit	2a08692a0f3c4ccbec706d3276014865684d709f	2a08692a0f3c4ccbec706d3276014865684d709f
commit	2a15bc436ff40c5919ea3904c73c8d9df35dee1a	21367f2ec1fdb7f7f7e372d6fe38f14ed49b1fdd
commit	2a5bfd900ecff061a85a1354324e0ddc147d3095	d2bff273f4a5e269eb3d6c1a2cb8f513b8879ad4
commit	2a70c242c0302e5646c579d31d622e9d46554c5d	97b71392d06a56bc627a5364c149d39be6a477fe
commit	2ab02c23ad307ba67dda1e7dcaf8b81867d97d57	52689a9ae43b666b1db239a6adece7049adcfeea
commit	2abfd652862a057f498404703716ead316f54eed	42ca1a8e82d5b82c35cfbf8a7313cd0d41ea0e18
commit	2af60e4809adca624d26df0430f1ba272cec1752	c1019a9e9ed6d4d38ff0e638e8c8a93e7653a3d6
commit	2b02f953d2709bf94f2b3f2556eb6d6dc425b753	26d58e3b06589c349d9bb0763b2c3af0e6988b68
commit	2b3a8b2262d463462a2d20d68487cbc28d2cf3f4	54416ab01393a286c0eeabc5085eb3a9c5562aea
commit	2b451f245334ede192dff9ce4a46d30a7bdadcbf	b0c5322e9e340eb6e84b1d5c8b53830e42090639
commit	2b47ad63d23e34245542ae6a36db85bf573520bd	2b47ad63d23e34245542ae6a36db85bf573520bd
commit	2b4ae82e4784a14248c088f059a6d93e77721a32	2b4ae82e4784a14248c088f059a6d93e77721a32
commit	2b6bdb2bc6cde7e9fa9aacd6d4dc9a0d030f173c	2b6bdb2bc6cde7e9fa9aacd6d4dc9a0d030f173c
commit	2b922d8175b5cc41e345734563056faf3bed29f1	95a96e82720b86f75a0edb870ad9da89a5ebecdb
commit	2bbcb5993b2beb875c7bc8708da880ea15cf506f	4a5e9c26d76877cbbd64627008949c87b928df7a
commit	2bc70663f9e0981bd58015b93aa8e658751a75ad	e4be2af0eba38b334de0ac3e172e2bdea0ef7e0b
commit	2bd890e0b9055de5782d8d93e6261912136f8165	e2ca99a78bca88ad7318b90ff417a5e1c128c452
commit	2c1d0dbe2828761ec29f0b4700683b1714cba912	6599afc748c8f43dc191afe85d5aaaafa11ba847
commit	2c33d71c466dd6f3f291f8d6ff4b2cfa86df51b8	2c33d71c466dd6f3f291f8d6ff4b2cfa86df51b8
commit	2c375e7287ea8e29b32484bf50c3573ff088f1dd	2c375e7287ea8e29b32484bf50c3573ff088f1dd
commit	2c70111015dd569a3118b5c7afeced3483f93f62	2c70111015dd569a3118b5c7afeced3483f93f62
commit	2c7c31f3761a4752968070e3e84cff22d451dbf3	b085c7d9a098e9603f0484faa779c7cacf42fce6
commit	2c81ab1ac9720192aadf7353e07a67178559ce33	aa5a01a1f9fd791524fa182ee31e0a58d84c9229
commit	2cd8981c27a51a105781602953a29a22bfca2530	c3a06f372a8a4fc9022477def048f5fb78c0a858
commit	2cde62a5f068ae36f3864c1b3da2145bfe7832e9	2cde62a5f068ae36f3864c1b3da2145bfe7832e9
commit	2cefbbbe13e5ad0c6fdbe41bfbf73ee3cb6d4abf	2cefbbbe13e5ad0c6fdbe41bfbf73ee3cb6d4abf
commit	2cf6e5a3d3fca1c5a1481d5bfabaefd3d36a968b	741c832894a6b8ef3b73f67cc74ea304dfc0c265
commit	2d0fd2e326dabf75741c511694c79555f6e2a172	275d66a08eab25cc108d7b862bf6f645fab30c0f
commit	2d10517db8b1413a1f720cee4c3ff408ee920677	2d10517db8b1413a1f720cee4c3ff408ee920677
commit	2d1637bed87d8120633e73328dba00fbb4cc7ff3	2d1637bed87d8120633e73328dba00fbb4cc7ff3
commit	2d25769c184f33394c53af03705755f132827ac3	21b11b7208f094d7e7d9912b4237a1f11aef49a4
commit	2d392f8751f77bebdb08fcc1787c0c7f7cfd578b	9f074f4724f889bb9ea79b4bec86ed51a1f7f7d2
commit	2d3e20b1c24de77357819ebd87b5fc9124f0ec75	2d3e20b1c24de77357819ebd87b5fc9124f0ec75
commit	2d69901ff0604b8bce508b684eabb60943615c5f	467a95f3f164cd2fdeb24bfd907888bde5e50cb7
commit	2d7753a7c2eb800a84a078cdf8833382e8e84249	cc29a281e096c0304cf60a6b67159182726be7be
commit	2d82655b736d508e50340950d2f0a36ca133aea8	4137abe7da27484f88cae39882b334036d21f851
commit	2d861875c07a87f62117c1af5555b604a827d39c	2d861875c07a87f62117c1af5555b604a827d39c
commit	2da967793646880b4dc4feade93056a0bee3a05a	982ba030cc40ff541ec60363efff262731ca3ae7
commit	2dd28758c1da7e976ccd35f9c61ebaacd5b7fb5a	f40e31e7ad32633775c88697d29c1ee6d6422271
commit	2de3f8d70620c09643268dbeb5e4b50b34d99188	eb89d5a39d168f5d35d4782cc0bea8cfc8c3dff9
commit	2de6819ee08dc6680f32742a3773b9e15c8adcd0	2de6819ee08dc6680f32742a3773b9e15c8adcd0
commit	2dfed8be4496e01ca7442fc75b8d72d09a62c4ae	2dfed8be4496e01ca7442fc75b8d72d09a62c4ae
commit	2e1a2e6e385852519219d4c837ac9087c8d88003	be63724bb6921c7a86f1f516f994b38dec629ed1
commit	2e35f17d8cc583e82ed8c29c71bf710851714075	2e35f17d8cc583e82ed8c29c71bf710851714075
commit	2e52e84c660c039cba83b64f6e50ef8e6846b7c2	95f7c9073513828599f95744cd0e53ec1c2cfd4d
commit	2eceeb80f5148eea960842eea7bea9be3d73e48e	2eceeb80f5148eea960842eea7bea9be3d73e48e
commit	2edbb58b16fe44f0e42f312932b2a43469cec5aa	9c92b0105e9ffe917f4d3286d87b52bce80d2268
commit	2ef45f88c9e14668b732e54df76eba21b7af9e6f	941a6b6f7ae17fff8b4551d9faea99544962ec3d
commit	2f054216c99d40a5d3fbde256a2ba2507f798990	33da01e5181871ce401846126d53e897d85c7efe
commit	2f17a5ba89cfff4fc6589605d4038c43b43edebf	7e4e69abfd72e725d32d88102451047e00bcd65c
commit	2f376a2575cdd74071d8979e1ff1c02c43bcebbc	2f376a2575cdd74071d8979e1ff1c02c43bcebbc
commit	2fa5b998ed78e3d8728eaf2bef9a05bbbe18de8d	63360cbf81c06d0e2152df12a7fb3fb11a296508
commit	2fae040d56990f5a66dbe653536317b21d04e8c9	2fae040d56990f5a66dbe653536317b21d04e8c9
commit	2fca1f3503c76725c13cfd4e1b3ad0a8445ac510	89d9dcb8cb41449bfceaf271dba4223e85a01a2e
commit	300c474c51dc68cabc3b32a0f2ddf449aa0a5ea6	71f550341ca2c4f33330218279503dcf205e53a1
commit	303a90afc5dd2a1395cad34b3e4c13c06b03ca01	303a90afc5dd2a1395cad34b3e4c13c06b03ca01
commit	304e9ba35f4a45c72da83530a20573b31e321f87	304e9ba35f4a45c72da83530a20573b31e321f87
commit	30754744691ad2f6a59f4d1807598cc7236b5f39	30754744691ad2f6a59f4d1807598cc7236b5f39
commit	3075b7dd0669672018ac23e671d2ebcb4eeb34a8	3075b7dd0669672018ac23e671d2ebcb4eeb34a8
commit	30937850b1f652dfa0bec3a3507e5dea059b5955	30937850b1f652dfa0bec3a3507e5dea059b5955
commit	3097e0aa6bdf73cf1dc4be87265f94e00381fbac	7549fa80e210b07ca031f8699e88a0eff441f227
commit	30db99257e75fb74c42efa5888ed3d4fe22a35e8	30db99257e75fb74c42efa5888ed3d4fe22a35e8
commit	30ed6fd8059d907527d1955d25ad38d07d6d425c	7ac918f9a5ed53e989a19d65e3b1dbc616f90c1f
commit	30fb610c71ab28e1cbdf9c4cde1c9e822fdfc54b	30fb610c71ab28e1cbdf9c4cde1c9e822fdfc54b
commit	31055cd90bf25a8121dfc79d1ff55de4f497cc51	bf2ee2342c62e899a80ce903f02238bd854238ce
commit	312bc4659ffd2236a96bc9006fed62525215f80c	312bc4659ffd2236a96bc9006fed62525215f80c
commit	3135bfda113ff3ed47dbe8ddba269be81002f3a3	2442f471f1ea43b140ac431f4d4e63827efd6819
commit	31531a171daa01e4ad7fa5aa8c2eb2138a01f349	a1149adfe1b675b24208f3230f07c391fac096aa
commit	31674c072ff93c4f4dfe46bd3690b3858a142093	a22dcb329eaf68aac723b13f004fc89af22f2ea8
commit	31887e840e5b511b3bfc2e1e6ba4d4c34c7a080b	31887e840e5b511b3bfc2e1e6ba4d4c34c7a080b
commit	31baf9327661ecbac99e69f8ed498db1dcdcebd8	d754d84d64e1fbc3d5e93e94a2692a96803859c9
commit	31bc04bf94fb28ad13cc1309e92ab2b36e253f6d	74a75f787ac0fb58447a4e2b3a706071b57cc4f6
commit	31dd3a73f4e8ea602da42e4d09bb100be52f27f7	411309c9cb2e5f3333d73f672ff4c4b960357b4e
commit	31f63d31fc0624b84589cc52d6518c5ee6c28464	2fbfb0b8826fde7c9d6454c278df7c82f10852b4
commit	31fac273a415c68da035983b3706a85b16c83a4e	c33d6797180ce3bcb922f58891455a916e6c2f5f
commit	321dee1f997d4731a217eb26c45dcbcd7f8eb808	4373e232dee48944c4ec81d3c89881bf50bb567c
commit	323664fc7c260788edb85b545032a983a7d95315	f5260bc383718de07ab3a90f0b0f0c899fc1356b
commit	324b1bd92095a68943a58899e5bf8a2399e2c246	2207a6c4928fca983e23965bd6d10913987db3d2
commit	324e919ca2cbf2658b0d556729ef8984e9321d6f	c8dd49b92dbc7bbee4fc1a985a0e54cdffc5eac6
commit	3258ebe3fb753a7860cee93e8c667190c53e936a	8f4be8ad559371caac34578fb15b021f6f4d5ffa
commit	32764f6594c6e1732e1abb366ec5641efdaf4d7a	f0929937b8a40ea96ca36618e2b1d69259649a96
commit	329bf6ff60dcbef16830f19236fcb1b163f8b3c3	ce00c69d262fcbe9d561a60ac3f57c843a9de867
commit	32db3e102c4f72a7b4176ad92061421c9b7956f6	9457c70a6a10b682173e87bc00b99886a0e2ebc4
commit	32db7f0035dd97d03a1d1428a678389ec0d4e0a1	32db7f0035dd97d03a1d1428a678389ec0d4e0a1
commit	32dd92b73c941684e0ebd22e708827ec64ea24c8	32dd92b73c941684e0ebd22e708827ec64ea24c8
commit	32f6335fbf11ceb77c0faaf7608b8d0cde87c381	dfb17c38304a882e8d6c1dda5b249ffa807bf979
commit	32ff29a61ca59ccf79fb035cd4d4256df616d36f	a54bffe4c9a4bce114ea45c1b0c1cb8f7fa9c17c
commit	3320be30b2b2573a713970ea8ebbdc03525b1fb0	3320be30b2b2573a713970ea8ebbdc03525b1fb0
commit	335db0a6410ff0649705b8cf02ac70ad1c7ca335	335db0a6410ff0649705b8cf02ac70ad1c7ca335
commit	337e95574eafabedbd9cb8cc7aa01ececff380fb	e0f0931751f769370853b578b56883362d68670b
commit	339005cbf2087aa65bf595eb9897008596eb6bde	339005cbf2087aa65bf595eb9897008596eb6bde
commit	339a791a2c16979b1ffc5fd14a9c997a3cb7a300	1cb689f546f26f28b4185a92ec4c724b156334d7
commit	33ca1a79c7d603cd4fb1bbc0e03df70e2cdd945e	2b9646f756c4a7226b5aec9a63eb9021840369ae
commit	33d235afd2ec7953f8fc02c8a6965299a5a838ca	33d235afd2ec7953f8fc02c8a6965299a5a838ca
commit	33d80a43bff5038f6e4fc9e30ab82e324d34fc4d	79bb05da28cf632890dedbba9e346683b467c768
commit	33ea8594feeecf121923a27719e66dcb8a6369ad	33ea8594feeecf121923a27719e66dcb8a6369ad
commit	3419f7efcd60bddb39e2256ddfd65e7f018efd16	480e18bd966ada27842ac5478cf4e9b32a5ae5e3
commit	34203b2dbdac4aa95a7f1d86a75517129f0694a6	57ab2b923027585a7d4d27f924ec492f7f31e34f
commit	346fd52b55eda7030b2d7584429bd5a88e4b2639	346fd52b55eda7030b2d7584429bd5a88e4b2639
commit	34916eac049e99ae668d83a1161ddb285572a938	7bebde79c5059952b08f096a64ec57bce07c771b
commit	34b775304f60d31176ad7528b4bacddc87d21f75	34b775304f60d31176ad7528b4bacddc87d21f75
commit	34beab7acf7b12f898656cfb6f658ecbdeb53035	65c0816ca2f7b2060486d8392189ba470231539b
commit	34c1fa3d2f9161dc27d3f181dd40a199dc98cac3	5e53aa6ef23d8df720f278fed737671f763fa244
commit	34fc9984a91f78c6a3ae2a979c427a12ab910bf7	34fc9984a91f78c6a3ae2a979c427a12ab910bf7
commit	353659de141ed44bf56e801784e58bd3fa5687d0	96778c717c5f7d0fda4977c440b8ca3bdfd46819
commit	35376741206648bd5a867e6d4a73c5a864e8368d	35376741206648bd5a867e6d4a73c5a864e8368d
commit	3579aa3b56547e675c716cc83c788fec98db91e7	3579aa3b56547e675c716cc83c788fec98db91e7
commit	359ab3e7432b6329b4225881c9a9f93b62ca22c8	359ab3e7432b6329b4225881c9a9f93b62ca22c8
commit	35a21f5aa7e85f9c79dc7012e95763786df3ae06	35a21f5aa7e85f9c79dc7012e95763786df3ae06
commit	35e8d54679424ef2b89223c66a14c44783cbbd26	1872f6c982b1fa8df036478ef43a00a9ee8b0cd8
commit	367e8d61909d43fe9d9971d935bb632c26538e64	367e8d61909d43fe9d9971d935bb632c26538e64
commit	3683338b7aba81967ac0404430b8d34257423c32	3683338b7aba81967ac0404430b8d34257423c32
commit	36c14858656cde2e82bae7755d22d69eb1038f88	1f32c959af06e497a0e20e11658db0506fc89d23
commit	36c90784aa9a9cb5b7fc014ce0a5f57f15f0fc9a	e0f90e6a105c33340689f461f1176fd5da03c3d3
commit	36e2d256784c7f8bc0cd8d7c58c438db8ba69c0d	b27d10bcd376e7a45ec21a6685520e46720b0ef5
commit	36ebd0269ed955c0ac87bd798d652c561881c403	e2ca99a78bca88ad7318b90ff417a5e1c128c452
commit	374e719dc6ec9fe16230c87e338b39b1e8f60137	374e719dc6ec9fe16230c87e338b39b1e8f60137
commit	37693840cfbc24f67c5a8f64cc5cd1256d42c243	3ff243ef7fb3033f76e7135b6571cb0b7860490f
commit	37995f2df2c43a180f08444e3a2f79182ecdba5c	37995f2df2c43a180f08444e3a2f79182ecdba5c
commit	37a065a70abad54abebf7e3cccb545e24e77f693	37a065a70abad54abebf7e3cccb545e24e77f693
commit	37abe533bf8216f86c7d2ec39c1668cbf6bb7416	136043688c602accb01b366cf565b7a971e06455
commit	37e3a02c66bd22e7d34826214fcb4a70e4d9c439	0c865c2ac911c964455249d9fb71c801d23f5766
commit	3828a2bea23a3d14b3bcafdcf2adaf86373bb818	e7a6bf7335ce83c6cb174f5e8509ba931cab190a
commit	38347ef63646f43a65cae79d66d2aabaa4039ad2	07f26f6534be0f03685615c8d98135721f5c8a61
commit	3873d889f69b9ea901199d692ce5e56733b00f6f	09e013fb538a908439154f30e36e44882527fa8f
commit	3899e84a5d2b9c140b23af962f61131c3bb9841a	3899e84a5d2b9c140b23af962f61131c3bb9841a
commit	38cb2d00f8bed249f4a4b0dafd80f1ce3783347f	2e2146a5f846abe38e847ffb9fa083c6e4c697c0
commit	38ced7aa8aa69ac6a547b06e28c9b6e8bd1f5050	aca2277b24da6d42386fc1273d08ee4c61220fbc
commit	38d3df451d8634185d0106ca7ffab2d7d92d9058	01b5521bfedf7a90dd5d7109d9ece8a38a4b481c
commit	38d74ed2f7e4dda42e6c99a096969077a32b50f3	0f22bb4a6604753879fef3981a701d2ffb45e5a4
commit	38e2fdc5005762b995d2e00a42db1ec7724153e6	38e2fdc5005762b995d2e00a42db1ec7724153e6
commit	38e2fec4a55f146ad3c08f03519c276a1fa09da3	38e2fec4a55f146ad3c08f03519c276a1fa09da3
commit	38fd5f7e22bad4dc0a05eac5174bd3c2a55fa53c	ba79eadbd3c4ad3305d342cce49a85bcb4a570eb
commit	3902256553743d27b2d9184741b5c89adb9a6841	3902256553743d27b2d9184741b5c89adb9a6841
commit	390822a8dcab0a45c90a25b4c294632fa173985c	390822a8dcab0a45c90a25b4c294632fa173985c
commit	390d653a14899a6ee603422bfa5296d4d5c40d6e	390d653a14899a6ee603422bfa5296d4d5c40d6e
commit	39573427e52092ffca5d7fd1537103f4b2b3db8d	39573427e52092ffca5d7fd1537103f4b2b3db8d
commit	396c58631d4bd80113b413a55745d1d5ef5e2ebf	4ecf35e0c5b9d1e4fea6dbd8e7f84e7579e859d0
commit	3985a7946055f13dd20cb4fd678dc76722ad0dd8	9e140e83424aaa38dc3d34b8f240e77a2c58e486
commit	39921a13cb075c6fe8b4ee10a5e95f4d7e77902a	7d510c41b219fae3c985afe3acaafce8572730ab
commit	39a3f226735dcae443d7e1a262ed9a13cdce7119	e022e2fbd2eff92bc15674fb196e04d94dffc1e8
commit	39dd129eba8b124e6e12e7df4bb407f00559b4d6	39dd129eba8b124e6e12e7df4bb407f00559b4d6
commit	39ff150f89c376c3583682f8ee596bcb7dbd2c22	7833e1191fa709215eceee93080d3f70b8305dfe
commit	3a0c2370608f437d2a0165518772d6ed6f03a9a6	db7a93f7953b4de1e8cce403c2a9b1ddb7eaae73
commit	3a0c9c2c949e42e067272c0564e12a84b865b604	c2270f51be79e0141e4d88e95607da35e51b3375
commit	3a20948fe24712ed4e9f0d2727aaf466ba93bf37	be47a27b0a06e2afd489626cce3d543640702b0a
commit	3a4f63d4a61551789d0c4218d85040cb36bbc3e0	27fcbfa758534247f35cf6cc5d3184bfb26f0d13
commit	3a75313cb81feb34dc6eaabab09ecbe4a4e1e09a	3a75313cb81feb34dc6eaabab09ecbe4a4e1e09a
commit	3a806558e62debc07f276ada6f96f5b310b19a5a	110ebf14b330b48d1ee7a2eed1e5a17b20051e8e
commit	3a8d1070fedf7ded9d2d6550941f2f313a6097fe	3a8d1070fedf7ded9d2d6550941f2f313a6097fe
commit	3a971845e62bec29832cb33ae341276fe9204f0e	cbebc6f2854e9c791bb787ed56cce409daa4c59b
commit	3aa5f79808a6858ae5d158bc0ef99211d426f04c	221a11f657a67a1b16db36af29ea1f164eaa2365
commit	3aaf683fda3b2af5737bbf2b115a19faef621c9d	8581032730b9d04852b72313fe186f994c0f8a6b
commit	3ab5e57cab34628e9e137998bb5c52001f816628	4a5e9c26d76877cbbd64627008949c87b928df7a
commit	3acd3e2d4f3ead029a385425689f29824fa7cd22	3acd3e2d4f3ead029a385425689f29824fa7cd22
commit	3ad5692c8e6954aa3de3b926afdd94c89a3340c9	db5df1183641ca0e3edb2f0442d4389304b67114
commit	3b07fa8adc1c52523070f72138f5eb9e6123795b	aa4c1c2699b9ce70299ef75833c61e6998429ef4
commit	3b2663c44934a6bf614990632f5f980366547799	6e2758c88ec08e6c67a36f6222fc505b7f5e5674
commit	3b3d6dcc222e25232b54ef2d83fa594c3e9ae7c6	3b3d6dcc222e25232b54ef2d83fa594c3e9ae7c6
commit	3b3f779cc0fb4825efd0ed63bf17368130f1ac5a	3b3f779cc0fb4825efd0ed63bf17368130f1ac5a
commit	3b411b384f0505a5f873452874873794a159152a	3b411b384f0505a5f873452874873794a159152a
commit	3b53c87bcbb8b1d817fb44dba92a18a7069a7f11	7fdda22e284a7123ad7b009299e9c2573787fd1b
commit	3b5e5bfe7188b3806135eabe5abdd0c1c6e88655	3b5e5bfe7188b3806135eabe5abdd0c1c6e88655
commit	3bc414e98ccd94d1d6db8285c4532d0f94f607f2	1665e8292f5005cdec786383662ce5962fde4512
commit	3bfcf1cd28fe6a31cb47a0bfa162d23e3c60a0e7	ed4f5d303966022b54edfd919501d27b316fbc8e
commit	3c1aa7b6018d14e6183b80c9bed352369edda178	045b25a1f99e4d657f267118b95b96da3cfd6e47
commit	3c54ffdd38c47c760f51f3fbcbe4bc04197bad27	a45d68b6462f69354b74faaca20a10a216247941
commit	3c6dcf211b4c23f3c07064ba77f29560809f407f	da766ea00f480c3345652a5c072d1f418da0f3cb
commit	3c75c1423d66404071bf266ef24ca8509596a1b7	2c2551203489f92f7c1b362e83af5adb0f4eba53
commit	3c81fe6d2560cf5a7afbdd1b38c5c59dfe48c76b	514c2fe7450208945e8f60de9cc91b4a57043c5b
commit	3c92620dd5de8e5b7e14fe0b74dc7886f0ec247a	ab07b1dc07924086048eaebca97ae33baca8fa6c
commit	3cab0f7d78132d800bebab51e6d4901b34aee74c	1c56a9761d63fc9d4b5ce8934ce86d39962881ab
commit	3cb5b0d0f10a739203628a488641571f1e9aa181	c2ea9bd1455cdc91dcf5b3749fcc3e59cc918819
commit	3cc209604f3c4d95a14bfb9ec4578d6bfa9031f3	d4c1919ab28d59216caf06f6e2383a4cced30b71
commit	3cde8b3a63cf3ffabe863a61bb57a4b2a66906c8	3cde8b3a63cf3ffabe863a61bb57a4b2a66906c8
commit	3ce4d30a03f1ae61a94f9028f91129adbc035b61	35b8397b2e7dfbd2ef2b32052fc7b24b1f636579
commit	3d15148e249525338baa663f70380a21470b8418	1d4c8492cef408bc637438a4afbf92178de27537
commit	3d1e5b24fec4e561e2a5fb00c34194d5e24f525d	856924a65814a900ceaa2d3705c8ac78a7ef4704
commit	3d30f355ab4dac9c97d818fecdf60f17e1ab5618	7389be9c6b16bfd21ac658848e25c921434449b4
commit	3d4d6845e2ff62006c8fff6a538abe65b608a981	3d4d6845e2ff62006c8fff6a538abe65b608a981
commit	3d5961f88c4d5a01b2d58ea89a00ea09cf365380	730e3cfdb3ffb7d5797595059dee033f453e38a3
commit	3d7c24365331cb4c94478be0c29f6f7b1aee1b00	3d7c24365331cb4c94478be0c29f6f7b1aee1b00
commit	3d830fba7bd43f028672fc233af6c41cf944b64c	3d830fba7bd43f028672fc233af6c41cf944b64c
commit	3d986c5381c73c0cdd7e8d0d3f0417aa93601982	c3130a2472efd8148f93039723730b7e5d4aa07a
commit	3da27514c8d9af19ab990e7dcd1f4d53de2b8285	3da27514c8d9af19ab990e7dcd1f4d53de2b8285
commit	3db558a18ab90c5e3ab37931cfb0f90e61096fe9	348f55c71002aa6431a6faf3c09b261528386c29
commit	3dd8f611f02594a8da60009340022609923746c4	3120c01299043b2ef4f21fc704b38bdcedc2bda0
commit	3dea5f73a4b877d7091624e38cbe351e83b9771f	3dea5f73a4b877d7091624e38cbe351e83b9771f
commit	3df1297c07169c4a003ecd68defe3b06ebc66a28	88783ad414930d67b487865a0ba4061d351a1429
commit	3e6926b9dbcc83362f922597f5ffcea4fd353a34	cf0d252852c823368cf973a1c4c2fa53b6087f04
commit	3e6ad2b6d29b3f5efa7a3eb7a5ecb046f7ca00cd	0bf472fa186558deb96bef953e7b2b5bfdad3cc5
commit	3e7c3a76a98c694776c0b4b3140e44788b9bf276	ed8bf17b9ca8a16ed6d350350d85823e5b5fc53a
commit	3f40b66740f85e17d0f443d44602e547fbdb94c5	3f40b66740f85e17d0f443d44602e547fbdb94c5
commit	3f54d3614b1bb569c07a5cf55228649a6fd5d538	4418040beea48cddb483fe41a364914b47cd5a0c
commit	3fae370d0266c5a188a8f352ca782317956e1467	a9331e78996229695830f7243dcab287c92b1d33
commit	3fb25c203e926ba1f75a0e0eacc55cb2b8a7ffbb	09afa21634ff9e9c369788b63437796f89490241
commit	3fb81abc541d7104e8002a5f96177ac763639a5b	3fb81abc541d7104e8002a5f96177ac763639a5b
commit	3fbd0d9300f52f5bf16e04840ca9db0d33b72c15	eb1479facc464e752067793d634eca613fc32313
commit	3fc55738b91679ffd71da2fd906639a95cba294b	3fc55738b91679ffd71da2fd906639a95cba294b
commit	3fde779039cf599f2bb1390673d7a43c67e5adf7	965048c246282bd305904b5159a22a4d92bfb70c
commit	3ffd4432c93fc5055f93f4fded9f141547ab7458	4d9de661962aec31784236ee32c96a9212e048a8
commit	401a4a8078db9b39dca61739e77218d191109c18	401a4a8078db9b39dca61739e77218d191109c18
commit	4031a0d74e145fa299251fc7f1e8a27a6220ee73	ab944236883dab9644a6f6b82018df2f8ee05973
commit	403da8a1cc838e33fd398ab974d34a2625a747e9	6afd946bde0475d47c9475437876ab6b43b3077d
commit	4067c9fcecdca56d3af642932f6e73e882db6e1f	9d9109923123671d1e6aa1d65becff41951387b2
commit	40779ba514f64ecc1c5acb3ad74d9378b163e031	40779ba514f64ecc1c5acb3ad74d9378b163e031
commit	40851049aa28cec883de26290d1265231c5689d2	c272ad909e7d5735bc7f9440938880a548043217
commit	40a3d861ae770fef3bacc80abb2ee23e61e03bdc	2847c715c5a93a57218bb7df210b1a3071efe651
commit	40cb69ce519c828114382b6d91b2cc2ed647973a	bcceed683be6f3e6c2535a21c662283ffd0bd757
commit	40f2aca48bf10eec7a76916cbff0c865bfef71cd	0094efc4b72a9488788ebbe2f2b5f38d1260a5c2
commit	4102dc7641154e835dc5ea2fc0f5e95b9c00ff54	fba25140a2467f9412d040bdd7d164351042176d
commit	411a0700757efba1a8426209d2beb240ca14b807	ec688b2539a099a6f77c9106509d6d59edd9eb98
commit	4129b9135fc7e788718e07b2ee6fb76aaf7785dc	efcada290ece6e607f5fda010693ea88f0bc0a6b
commit	417f6ffcf28a83622fa3bb9c8af7a1cb7555cbac	417f6ffcf28a83622fa3bb9c8af7a1cb7555cbac
commit	41863713407c060f7d704c46080a4d52163bc704	a24c5107ec8ad6617b5c884f3ed0fd3832c116de
commit	419d62e4c820396107bce81025c7d87e65e0712b	dd42d91d26db9889efe8b9518739e23b820f2eba
commit	41ba8524f857e4cae45e2a9203ff1663ffeb1377	6f9a7d51136de463d16c357497ad5d659039fff0
commit	41cb8217c3048bca3f257e34368f5b8a89b02b10	614a4ed4ea34227242606e33d67709eabb0fee18
commit	41cd881c71e7cb0a8a195f90d89242ba6b566f9a	41cd881c71e7cb0a8a195f90d89242ba6b566f9a
commit	41ea114ceac191a09473d012265516712f72a965	0fa016ab63dbb69a64ceea3eac938d754c62ea39
commit	420ee0d150f3f651187ec45cd4827c5cad59f4b7	0843a2dc2d47789a629a16d5611de9eaac2addb2
commit	422234a900cd06bfc65e152bdc363588759dda32	a63c545b529b6da0bb895713c5e4d20a8a0506c4
commit	429a65cb949b9c4f5c9debb8e71fc762a9292132	60bdb6d15cec2c5d396ba66dab19fe9e865fa450
commit	42a52f1b7c4840599739bcdd4c6493f2bbcc1e76	42a52f1b7c4840599739bcdd4c6493f2bbcc1e76
commit	42a807c28f8d4942bc0b6a68b4b6b40f41bab126	fc17bbffd2de467c70e7f1fdd7c528a8c98d62e6
commit	42b2709bed77b47f26ad7c3a98dc9be2af11d342	c1005bdbed5998746331c885d0dc2327ba2ac496
commit	42b80fae8b966970cb0317f784ce8e5d2fc1b111	42b80fae8b966970cb0317f784ce8e5d2fc1b111
commit	42f9cc97a87cbbec3763fc0ab7975b6b86871cf1	42f9cc97a87cbbec3763fc0ab7975b6b86871cf1
commit	430d03f478d1bbedcd7e2083520630a519e69713	430d03f478d1bbedcd7e2083520630a519e69713
commit	433739359dc39be585fcff9249a686e3a13554e7	e72848033ce04633554af92febb26a825ffa666f
commit	434422411d301ae0dbde13891190baae1c9ddf69	434422411d301ae0dbde13891190baae1c9ddf69
commit	43668d9563c22c491149ed7ff30a6daa354c6525	7d9155c5bc51db561a828e145aab66984e6b1a80
commit	4373e66ae3e5a42f1a3565269a4b4f5cf6e8e9fd	17378dc543f4dde72cb0291b3a49b8134ade067a
commit	437f527f2ee7aaf1c88c74d0d33926daae9a76ca	ff20bb16079e273cf82ff12b29f5cd0d5a1e9ebc
commit	438b971d61e5b392660fe4267b9eeae39d7af6bb	438b971d61e5b392660fe4267b9eeae39d7af6bb
commit	43a497434e5d62a25ed3af95afaffc7b9efe10fe	f4d4ea8c1ada8ba61807c811e10f26a1e4121df0
commit	43b77a12d539b06ec50a3021e1d0cbbfff88160b	704cbe5b8782997a00544ad82cd732f9a1682d72
commit	43c501007092beba28d1f43727fa37a50dd9b645	670ad4e774d4e5d4108e292247fe316a13ce5e39
commit	43d0466218c2cf64af905ac47b46cdea7f02de56	43d0466218c2cf64af905ac47b46cdea7f02de56
commit	43daad95d4b3da49792fcfcc7ac7444fa5b04c40	43daad95d4b3da49792fcfcc7ac7444fa5b04c40
commit	43f77cf1f34c87a5d5caba5aa85ecc4939c9cbd2	43f77cf1f34c87a5d5caba5aa85ecc4939c9cbd2
commit	4400c680d390b7c78098c680455ec019ae1f22af	3e75561b50b620d5c61ee8e51a1955dc3738bd87
commit	444bc78a957cd162c1cb561dbad89f632e72d4c7	45f53c1724b2a8b3a8d71cc355cbd898445c53a8
commit	4450a901b774299770be9c058b441e5c26469292	22ae8a296e7430e98f71c5443a8d7ef567524994
commit	44558b48c782f1ebe85c76314702c43bf2b1c557	44558b48c782f1ebe85c76314702c43bf2b1c557
commit	446c67edaf211cab3c5cfed2b4c903b0aeef8515	ac80c050e449af6ab1bd2427b3fc15e92c01e48f
commit	4474e5b4ddcd67df432608d7ce2135844794a688	4474e5b4ddcd67df432608d7ce2135844794a688
commit	44858927fc5e9798055c9e115c38fdf0978f34a1	44858927fc5e9798055c9e115c38fdf0978f34a1
commit	449b20bfa09fe60e2189a4d07f66a46ea5af4b87	8f5c0e761f4a8404be21cee95237c93ca18934f9
commit	44a0ce58ddc4c42dfc2148ec6851ae2ac778703d	6d9fe39465477986bfa08baa6e0d3c940cc44a72
commit	44f1a93f10e3eeffda98363be97f98c0800d8b79	44f1a93f10e3eeffda98363be97f98c0800d8b79
commit	4504c122393518e2991cf77a4fd5e23407708679	4a09a69276728f8297ad834407b11768641eea14
commit	4573f85555cf7a1441f24577adca3e80e2f8ee06	8bcf134fa2206d67b6d7d7b7cb019df3d54a9db7
commit	458cd699497bb17c07858b2b31ae2790668bb7bc	458cd699497bb17c07858b2b31ae2790668bb7bc
commit	458e0a7ff2f6f06cf463ad17a3c3436d957ddef2	aa5b2230af0e6b560ddf023b1ef9087126f2e051
commit	45ce6396a43135375881082f386b971c8f08bb9c	1a75d06c908a7024791a95cbd79eb72bdda59a4f
commit	45ed53a130081742214f7265b08bb39eb58a5a02	397a3ba9b1c8195d8bd8ebd2888a8443912f6a0b
commit	4623e1c847ad462fb8e7f778e49d66d6faa15233	91f816f2bd12a8813e92ecbf854e319fe5abf97d
commit	462884a60e228bc6c59ea0c957c79a133e7ab6b3	462884a60e228bc6c59ea0c957c79a133e7ab6b3
commit	463bf1e4d77e02942ad26b7436286782be368f2a	463bf1e4d77e02942ad26b7436286782be368f2a
commit	463f101529bced892f3e82f3e3d38c2ea82af622	8265f88a0b11bc708bd81700259a1d82a1227390
commit	4640e780fef4917b4f6d1ec7223a6d04455657a2	ca89e203ba06c6881c4864a160d91d77b484bb1c
commit	4648b65d6e83805b43470bb16494d751725737ee	4648b65d6e83805b43470bb16494d751725737ee
commit	4660701dd4f9015c9dadbebf6741801fd0e9f6e2	208f045e0355b3ed88d8ec9e430f632b8275f7d7
commit	467b70adb90b0572dea111f7d3a57b3e4808ef4c	467b70adb90b0572dea111f7d3a57b3e4808ef4c
commit	46a1d18f431fc1700c26ed42b17864d8866c81c9	a2909b9142a5587cbb41d2f814ecfb561c511334
commit	46dd16327c4a3ff06c3267ccc45656d13fdf2243	46dd16327c4a3ff06c3267ccc45656d13fdf2243
commit	46e13997c397846df7e09d784f2397321136e568	46e13997c397846df7e09d784f2397321136e568
commit	46e8299b36bf91cc90849f715c01e8b597f47e54	46e8299b36bf91cc90849f715c01e8b597f47e54
commit	46f1ac30ffae0a9765cd57a0626555cee53be12f	5295fa76a8a13a0a4ff037af05515683081b6e7a
commit	474892ff596b06ae45434ddc4ec4b99ad8f87c32	3bdbf649361b5392f39acf88cc92b5dcd89360e2
commit	4756cc9b207859f3262ac2a2effc275da6e6a587	9c03a2795df127d7f22fd6cb6d6889a5104e3ba8
commit	4760f478275fc313fb272765cf8bf600c3a1f2e4	e5ffc2860a7c6865f9c3c0e6ee3854c2306c38a2
commit	4763b4c4d437cdffd8ca8416f388aaf1f6d6a64b	20a55fbf78e54c9fbb76b8d5f6458b1458cc421c
commit	476bec875dd9e486de18564e65b460d136f1bece	22f83d179abe79d78ac9629653c771f1795a2fe8
commit	47797e04b5adcc3a6679ce5e91d2936566a6847a	47797e04b5adcc3a6679ce5e91d2936566a6847a
commit	478d5cd96dc84ce902b9cd1e4cf33a1ee0e83377	478d5cd96dc84ce902b9cd1e4cf33a1ee0e83377
commit	47b7a05585744b0a69472c0c3b597cbd5e1887f4	47b7a05585744b0a69472c0c3b597cbd5e1887f4
commit	4807384e0dcc36e3499ce6312678e4def6feba0f	4807384e0dcc36e3499ce6312678e4def6feba0f
commit	482882fba0121ad833e8398721542722266a309b	7176a3565a4705f0b9c4e51992458cc51ab341f9
commit	483f6f602fb3b9becaa1af9842da3f634f555c04	483f6f602fb3b9becaa1af9842da3f634f555c04
commit	4850f759d7511a2bdb688b6eebea1dbbf0d1f01f	cc54c38ec0ee8cec8f4f22dd7cc030a696841a5b
commit	48b44eedd6670471d8e008a152b629111120b616	48b44eedd6670471d8e008a152b629111120b616
commit	48cb4f7ed6bae013405f83d32821f4e6002293af	48cb4f7ed6bae013405f83d32821f4e6002293af
commit	4934ee48919be88314a26c8f159a79e470497b15	94ba503d97c4a13bfe147ba323623d4b11e36123
commit	4938e12d807f80eaabb054639bd3c63446bf4f39	62ef15b825cfbccc233558253b6d7e269cf41b29
commit	494ff71b8a0af367be900ec78453dffacf061789	7fdda22e284a7123ad7b009299e9c2573787fd1b
commit	495be436342c535b7ea17318e4797b12ed89e26d	9437abe548d3e671a6168aed2d3034911e9bcfe8
commit	496a9ae1c593c5ebd5b65a5b6d9afe443eca69f7	496a9ae1c593c5ebd5b65a5b6d9afe443eca69f7
commit	498baa7b32944566d6ab91bbab8cfefdc94d82e3	498baa7b32944566d6ab91bbab8cfefdc94d82e3
commit	49a544776358d5b6482ae01f2779b2343564e8df	49a544776358d5b6482ae01f2779b2343564e8df
commit	49a548a1fd3ca5430fd48f7dc29595e073c2d9c7	e724963b3a42e433e33d9a5f56ba5bfe01c2a785
commit	49a8e17bc3ff9be2cac1fd0c052f6b1a01c14423	49a8e17bc3ff9be2cac1fd0c052f6b1a01c14423
commit	49eb5cbab3fc4d87132ba819bc391eb96c690e88	49eb5cbab3fc4d87132ba819bc391eb96c690e88
commit	4a0c11d19aeb1c37016ea3551e0a61e18e02c627	50edddd46004104bf92e414f688d3276a00cd0f0
commit	4a151f86d194843daea68d5f54f0cfe3cf536d55	4a151f86d194843daea68d5f54f0cfe3cf536d55
commit	4a18eac3e520df4f1caba784c0e872389ee922f6	44867dae9a6b2e3a7e5a46d938727b39ed96effb
commit	4a1d8d7c1f6f29e7543ebccd7890db6b93727208	aec5c66e783366c439f200403a490adf7f5f9934
commit	4a2a4194fc6889fa21bd7c0de57d4565951488cf	4a2a4194fc6889fa21bd7c0de57d4565951488cf
commit	4a2f967cff4baa7615c25301a7e98ca4cae702ae	4a2f967cff4baa7615c25301a7e98ca4cae702ae
commit	4a5a76df49feb3ffe66c1e4f3baa9319f7da34e2	4a5a76df49feb3ffe66c1e4f3baa9319f7da34e2
commit	4a85ae20049e6cd8af8b178a0c2a52f332d567e6	a5425bc069d9e3b3aaf5f37330cb8ffe06e14826
commit	4a8702f43d57be6349f955a4abda3e1b60a24182	4a8702f43d57be6349f955a4abda3e1b60a24182
commit	4a88e42f729fc2abb24e2ef70e6f7f8b7d5aff00	3e75561b50b620d5c61ee8e51a1955dc3738bd87
commit	4a93413c89559e2e919a3b2e7f43f836c6d989e0	1d51c7696a7741beea80ba874a7acd9d40d4c571
commit	4ab48b5c445f4e1646cd3e0587274201227ff9b5	e15c6af2397f3df762a0205fbfc23772c875d403
commit	4abc6eb098934b0988c90234aa706ec4d6d4924b	4abc6eb098934b0988c90234aa706ec4d6d4924b
commit	4afd48f05a6c91c94cd796fbf191ac0dfc4f66f3	4afd48f05a6c91c94cd796fbf191ac0dfc4f66f3
commit	4b160e082f2c12ead182ad0f7ed1259ae758b515	5ee93eef887712046c652802d395e75b59461b40
commit	4b2e0e0db5de104867edda6252ad2350ee236179	96776f2ac0a9d56a6156bc41d29dc865ecd74cb5
commit	4b38f6304ed24938461216a78dbcd8aeedbdb5c9	2f034ba5dde88401a56ebced7dbdad0be5d9587d
commit	4b4472d172c70988b36a58f4655d1e34bf7b0181	9029903d9f33e4ec4dbb28c409761f0bb472d5ac
commit	4b5ed63638fa0bff13a48295cb9549c7d19e81fd	bad6edad8be00042ec91cae8538930962e1b84bc
commit	4b6aeac4bd533bf906c3acbc7672165fb86e09e3	77ca3143ded0fe60578aeb46ccf26d9e0c73be6d
commit	4b8288c0984498836fcdbaeef66d923fa5d65b6d	73a97e0e733d7c62c4f98d289d58d8b5065bd5c6
commit	4bd18094473cee45c43f0588a29a1f82b4b1a296	4bd18094473cee45c43f0588a29a1f82b4b1a296
commit	4bd187a18d2d3655371a060d325045ce38b4a149	ab8b98004359ca60fb913613e3bf8c76adb69a98
commit	4bd89815cd17436aa0e9d4587148a1198d21f083	566ae537ca533d2508a530d5031c9b2ffe147c0f
commit	4be15cc460ed68beb588967728b8f12adfe77f98	1dc1aa3adce75442864753352f747c3fb4472908
commit	4bf524a3dd16f721e1e41a15405dcb60f35e0827	d1ff8bf9f203df81b03307ebd6c4a4b5702d2362
commit	4bfc1228e688dfdc6fc10301437f2bac7fe2f410	4bfc1228e688dfdc6fc10301437f2bac7fe2f410
commit	4bfda59c74ef1c29e692f5e397f3ff3f833f2adc	0d6eb9357f83a6f1e2ad20ef7fff78700f79af78
commit	4c00330871ec46e4ec61460d7e7b436614eba506	4c00330871ec46e4ec61460d7e7b436614eba506
commit	4c521d230144706f7c382740cbcb87e06c467eb0	4c521d230144706f7c382740cbcb87e06c467eb0
commit	4c5231018f66e299a363adb96e4d2780ddf9c95f	6dbcb5fafe57522ac8c2fc98e5f01e693d1c5e5c
commit	4c6514b1ead14106d55035daa1ca7d7ca53275b9	d5a2f5b0b3d04b1ff4d3f0163dffbd84d55f11b3
commit	4c700f99598b9fb66b806693c4697f59d7d50b75	ffee9eb17b11327bcc9dc76835a40011ff6eb63c
commit	4c7116fb74df69c6b356f9021ebc97edc58f8c38	4c7116fb74df69c6b356f9021ebc97edc58f8c38
commit	4cb9fabed051b63d88569f0fe5c6cef096e92728	9def2b04244a7ecf22b9799caab2db212537bde4
commit	4cc94b46b4c1df8aab66c96d39888f3b93567f86	4cc94b46b4c1df8aab66c96d39888f3b93567f86
commit	4ccef791928489cef38e8f697da8c0f770807d4c	4ccef791928489cef38e8f697da8c0f770807d4c
commit	4cd944754349881182ebc78cbef85cc012acb0df	6cab6d4c3f4f5e1efeac736ed1b485f3d8467371
commit	4cf43e37a9b398b1d3ac9863bd1d426a36eaa647	821d762acbc72dfa4337dab70610f13626598061
commit	4d7db513b1d7f2ee069d0d24c2940a8507facef9	4d7db513b1d7f2ee069d0d24c2940a8507facef9
commit	4db06b0d8863c039be34b92ebadff7a9a1b349bf	4db06b0d8863c039be34b92ebadff7a9a1b349bf
commit	4dbd3111b790497cc6402bae2a4935f050b1e8b5	4dbd3111b790497cc6402bae2a4935f050b1e8b5
commit	4dd8a0767e61436de4be9027e510c0bcc24ba0b3	4dd8a0767e61436de4be9027e510c0bcc24ba0b3
commit	4e024ad676ccadd0506fd1721f04e5e13c967419	bf5f78159693054f503be9ad8c7edb70fdf38ce0
commit	4e2aeb9fe42740e6bf865fee07ac77324a2117bb	45a95343a290e7ee29060dd49ad19beb1bbe35f7
commit	4e6fe501671a84f3b4b1ec78a778f2c7f676321e	90df56bf5ecd7d29cbfdf15877760dda25d1eed8
commit	4e9fa537096d033aed55e83bad01da6771b75f58	baadeb4e0ff2620bff1e8b25bcf12c1262802f75
commit	4ea354662d5048d5c13cd69ea37c35870aa03018	4ea354662d5048d5c13cd69ea37c35870aa03018
commit	4eb8127e952cdb56f3dd3e6f27436fb3d048e621	76721c0a1578a0ae645845b242ef1ceaa7e9354a
commit	4eb8844497def0a885f4f832a0a825d29acd7b65	4eb8844497def0a885f4f832a0a825d29acd7b65
commit	4ebecdc958d49f0962bc2e9a4a00ba9647895a1e	4ebecdc958d49f0962bc2e9a4a00ba9647895a1e
commit	4ec16b9629aef6312efd87bfdc3324c332d006f9	4ec16b9629aef6312efd87bfdc3324c332d006f9
commit	4ec1d6e29a41a941412bcf571b453e660620d800	bd7b7a80fc7a21db5f09ce57cb0e1646ce1bb5af
commit	4edc16d6fa8d9bdbb78067161541723fcac6f499	4edc16d6fa8d9bdbb78067161541723fcac6f499
commit	4ee4036710e11278cd13ee98e059e10bb072dd8b	4ee4036710e11278cd13ee98e059e10bb072dd8b
commit	4f08ae6ea493abeffd5034d3b534a28c46af98b8	4f08ae6ea493abeffd5034d3b534a28c46af98b8
commit	4f1e9a2b728446d0cd2d88b67adf87af5b391556	4f1e9a2b728446d0cd2d88b67adf87af5b391556
commit	4f3cd3000edb0f3129d20c20f89d32544213ce61	4f3cd3000edb0f3129d20c20f89d32544213ce61
commit	4f5832a2c9cdd45093d887339b270d96a14b3650	d4f4826015ba3de0dfa90d7237a6ed4cbf74a780
commit	4fb4c4685064bacb068076799b80ed365ceef0b7	a088f077fa24203c9e70816c181085e8439c327a
commit	4fc7f5e54f20c4a63e1fc56e079eee484681e523	a2b4264bf82dd51e8ef9099bb99203b8386cc638
commit	4fd6775549f9d1b63bb120679d41bd914fd2a09a	0a2b6c3b125046146c3ff17d52fa80c27fd605b6
commit	4fde1c0892d7fc9a08b34b825d9ee08a42f0eca3	9029903d9f33e4ec4dbb28c409761f0bb472d5ac
commit	501a208b1c033b3a8b349ca151c167a800ca41c3	501a208b1c033b3a8b349ca151c167a800ca41c3
commit	5027aa899ca3daa0ca47054cae72326212df3041	5f0cd4fc04a5ad35db5f8e68b8ca771c8c9bedff
commit	5068b089c3f50c1b51e1147a16291a6b2fc572c9	5068b089c3f50c1b51e1147a16291a6b2fc572c9
commit	506ee8f7ec08177758062e31177652af7cce3cb5	3dfe3a349363e546ddd67ee0ab4a7db8f9923842
commit	50963bcb8e5b5644ab4de3e982f35b5822992ae8	50963bcb8e5b5644ab4de3e982f35b5822992ae8
commit	50a61d8c6e3a92b090bbae377e9a6c2ee8673e31	200b1d28229bc3a3092c6a130e8a990d3e66f5f4
commit	50dffe92dc577cae5cc235560d78f16f421f041f	b575a94ee7512e97c190b6f7f91697516669e879
commit	50f67bbc45cb119ef2c99edce3d056b272a68b87	f22d70a9b591d68ada3c0233be9d2a885cc1bf45
commit	51153e5a6f09bfc28ccea1f725bd03e73d1bf7f9	96776f2ac0a9d56a6156bc41d29dc865ecd74cb5
commit	51241af4ba83a9f969aaac64e94410cc5bccee10	d0495d329a1c3a6bb38890acb5c58a61afcc3f5e
commit	516c0d17c6eb9a97d606f9ae385a96f487463a77	27fcbfa758534247f35cf6cc5d3184bfb26f0d13
commit	517e3c808464c5fd1b679e08c5a73e5cd9bbe755	517e3c808464c5fd1b679e08c5a73e5cd9bbe755
commit	51a45a982f2ca6f575439ae37e66f8bcec90b7e1	fd3f8324555632cf754c8e52baf483e234cb0887
commit	51a5b506f757effc9c2af21c20e665b5eefc9301	51a5b506f757effc9c2af21c20e665b5eefc9301
commit	51bbdd37a3b6d69b3af7ff58a9d0aedf65e7f1f8	93c70c59678da9af97126eb860a97d00c7c90a8d
commit	51e8bef07e3cdc5c92c81c4d89516aa1d466be54	51e8bef07e3cdc5c92c81c4d89516aa1d466be54
commit	51f91ebb679e17692e6217e4a7e8dbe2ea3b2fd4	da49c364cd862520a9e8e4df983f5f1fba10b967
commit	521e291ec63464b9e9916e717785d09b51d3e04c	cb9b4b60a0a5c3eb9d8bd70757cb4dd681a23a44
commit	5236068c367464174a72c232c2ccab0c342164b8	07f26f6534be0f03685615c8d98135721f5c8a61
commit	528030436fa1053f3335ca041df20aa1f487d3fd	528030436fa1053f3335ca041df20aa1f487d3fd
commit	52999d2fcdadf37d837567b4553a9e42a2a6305a	6447e3bc149b375f2ddb0d39eee150c2decac8d6
commit	52a1b295b0c4dd09e6e2761aeda1a5c3a493ce53	52a1b295b0c4dd09e6e2761aeda1a5c3a493ce53
commit	52d2b7c627e47f3a08b03cb00496dac6e687e26b	52d2b7c627e47f3a08b03cb00496dac6e687e26b
commit	52d2fd9d03ac715c2ce9f7040d53e4ff7e59f667	52d2fd9d03ac715c2ce9f7040d53e4ff7e59f667
commit	530e0ee5204bab19e9cd7f38267202edc10abf6d	fb8c3dc044923613d0a179d3e91614ae1811e076
commit	5319ce2dc1f2a622c896302c9b80a9c02049e125	738452f663faae9120287e4feafa14353046d53c
commit	5326256ac62e5ac28e0f8da390d9c6b40a2eeb06	ccef03ee9b8503b4911da0638e2d31c952ebe2fd
commit	5327695bdffafb0c757db946f0ac52f88fa47540	003b990bb0b8693b5c22d42f9daa5e19618fe7d8
commit	53342cf12efd77fc0a475fac7bcc3bc2e914decf	53342cf12efd77fc0a475fac7bcc3bc2e914decf
commit	533b9cdb03a9154c5dbde9eb4b57c27bdf83829a	d4e5155a01b92412abc5302d75581ba04da7c962
commit	5365fbc14a076faa7391bb224e9704f16a0c9fd4	5365fbc14a076faa7391bb224e9704f16a0c9fd4
commit	5381bbbea210bd9cbf97b621e9c99151295a09a3	4d1de64dc19bca6b24cc79dd83419ea224ba2aeb
commit	539673a19a3a2ffc9cdf570783813b6c2ce214fe	539673a19a3a2ffc9cdf570783813b6c2ce214fe
commit	543f2b47b5d97e117bbfe16898943270d126e57a	d7ba09d300dee2321eba53a1c9aa6d3fe5aeb82b
commit	544ca63fde6ba61be90526cd0b2bc3f802c79bcd	544ca63fde6ba61be90526cd0b2bc3f802c79bcd
commit	545cd9712538424c63699ca3333bb4ca5d803436	bb3bcda777402f851ce726613c7fe92b2f51a3f6
commit	54b6b96c7685bbb5e38e09f5753ad22825cbdab5	8bcb92c7dc49ca86f0ac617e5b7408d56f3c3a59
commit	54c092942b535b8e60330833342d8c39d1259c57	54c092942b535b8e60330833342d8c39d1259c57
commit	54c0c71e7d9d29ab11088c2bbc674191e72281df	5d350e5d014d4e118ddf35cf4abe109a92243352
commit	550142aed215253e05da52274fed6c7bb8e833c8	c38c9434803d063b650a195a5fe811b26c5e245d
commit	550966f54c1a5a3ab6da94ac977e34303b21394d	550966f54c1a5a3ab6da94ac977e34303b21394d
commit	554097a10c860a7cbf4b1ed1ec807f974692cfce	36377530431b6c75f175b50b07e297876f15620e
commit	554edfb1b87872149fde4137ee7ccaa39a3175d9	554edfb1b87872149fde4137ee7ccaa39a3175d9
commit	558187b03e37c4f9321acd4e40a2a94a4e390ddd	46764e90e8e51c5993dfda5da17e8f71c57d018a
commit	5584e61820eebbb59a2f41a9b814e9aa1930d2fd	aff6f79425c5e5c764566986488a42f7cb37f48e
commit	559f989dd6c7ef8c275e8e73f78780752c8851b5	1207bd1d71656e24ab970fb94411e3ef94e8ad6c
commit	5630fe26985bd813331645b4d456f91ff2a89639	6af574fdcb679f7c13d2e5d0c30b1a874f6f4a40
commit	565a24896f76cc77c2d2408b9f4853193508b9d7	69e113391d33afe032fc18e93c72f07017b4e2a9
commit	565e68eea2e9eaf013d81b1188fb8b8b5d137b5b	a8d81b8e315bd9132122650d156b45855a3a9d1e
commit	566d361312cf0adfc7e3ed89310d28a96277af4b	566d361312cf0adfc7e3ed89310d28a96277af4b
commit	56747aed2cf745b0ee4439a5dc73189ed9365942	b64cd2964e85f230ed1aa1786bd79e30652a1186
commit	568cf39247ac10dd6f59b1f355cd9af629412069	6fb9ac99e90b04c7fbae9d483b5544604868814e
commit	569730fff871e6ea93268e74e8c689faa894c08a	1b41949ed442009726056bab24f4f4efb6530916
commit	56a06caaecb8c50d6f0c21f1bbc1e4643804e01b	56a06caaecb8c50d6f0c21f1bbc1e4643804e01b
commit	5736d7ba5a8624405b470c2d694417e69586dadb	3c9598b325af7b4a2a475c3b4c912da9b86d0ff3
commit	573732dc7633b2b6806d02b258dbe13da90b3d06	d72e9d092dfad99a4d82b861252fb2b846e08a00
commit	5749adb93b04c5a75d23bfb5bc5e3896256f0265	62098ec7e973987d3a75e62132fd7218e3723d68
commit	574c013bbd9206118b83744778653fbf1ee8a90b	2851d2761fc2e8dddb63ce286cf8d59b9df456f7
commit	5779465c7e347fb05c40be531a6edd3c36f8204f	5779465c7e347fb05c40be531a6edd3c36f8204f
commit	578fbfbe154129a1ab5c940848f0097fcc756625	ec68ec6cd3b7ce218a589790df053fe7fb4a077d
commit	57ceea02241906ab23d9be10bb7513dc44d5ffbe	8a3c6c50d568ba6be00a754316ff0d597ab57e94
commit	581022619dc37424ee57ca14d8128a1491d98648	b8f0846efebed35ff8ec7efdc175fb757d9ff638
commit	58243c6d4b70a1dd46a29c719681c2d12dc798eb	58243c6d4b70a1dd46a29c719681c2d12dc798eb
commit	58396ca90e6ef09687f9e79df1538efe6509d465	58396ca90e6ef09687f9e79df1538efe6509d465
commit	58396cd8a5b17d00243238d363b2d92b124eaaf3	58396cd8a5b17d00243238d363b2d92b124eaaf3
commit	583b0b67b9ecdf6c650fb9a4792a6ba1ea7f9427	cbabaf39d4d13893e9d34efdfe4794688c43436a
commit	58428e70115b539033a4a63430404ed31f2fb478	58428e70115b539033a4a63430404ed31f2fb478
commit	58495e63a2fbf68b6c4a832a355f42b072221d06	58495e63a2fbf68b6c4a832a355f42b072221d06
commit	5852188fc9dddd31853a940b9a41662a22a17d27	bad6edad8be00042ec91cae8538930962e1b84bc
commit	58635be7c8f00136dccade1e2936517ddeb34a61	58635be7c8f00136dccade1e2936517ddeb34a61
commit	587408cb7190ce02c3b1003480425e9b548968f8	587408cb7190ce02c3b1003480425e9b548968f8
commit	5881dee8912f4a2ac8599ea0821c94c1c0fabfe5	19bcec184ed8a3922b19da99894144788e29d8ab
commit	58c1a8c1d9c46779166f464f01c52af7e6c5c5e7	5a20bdeba86190deed53d3a4e591faed41eb7869
commit	58dbf25556d45b20070e2a40ff783061f0fd94e7	58dbf25556d45b20070e2a40ff783061f0fd94e7
commit	58e1dc7d3b2a36b9886829d2a1965e047e83a67a	58e1dc7d3b2a36b9886829d2a1965e047e83a67a
commit	58e82583f434620fef6090f0059aa251de4b8bc1	58e82583f434620fef6090f0059aa251de4b8bc1
commit	592085164fe58d95ee55068cf0bb4e9e9d1f6bbc	f44df72cee9b5a54fe49e80495c3b2ab049ad9a0
commit	5958df33bb3d6620ddca67af1570311e507265ed	5958df33bb3d6620ddca67af1570311e507265ed
commit	5972705741c2d887ed4322728c9bb2bb8daf4b80	5972705741c2d887ed4322728c9bb2bb8daf4b80
commit	5996f7f51b562a074eec75dac89148d68297e28e	5996f7f51b562a074eec75dac89148d68297e28e
commit	59bf85c0fb3899e913d64461eb806e6fbe854eed	6618107f92b4e594e75385d19a4184cc856505cd
commit	59d5af2f117eee4e0e6b000b456aa8909408e6d1	9e542cb957258272ebfe4edabbb84c573d5b6eeb
commit	5a2636a671382b4a525eb24d09ebd6d21a150dca	0e3e50226ce0f78e1f4b3b147b1b72e9db76d510
commit	5a273015dd6608c653b8c58d3675d23e2d8b421c	6cbce0fd82f549f2ca0b7bfd653acc55ab0bf686
commit	5a4d7af5cf1aa4b61f6153dfb7727ff6044cee95	5a4d7af5cf1aa4b61f6153dfb7727ff6044cee95
commit	5a4dad75aa6624adaa5a4a2a0e4b643b85c21000	9d503391c134d744725b7c1bc7cb7a357bcb3f08
commit	5ab14c95b21e67e5ff02d0dca3c77c8917e20281	b6f872c950593dc0890ae7a9666b1ef1f23f7fa0
commit	5abe44b37370af4ab5ca18d19ccf82b402ca002d	5abe44b37370af4ab5ca18d19ccf82b402ca002d
commit	5ac3dbe5ec1ab8dad0c085fbf98e70e8b619e80a	5ac3dbe5ec1ab8dad0c085fbf98e70e8b619e80a
commit	5acb81629d16a1d2d2eb7eb5c20718d31a74c445	467a95f3f164cd2fdeb24bfd907888bde5e50cb7
commit	5b14b116778105d03ca6760303b2fd08b7b78037	4d536ca524a23b36edcc9e3064c2ed78675375ac
commit	5b38482e4222c53294951a014c7e580b452b3797	ffcfeefc3ee2d1fd3e31811a6355d321a44478a7
commit	5b6286f88730132c7ce540483503ee39a534997d	2b4f1918d09052a5dedaa5384e986bbc99345719
commit	5b68b765457d980d7f31236f06e677d857398c9d	5b68b765457d980d7f31236f06e677d857398c9d
commit	5b8135e4b36b9166a03514a863c941b421e2dab9	58965a606994338d64b1d22058af5d5978d231d0
commit	5b97d22a68c2ddafa74eaffc567c327237609432	e48e60aaef3abec0ba5a97434ec01906457c796a
commit	5b9916a0cfdf5710f38b1c481f7716b461e47628	348f55c71002aa6431a6faf3c09b261528386c29
commit	5bac629c77bc26eea7b263fb0730d5d02b0acbbe	0b2319a82866f2b73fc5ee7450b0fa7e109ddfc5
commit	5bc48f5913154053a7c1837876c2a0caebdbb085	745583ecc12ed84c82b0bbd14663db909569b065
commit	5bd73c041d5d359a0e2e440208b7a70e9d605930	f4329095fb353f7bb11ca0625fa1e44e116a4c4e
commit	5bfb3b14830290d9de30229184ec7266170d2316	7d0e0599b63e31c84ef308264f24ad423695e419
commit	5c2550d90cf907535bdace00285f4b15a257cc5d	0c04bcd770d63bfbc45761a78456282b0bad23fc
commit	5c262c514a46d2c924742d46a75dda32c064e2ed	5c262c514a46d2c924742d46a75dda32c064e2ed
commit	5c2f7b92db820b03ac11a2206df7f4be404029d8	e80e195b419698159ca7fd11840055962d7f5c18
commit	5c64d839cb047af38de5328e0414a83b07cb2c67	3e67a95a5a2f5fd981632a04f48a5373d10ec465
commit	5c7c6d48975e5fd8388b1de10ea0ee136cd3f9c3	2de49f5a67a2c9db2589a6a2140a11aef3bcb4b5
commit	5cb23c2a4d27bc7ab18a9288ea69629c04ff6ff0	5cb23c2a4d27bc7ab18a9288ea69629c04ff6ff0
commit	5cd929e8fbbad4286497537e4fe80d1a90cd3962	b5b79bb1d3c983e214000faccd5c237560bcfaa3
commit	5ce588d3378081e34e0d71d42c2441d6f0aaee30	5ce588d3378081e34e0d71d42c2441d6f0aaee30
commit	5cf087a5bedf34d37f362984c1139d959bccd2bc	d955ff1d62ebc0d46d234b851ce48529854967b7
commit	5cfaffe8ba13227f78499c5d4b8328f6ea76c2ca	3e75561b50b620d5c61ee8e51a1955dc3738bd87
commit	5d128ad0ab5be99fc69823a6b8f0b3d66238e9bc	5d128ad0ab5be99fc69823a6b8f0b3d66238e9bc
commit	5d31555927921c45e1237eb222905dd6abdba979	5d31555927921c45e1237eb222905dd6abdba979
commit	5d66a298c81aaf40e2f3e66f528f022059feb3c8	3fb04826baaa559914514754444fdb268a7636d4
commit	5d66fe66183557b751b41467360fa4c3a3fff838	5d66fe66183557b751b41467360fa4c3a3fff838
commit	5d8cdf5616ad9acf55e96eef2739b67a79154e4c	405fbd9b0dae79ad4a915554192f152be1b89d4b
commit	5d927d3d0b44aadeb364705bf450e1a74c2b8f66	4a732d28cb804e526202235c22e335f0d6ae6f31
commit	5db1ed66ea51c826831fd0088a7caa6fd52ce216	5db1ed66ea51c826831fd0088a7caa6fd52ce216
commit	5dd55441cab501db6ffcb9cec53d366613444a94	5dd55441cab501db6ffcb9cec53d366613444a94
commit	5dee9f54c87c57f4c366893551995f81f8996f90	5dee9f54c87c57f4c366893551995f81f8996f90
commit	5e35aeaf20bff112427b420ec7ab59a1dd275a3c	5e35aeaf20bff112427b420ec7ab59a1dd275a3c
commit	5ea06a78670ee0a6c901faccbfb239ad0dcc8004	0dc8d0afa5c5b34561579a964ef98978eca4fbd4
commit	5ea5367565d834a4dbfac0d6d89b35a68cfa59f8	5ea5367565d834a4dbfac0d6d89b35a68cfa59f8
commit	5ecc3421e5756fe707d7db01dbf957c7312dd048	bc7bc1c46b6ea59352a1e938f918f63777ae86ca
commit	5ed36bf16aa77993543a1f440ad6144b2ef887c5	242b5f79cce9d3e9215bf0ed036e637a4255cf85
commit	5ee3ce9310331e1ea737adb50f8c3b536d40e4d7	631a1b0229a118d25d332fcbac5bfe1ede6af55d
commit	5ee5ef5d55cf75ecee60fb0f7b6ce74a4c7754a2	a0d13ffd5259cad34a4a1cd9318c17ec6bc0be0e
commit	5efc28379e890f7d155630d5af7a86763b1fce78	5efc28379e890f7d155630d5af7a86763b1fce78
commit	5effdcbe17cdfea4a658bc412716927c657c37f1	7869cac6d88233d386788652495ab060e7388732
commit	5f74a2a99a5251fb3e49a9b65cffea4f4d77465e	5f74a2a99a5251fb3e49a9b65cffea4f4d77465e
commit	5f8f8088ae11c9b9c5a27213ca3f90665f1b927a	5f8f8088ae11c9b9c5a27213ca3f90665f1b927a
commit	5fbc0d017c6103fc4032ee47f78a386aa7717689	5fbc0d017c6103fc4032ee47f78a386aa7717689
commit	5fd8e0dbbd68db9a089b42f47ac9944d9c7b1a7d	cb6d3a4c702e48f37ed59eb8440fdcc317b99dd8
commit	602c85822a07044bdd21fc7fba1dff154ac20963	aca2277b24da6d42386fc1273d08ee4c61220fbc
commit	603ae0ecf02dd78987b8119b852dcf535e521e07	8cb09ed3d0576922b9c3de61c37b9d27d5c4b6c5
commit	603fdd5a0a9eddff2ea8c61dc7fa6c3fa489f3de	603fdd5a0a9eddff2ea8c61dc7fa6c3fa489f3de
commit	604e582158b1efd5e4af1ca15bd262c7ed48cac7	e163062bacdff596d27b0b5be1929b49107c6629
commit	6055be22d34d9160a856ca8f2faf1a2312577b71	6055be22d34d9160a856ca8f2faf1a2312577b71
commit	605778781be025ae41be1bd46a80134122319428	be601b31a2b002c74b01830d7bde5c980d8b1888
commit	605dc75ae1fcdb4ac4652bb464f0e57e4ec73b86	97963b6b6efab6576ef393e5e49bb4df08858c7c
commit	609031d83335f88a9d1afd8fc5ce648535df156c	93f18a697277a603b99f1b30326607723e59163e
commit	60944be9f47233fbc56fc43b090c4e490d109701	6d34974a73649a1eca97721d499a67f525eb8fda
commit	609af761102eed32f22f596c990f3dfdba41ca75	f7b43479bb634f9d27ef477e41e304f6bf05e583
commit	60a73c8ea6056726e203cfa99ac3f4303f5d1242	e4dcd0dd93b942e4257fd64927e54ecc0dc583c9
commit	60a785402b02a0ae34f6c2bffafe79dda0692109	d84249598f205c164249f2cee3ea66a1029db39f
commit	60b4e93fa06023be370284a3b5a892fac2976da1	8ef8897f974cee07859d03321af26b020e79e65c
commit	60e34399b1b9b854fb034eb728b181ecf135cad5	ec0611c0d52245841e2708cab959f72de09302f4
commit	60f664cbf5dacce8bd224b0f9aef4cfdf2d790a9	60f664cbf5dacce8bd224b0f9aef4cfdf2d790a9
commit	611081ffa8c79c2b491030840167fae545be48c1	611081ffa8c79c2b491030840167fae545be48c1
commit	6142e268cc649c45f8c47e8d182d3fccfd029380	386d9283f34c968f3ed7b5e5da8835d4137bdf1b
commit	6163d46da696803c22909b969a69fe0903bed3c4	6163d46da696803c22909b969a69fe0903bed3c4
commit	617d5cfdfa0722b64ddebf9d26c79a2c101055a5	35f2c29779d7d9a3e6326cb5e4e8e6ed5b6fcfdf
commit	61dbde0e6b6c980e109c3944be25c29ac6ab0c42	24e968a383d476b3a677d6aff2582b1103e68419
commit	61ecef14ad1a868e26c386d4f1e8df216a53f8ef	61ecef14ad1a868e26c386d4f1e8df216a53f8ef
commit	625220ae14384c4b0e18ffa001a0e6970bba5a5e	f83bbd7be3b51ef34be498a53f80603669a67bd0
commit	625aa53cf270d1f890c186f2d78f79410c8cc392	c505a08f619c6c64127d3e31bcb81f799cd05324
commit	625afdfa6aecce9a60319265f4ea0b679ed86ec7	60b1b5ab50aad734f97c89f40be04cabbedbd62f
commit	6292395b7a0eeb20b0d81444c16ef41f06cc251c	6292395b7a0eeb20b0d81444c16ef41f06cc251c
commit	62a4c23de536dbff98a94133843ad651ed692105	27cdff7a199f437093eb4f5d0c4db7f3eb12a990
commit	62e855de3590affd5e5463dc358f53f25218205c	43e43fcbd7cf66ccd2be20e7a844e2554b8a7d52
commit	62fd2135849de18855fa7cd66f789db7a13311a8	62fd2135849de18855fa7cd66f789db7a13311a8
commit	6364d11386cd1a32614ebb1ef8fc2d860329ecdb	93f1c3f24523605640c9359f6c0be3f6f9cd5084
commit	6369752d084adac61311c4c7936072afca5c5b22	6369752d084adac61311c4c7936072afca5c5b22
commit	638d8617971db7a27e4563c683ede06c60cc7bc2	638d8617971db7a27e4563c683ede06c60cc7bc2
commit	639cd94ab57d13d56acae1d74767d9745cc910ea	723045640f47ef270f80612829335bfbb425be0e
commit	63d97dc50313c03a81a96a3f1b3fbf1225269fda	63d97dc50313c03a81a96a3f1b3fbf1225269fda
commit	63f9ce889c3e4495a99d7c93c8a090e0a5bb383f	a248197546c40e9d897b5deb02e1bbc4a8db90e1
commit	63f9f4fba691b959cd53b04f7bdef6bb8eebc80a	d7e89a6ab5d2c0a0cacd681c17fc85e00444e076
commit	63fae1e33a216e6cb1272b1f04a6b4133064d32f	db5261ec799e5a436a7e25e3ed0fbd103c3a6c24
commit	64101966b708f78c7c28ce5aff89fdf27abe5b92	6c9148d74164a323f9aedaacafa11dd33b332f14
commit	644a8d09aab249ad63cfc02e8ab78f891e3fea86	644a8d09aab249ad63cfc02e8ab78f891e3fea86
commit	644b3c76003b59e94b73131cc851aa471acf564c	6daee5eb9736751632bd1c95e6d8579f6223a685
commit	647853a2b11e26694c7966130de4d98332cd1c23	647853a2b11e26694c7966130de4d98332cd1c23
commit	6494e6f0df5acfa06384f84dca9f4baf89f7a398	6494e6f0df5acfa06384f84dca9f4baf89f7a398
commit	64bc792bd2b1da5a056f1862a4f2d77fcc34ce41	64bc792bd2b1da5a056f1862a4f2d77fcc34ce41
commit	64d09fafb3604cc81a7768e992206d1f0392886c	4b4dbe9d7700bcc4f25ee8aa2000f61e5b22a512
commit	64e67fdc64fab249b164f0ab9b969472e8946903	ec0611c0d52245841e2708cab959f72de09302f4
commit	6525e26441fe79a3c26f2f50d9a5de41e746cb70	1ebbdf56b62babd4e547295409b6dfe5585ddc98
commit	654fdf6ed708643ceedb4bd35805a007d6a432ed	8d6718de38efd1f40695b76b71240013f60aea63
commit	65538e5bc5180db4f7aece2dca4e30840fcc5f53	48a34dfaeca043df1e8a7f1f9c4cd365e64e891d
commit	65592f0c2a29d28839aed3809de177542f029e95	85fb333dfe00883745b8217a7a1f00dc630da78f
commit	65697adb6d82c89598293bc205d7a3daf91c10c4	a2cc8635f67340c2489aa40979611934db9ae730
commit	656da060f8ca66283f8e718601790db864e2daa8	656da060f8ca66283f8e718601790db864e2daa8
commit	65bd609eba93cc198453c3512c3cb2fe9bd2c944	20479459069176968103f2d6088de8dd156725bc
commit	65be4e2c091bf316937437a07dbe558a3339bcf3	65be4e2c091bf316937437a07dbe558a3339bcf3
commit	65cdf04b0cf8cf37bdee165ca69975975f5a9b5f	de9626daa79cfe202f28de08c11232355688621b
commit	65eb435eb332d5bf1da9fdfd65fadf6c510abd3d	65eb435eb332d5bf1da9fdfd65fadf6c510abd3d
commit	65fcbff14b45e1c5b53b2f18039e8ca6db9f3e79	65fcbff14b45e1c5b53b2f18039e8ca6db9f3e79
commit	66075279ec9043d2c74d773a45e5e61cbcc3013c	d2342c8390fdc62e670edf0eed322c9bd16d9ac2
commit	66110b9d7f0f82873e5cc72561ba962c14d9ea92	66110b9d7f0f82873e5cc72561ba962c14d9ea92
commit	6634d8e6d81cdfe638c7673b27fdbf4032d2d212	227015504da5df775e7f56c3b0235c59ac5539a2
commit	6647020f83dde09beba7f5a599edab804252b527	6647020f83dde09beba7f5a599edab804252b527
commit	668b3ae130a898a3a526906c514bdf181acbae12	668b3ae130a898a3a526906c514bdf181acbae12
commit	669c5e4dc84937c061f8d8a5ed7be8f44702d0b2	669c5e4dc84937c061f8d8a5ed7be8f44702d0b2
commit	669ea99bef8aaac2c23172fb79e4cbbbbb929ab2	5773333c03b24851b2a1813f4816465768f883ff
commit	66a98c422b0a5ec90e0de9ee0feb8a11e5713ed7	95f02790e07293c1ab84ba0aee37f079ea7d4f89
commit	66d68987cfdb79ccee0e64b584ac666de8debf74	a21e88ac45e77324d056a0cd5b72ca99c3f8a6fe
commit	6702613c173b81aac4182a689ff9238c67fad510	0d38bdda587028d5df1d1a2b508a0da95f2625fa
commit	671738cd42c75dd89d1a019e3f964f87dcc4bb7b	9d5ea534776c4017f037967a0518a4ca02f29d97
commit	675907bca44b55f5a0b8635390183d5b4a5eeea4	9774adae73ca808529573b4f6764cee726cf336a
commit	678c42bfe5a92e3b6b1c300e166229fc8f902023	92c84b6b388750407ed5be99cb0569de3c6cf290
commit	67a5b00deb4d3c89b99a0441550e9b9481375ec8	217a9b286bc23265b9f03736af55d19cdd08eaf3
commit	67a838fed27507cd0a8c5983745575f4ec3f3a37	67a838fed27507cd0a8c5983745575f4ec3f3a37
commit	67b47c166e95d28518cc871a81b96f6db349fe55	ea6adcb23ee158317bc348975e97a6c68a364f65
commit	680ecc9be914d541d03a06246008c1dea8d89b40	680ecc9be914d541d03a06246008c1dea8d89b40
commit	681652bff639ec9aae4d997bc44c65fc31c3f617	681652bff639ec9aae4d997bc44c65fc31c3f617
commit	682f89d503da3568fffa44ebffbf4fa5ba06f134	682f89d503da3568fffa44ebffbf4fa5ba06f134
commit	684c16d38a647d0fc5ff02973298feda7cab9f78	b2fb49c485eb186b62f76a105dcf0b8d323b9394
commit	685c152dce8c4faaa88df9ab03b827be45c7a3bb	685c152dce8c4faaa88df9ab03b827be45c7a3bb
commit	6860611599db7bd1b8e7c1e24022f0ca8f1417e7	26e30394208146c8fe82179fe90f01d01af07d1c
commit	6867ae670ae11fa84699ac15562e5eaa1329389d	1ada6ad01289f7dbfe9430dea260006fa9b8e942
commit	6895ae139d8ae07ffed344fbaddd8e763b8aee4c	f037290167ffd48f0de348ce9e3fc8d0a840ba32
commit	689f1dc7406e11173461472540669130b31f8708	4813f7a2e7b71cafb2f7432c87453c828f6005b4
commit	68a4a486ee2dda7a8e9bad77bdb154d695b374b8	bf13d4fbd4366d69e6ed23cf20dc01c5b217703b
commit	68abf68f71a6f1cd01e93e098e3fb31f6ff397f3	1ad32a53315d2ece8744796fa0ae641a38bf594b
commit	68b26975f41706b4b0c371acbe5eeb52f13154b4	e8caaea9be2d58c00b516c005abf0840ccd930b3
commit	68b54d3233e1f93782fab9457d7c6f7096902348	15c3fc25fee114d136487092fbc64fdda2dd6150
commit	68c63f64a22df5d756ad00a124795d0f12cbebd9	80ad40eed98259bbad43db948e50293b1f977f42
commit	69170315c3a571cd0bafc89af59d566bfed9483e	69170315c3a571cd0bafc89af59d566bfed9483e
commit	691f789fb39012565d880a70ca2652e936edd987	442d5267d9fdae730401b5dea64be6c677b42b68
commit	6924b171c999e7bb5d0ec7c5838df6e6e1df2681	6924b171c999e7bb5d0ec7c5838df6e6e1df2681
commit	693a9becc1e3427f3e42ed0e4ec6795daddcbeeb	693a9becc1e3427f3e42ed0e4ec6795daddcbeeb
commit	695bb61c280b29f37933811bac32778ab531e29f	695bb61c280b29f37933811bac32778ab531e29f
commit	695f2fc8d72b96b5ce2dc30138a5211b603c7852	695f2fc8d72b96b5ce2dc30138a5211b603c7852
commit	696eb3d3120f55a6522da67eda8acc7eaed20afa	6812136a1cb571cb3052ffe047b23ea3fa7b7880
commit	69853084074d010e0cce4edb493dd87a1831fee0	3e75561b50b620d5c61ee8e51a1955dc3738bd87
commit	699fe07f03e2af1112f8cc6e8c1fe5c2a6be29cb	f603689d3536c2b9e975d3a8cb3258a166faa39c
commit	69d185c4e3d99dbce5a4881ca561dd8230ce6f57	7e6cd1048346a17a345975f78b54ee678b9d11b4
commit	69d790d514737a6e769f2c3e9810c53ff8bcea89	61096de81276eb7cd7c0c2ed981fede1e06c8ab5
commit	69faea16d4ff1255e667706fcd37bf1a325cba88	17181546c2a06d86187425d8e90b5fc2039bbfa8
commit	6a1ab8f84df9009b3b6126a841bb2a7a419e4366	d916e6980d6de031f72bebbd2d818a121c5f7124
commit	6a7c8691aafb4face635ac7be06c5be9eeaa9d7b	7967b259cde81fef9874d25e42f29705feb47c40
commit	6aa98bb55463801e857ee2a5bb1f4ac2dd3a9326	7e70f29e98711bdbb43a0efefb74e99dbffc4ace
commit	6ab290f6cb77fe66aec90cb5959c490051b0b4d4	2cf1eea664a12dc78f65f881ce7d31bdbf33bc9b
commit	6ab706b893e782282256c71024043f0296d7362e	385a2fbe75864b5077d86edb62deef8a113ae0d4
commit	6b0efe9d0c939f2556d338190bf5d5b608d9fb0a	f3af3faed60ecfa6a660ac7f064b1ae3c714682c
commit	6b177c06c2ade38ca36be4bfbf580d946e91e257	5880b4fa95b66dd37cbebc90cc77e7c710082f52
commit	6b6d42d893124d7bf2cd3dae66b2fa97af49124a	3c906baeb8e45b20fa7251c55f484669656cecfe
commit	6be9e8c4be7756bc688ae4801981a7cba15253d9	6be9e8c4be7756bc688ae4801981a7cba15253d9
commit	6c118a4d23b5196c264207d3c4d1a57b52ce1bcb	eef5d74ca2e8a2a9130b98be463ad7cd3f1ea941
commit	6c131d36d344fb1463751fa717904744f7a6a665	d71c2cbb5260cf17567d12121e109193b314fd35
commit	6c37168213d3664057bf4180c4132afd6a0d5d65	6c37168213d3664057bf4180c4132afd6a0d5d65
commit	6c3e54b853a6b035df8c78bab8c61c69b1f9fd7a	aed279c87b055baaad2dd69d2de55ced92144e38
commit	6c5b086a8ed2bd98edb0c57ebf6be1d5fcaeac94	6c5b086a8ed2bd98edb0c57ebf6be1d5fcaeac94
commit	6c675b7caf4755c440f3f82344f930dfbf89d5b6	6c675b7caf4755c440f3f82344f930dfbf89d5b6
commit	6cbe24d7988ad05cd0f75c039d20c52c01d9d472	6cbe24d7988ad05cd0f75c039d20c52c01d9d472
commit	6ccbae9b44cf318d8788623933b397ea7b33bf04	6f9a7d51136de463d16c357497ad5d659039fff0
commit	6ccccff28c70cde50fe3f133e9fe01f099268872	40d8fce30f4ddedb086c717d34c23467292146a0
commit	6cf4bc7e1b3f316fb7a2538d061dc74b19146938	1fe01f9e42efd4b5938fd1f0436e546265961802
commit	6cf7f2a6d83b6587e3c46f60984a849e6554ec9b	e92d0ebd80443983fc8ceba2b725f6ebc6a6dc1d
commit	6d1a087f91cd4d659619efb17276b4c98d96aa1e	ebd91691252c31c5c2eeb696c4356972d68c0074
commit	6d20e00f0d50f10494b91a97629c2584e7a1acb1	1399b7073e10fffd69c1654e75704a68dbc685aa
commit	6d38be0d3290f208f0e866f6874556fd2c4eef52	98f072aa0e36f8549e56609143013988308a9a81
commit	6d87660a94fc016695a70c7bab37d3cad40ff14b	b7da772e9aba97b0cac3cdfcc086cb7380e32c1d
commit	6da79e890d775068d6bcf378d07c0b95e1403c62	6da79e890d775068d6bcf378d07c0b95e1403c62
commit	6daf9247016c694868cc065df7ff0cba210151d7	b544121d3859690443eaee5b30c7ac47195e4d82
commit	6dc72f35d62821a74083c2a30581cd82db054257	6dc72f35d62821a74083c2a30581cd82db054257
commit	6ddcc4c8cd663d56493e95f9ffd558760c951848	df29f5ab038110c9aa2c88a7f188ba211d230440
commit	6ded12f8af2389e4a9de3f6dcd613f8d9222b284	6ded12f8af2389e4a9de3f6dcd613f8d9222b284
commit	6e05aa367e65cad4a2c44e7b8851aa21ca76db79	6e05aa367e65cad4a2c44e7b8851aa21ca76db79
commit	6e13717fd2bbc12ca0456d695b9d6bf6ba8c48ee	801aa1953bb28ae455b7e1519818faffe76ac4ff
commit	6e385d50cf7811496f8dbe08a2a1dbf992fd5a61	6e385d50cf7811496f8dbe08a2a1dbf992fd5a61
commit	6e487eedfe3c1e46775c9849cf66b565413195e9	672845f2122fb1d949eeff8a2f077a5cfde2b4f3
commit	6e6fb9cd1b160d02ff50fc541e614ea4de9c4370	6e6fb9cd1b160d02ff50fc541e614ea4de9c4370
commit	6ec39c6462e805356442df0569891a3cd5c80c6b	5b01d3425bc772d90cdb25a35bd850bed956d85b
commit	6eca6e508ee808b99afcb77d0670d50c00743c3c	6eca6e508ee808b99afcb77d0670d50c00743c3c
commit	6f01b1917c49816d315d7b6ee65cb853286ab6aa	e7a6bf7335ce83c6cb174f5e8509ba931cab190a
commit	6f026924b6d710a94345d7e9c4aae9752b664d05	51c54c4ade76c210e23230f5b8b90a85eb05d556
commit	6f31bec56d24c61ad226807fb1ae0386034358c6	6f31bec56d24c61ad226807fb1ae0386034358c6
commit	6f4d33cab06a20f48c5d890b15138f6c06ab898e	6f4d33cab06a20f48c5d890b15138f6c06ab898e
commit	6f9c4a3f19a053063bd8a3fbbd017d905d6bc040	dd3eb7765e04a2c5bb0a80311aed5fa04cc29154
commit	6fbf246fa813dec46b64ec0cbf01013def07c5de	a732a3366138ec945d9d77a40c651cb8d84faeb4
commit	6ff76ef9faab730c67d83245d36a2a9952274fba	79d6595039d3d2a4b2e4227986350f16aaca75da
commit	6ffb54ca7fed09085e79ab711b07d055282f52d0	1d4c8492cef408bc637438a4afbf92178de27537
commit	7006ab349ad67c07aa8c871341a15c1be0273e4d	7006ab349ad67c07aa8c871341a15c1be0273e4d
commit	70205dbbab968d4f61de4ce4c8524db024edcaba	0f697ac6c54a92f1994f9762f3cb8965411908dd
commit	703d1642e31dddcf1a2dc19f5beaa59e7f840933	703d1642e31dddcf1a2dc19f5beaa59e7f840933
commit	7052f3803dc07b16105078624e9bef41facadd09	1832238ff684a06851a148c2ee2ffac1eac53aee
commit	705e7817c49bfcb37d3e96b0a5db6ba514b92911	04debe81212f297d3772cecedb4609a7a735d1a2
commit	7076477349b067abeb4e5c14d481ab977ba9a879	7076477349b067abeb4e5c14d481ab977ba9a879
commit	709215178f11d190d5f6fc97763d29d17e6adccf	3c9abbd143fbcaa8231b22d59b5b27c02a941fcc
commit	710e7bda3bf0226e9d7f4c0ba6b9646a097e4581	e5d766ac1decf82853eb99b09bac6c45dd5cb95b
commit	711479e66e3fb0e01147fc1362fb8aa5058426e8	1c7779dbbadd3a8a71c5e038401ced6b1a5bbea6
commit	71285372d56c3ef4764c6f0ed213cfae4fc8c97e	71285372d56c3ef4764c6f0ed213cfae4fc8c97e
commit	7168f6a080225579c3b37fad7c59d0c863d1b188	3886cdfbd8f3cd396e50c714bb250fc1121983ec
commit	717b50313d937065c5f57248602102e51b5f925d	717b50313d937065c5f57248602102e51b5f925d
commit	71ab89bce68f0a4c503469b19c3af0fd55ee3fe7	71ab89bce68f0a4c503469b19c3af0fd55ee3fe7
commit	71e4c39bc0acbea751676c312bdda5947b8fca1e	71e4c39bc0acbea751676c312bdda5947b8fca1e
commit	71eaa72a34f0bf1a32ada6d474f6d5937dc24229	574cec82c3d4b6a6b0f3b08cc06e9f6f37b9195c
commit	720709dd84ed3ab49760df80f80af05ef18d91b2	720709dd84ed3ab49760df80f80af05ef18d91b2
commit	7211779547a0121ee06b06a7cfd66df95e1716ce	a9b967b83152da9daf03c67d494c623537fec1e2
commit	72193c4c224d596c155f995470967006ab688cf4	6151dada80ed6b80962f14fdd1824069e5014fd8
commit	72228f224b4fd39a09037daf8b4ff65fe0cf69fa	72228f224b4fd39a09037daf8b4ff65fe0cf69fa
commit	722c515e3ca7733f4d92f270c22f9e1ed5816b3b	8a2ba4fb6ce21fdc8c58a1526da1a7b678ad289c
commit	7268646b1ccccf6a076a39ad6c3e03a9fca1a8e1	46a6390c6c014d4ad06b7c4103f1d40e8fa4e245
commit	726e319e58c0e3641dfd66fe40a18b751d4e0ed1	726e319e58c0e3641dfd66fe40a18b751d4e0ed1
commit	728ecafa5970c0defea7b942920fa42ea429f60a	728ecafa5970c0defea7b942920fa42ea429f60a
commit	729e65355fadae45dd7deadf8e5f1fbd78c22384	e2ca99a78bca88ad7318b90ff417a5e1c128c452
commit	72a9d332ba6ef2a14671d9c37bcf7106b24dd9fa	85eccaf39f9a0211da1c2c833c390757f6dc8dba
commit	72f6e22fb8896c0af008467cc128c378711f9c39	9cd19dac7d70296d21712d0bb22585925788f285
commit	730fcce1380762e14a0309aa498f5e3f994495a5	730fcce1380762e14a0309aa498f5e3f994495a5
commit	731d2f232f532bd0791e2ae7a3cb079405eae6e7	731d2f232f532bd0791e2ae7a3cb079405eae6e7
commit	732bf66610f7166214364cc17be98e328d84c31e	1cebbf7eae4b3555290fc37cd5bb9663af24df69
commit	737d243d9fa73c52c5e59f153534d31ece4995f4	73854c4fe3717905ca681656f40edc57f62bf5ec
commit	73a01a039d93178c0e2a737df53d0774fbd69250	ccebad090bef4f4d5368c852777125ac6328efd6
commit	73e6ec45df7b6cdc4fb3db6a29850f47a8fc5f75	d5d46ddb72c1a0e7e01c9011196ab795a8aabd4e
commit	744096bbc72e2c0a496d8d70ae4e9dcde2e8d968	744096bbc72e2c0a496d8d70ae4e9dcde2e8d968
commit	745784201d2a9ff2c5afe57061d98b2140f25856	745784201d2a9ff2c5afe57061d98b2140f25856
commit	74656ad62678587b9c9faf1aaf2b9e337dea7c05	febf5bbf0f1fe663f0d24b89250b6595478ce5a6
commit	74746121a27678ffcb3848e70806493591a6ae86	69c1b8850aba206fbf004aeff922f1bf50a2b752
commit	7485058f4e34b7ac240f456bff28907e8e31e410	8309d519720ebf19f9a45cc75311172853379653
commit	7485baad139b191c40e738590a560c4b49374eae	1832238ff684a06851a148c2ee2ffac1eac53aee
commit	748c5f839aa0d84a42ad8e862418b228ce33d2ba	748c5f839aa0d84a42ad8e862418b228ce33d2ba
commit	74d02c9aa68b63a3dc101ffd53460f0ab259bfb0	6652b87f838d3eef3bf75262f34e64eee0a5a607
commit	74eec2951fb22229b3461896a943323428e429f5	062a5a5b371efc7ca44f050e86a964e9fe9a3b5b
commit	750f2d85d308c9775bf38eea83bc281468453a70	138a2541ec2cdd89c3ce7fa06d58db7fdf517f3c
commit	7532c8312f6af709e5689bf130f74d7c66914e6c	7532c8312f6af709e5689bf130f74d7c66914e6c
commit	7545c271e6df7cca18eedce33741e3ecf0be81d2	07f26f6534be0f03685615c8d98135721f5c8a61
commit	758a84b0c7d10851ec686ab3e070e147cf393793	4cf851691ca59fead1732c82cbea09d9bd450cd7
commit	75d4656b3f3c07ab11dff8bc39791dbcbedb1cf0	22f83d179abe79d78ac9629653c771f1795a2fe8
commit	75f6332f6269a31945514ecea7f09913a9ba7df3	a8aff2e68de5d374941fb9cfb8a9949d5da76889
commit	767055b1614184d4d2d9370a684feaff4ab2762f	767055b1614184d4d2d9370a684feaff4ab2762f
commit	768db2a19539aa9f10ad054cb980281ce329b962	bcdbe315c0cfb8fbfa1254600f7156622cd79bcd
commit	7692145101709ea86998472e17e24415105d8e23	7692145101709ea86998472e17e24415105d8e23
commit	76a69917c42be8b167ccf1cd1c225c6c79596f68	96ba32e0dac52850efd02d87f0960ea951d42743
commit	76ad92bcda2820aacdd6d6e45eb909cbac458d90	6bdb1b1954ee546e9207951d977a668a2bcb7286
commit	76c65af3f01cd97e51788b615a20b78611d45cea	ec0611c0d52245841e2708cab959f72de09302f4
commit	76d6ed88a91d9333ec392c3954f19bc8dafbfa02	2842905ce402ed4a130a6217994aa588ffb001aa
commit	771013145437c91ddc58c4936e9889264041899d	4924f9d4e716c4b7e9b39d5f9b792ff8914bb054
commit	7720c010230337e6fa43e35a3406db244cafa77a	7d59c0242718f3c3465ee0c93693a26dc067b39f
commit	77446ff617bfe45bbaa0156a5f18030a094694b0	a031298f5025264182986c9c031cdb5c9d656dc7
commit	775b6de184a3169b9d3d8c30f06dba732975beb7	775b6de184a3169b9d3d8c30f06dba732975beb7
commit	77872b8057b712b73d04dfc5556ebeb27de009a5	77872b8057b712b73d04dfc5556ebeb27de009a5
commit	77a3d86aa3889b6aa13feeabff89472b25755c63	82211161b0185954fee149b37189a82b948a494a
commit	77a6769671f823b97acb57bf07ba32a3eadaaeba	22f83d179abe79d78ac9629653c771f1795a2fe8
commit	77c63e10f8f3e1de3450f7a5d501b2f5368b9a2f	77c63e10f8f3e1de3450f7a5d501b2f5368b9a2f
commit	77c9319d4f8013a46711b7a118ec9b5e21872226	77c9319d4f8013a46711b7a118ec9b5e21872226
commit	77cd12138ad62bf8c0c7683638d7715a662a4d9e	31905d4158998f7beb1e7c91801213bb4d5b48b3
commit	77fa31e17db9bc8a9cc67f208f09a26dc248022f	29c3f8e07adb1593c02d198c1fb3bcdb6837b48c
commit	7889f5af0ce81b5348e7d9b72bddd5c1f756ec30	3e5a5cf2de5cc351fcbd99980c30b7e39a9f780b
commit	78c04990272e07b110b947dbbf4cabfb57b7cc1f	3280534876ac4e21471b81e23e1bcbad3e699d61
commit	78eefc2482b4175fe392bdc41f4c2f1cc48a5de7	6162b9935722e56dcdc2564d80d1f8e168a58a9b
commit	78f4fcb5e95cb7e38d6eaf0506ed9769fedbda45	78f4fcb5e95cb7e38d6eaf0506ed9769fedbda45
commit	791600ebc9b72dbd9d954ba8d62ad9b8e57516e8	791600ebc9b72dbd9d954ba8d62ad9b8e57516e8
commit	79556bed3f368ac807c0d3f92303f308d4106cbb	d7c3c2d950ccac7100ed89d09b85cd1e0e406c3f
commit	79633039675277fbc23015937f026a2856e2d30f	3b60309a3cdc39aab5e2bf0f53dd557b48f67827
commit	79820f03e7a811ad3138544a75c25b5d9acdaabf	edbd7c5d2db59405e093856e9848f2813f5a180c
commit	7986bd206294e11aa302d9ab0423caed6ec00898	1f21d7a0b2cf251240332f92267fe02aed2d75b4
commit	79a6e9ac601c1a7108a9903235a26373a579f7bd	2e1e5564467094d2ac7785e9249140f209c9f6e2
commit	79b571a835e7eb6ccaff7a7d13ab4c6e7f6116ea	93610f10202392604dbf2c961896af4ff67b1551
commit	79c7031e38e90ad3d0b870446c7bd8a16e549fc8	30d91b6ca3abb1a496934bb767bc4a580e50ddf2
commit	79d0290109709a25c4067ff17092e0d289a2cae2	856924a65814a900ceaa2d3705c8ac78a7ef4704
commit	79f35ebd8b6978adc73fb6601a6ce9facf31e81a	33b7825c46b50f5dba57b2721fbd6036fd9d3cae
commit	79f6f5623a8c7ad3fcd115eba9dcb55e03636d42	b814b77d6b189eb25d190381a2fede96f28f218d
commit	79fb6d52868269e545cb8c8bb12508742dc7b140	79fb6d52868269e545cb8c8bb12508742dc7b140
commit	79fe499709c7197c0cdb35613c45574ac8918e4a	79fe499709c7197c0cdb35613c45574ac8918e4a
commit	7a0966c0b1ce6292d5cb3e84693fd0fe8cc7e054	17d3386571b4f4c76c86ea941c42545523c75cf0
commit	7a4aa434be7dac7b55be6fb2174025e16cceaebb	7a4aa434be7dac7b55be6fb2174025e16cceaebb
commit	7a59809fe2d08dd83a15aa21df3eaf756a05e62d	6b51037120bcc4356651cffdb45b7e835d0af508
commit	7a5ebbdef6ce47448d58308ec8df52ad7a293f6e	7a5ebbdef6ce47448d58308ec8df52ad7a293f6e
commit	7a6941050fc9894d2ef9230eadfb188828379d7c	7687cda980ec9c15020275f792eb0e6ce66083ca
commit	7a6ad59cfd02570d0c271649cdfe928fb30ba904	c5e14247583227aa6a5388fe3e46778a5d5a72b6
commit	7a924f5339527929d2d3278005e1a35e150e14ce	552c3e916dc61a1c7cafbf705867d547d9feb1a0
commit	7a94bb1faa2244216f917379f4430c7b66b63b98	1e025008e63b11e03d01566e6f1c309e65f19f79
commit	7a9a166a48c2d8bcd5a01eaa5034fea8a1f92e84	7a9a166a48c2d8bcd5a01eaa5034fea8a1f92e84
commit	7a9eb5787f2db9eff56f57207a71b2a95b656510	7a9eb5787f2db9eff56f57207a71b2a95b656510
commit	7aa357d9de107c61da0689b2a674b5b2e69e9870	7aa357d9de107c61da0689b2a674b5b2e69e9870
commit	7aca3a6e869a18cc211e45ee67b448577c129849	7aca3a6e869a18cc211e45ee67b448577c129849
commit	7ad36cd0524affc0e9129fe3e1bdb153a231bb09	7ad36cd0524affc0e9129fe3e1bdb153a231bb09
commit	7ae984b75feb6b08bcb71420dac43a7939e56c1e	46fb9a5af2c0d1358d50c5b76b95008bab86f2a2
commit	7b03c7dbab9eb304e00a57c06b92eb3a0ac507f8	7b03c7dbab9eb304e00a57c06b92eb3a0ac507f8
commit	7b0dcb525b788cf5098a0c2dc9a6362663aae78c	bad6edad8be00042ec91cae8538930962e1b84bc
commit	7b32d2fe132acc831ea3c9751b1d6cf565744b9b	78dd472e946810c1e7e22cbbb705c7bb24eabf8d
commit	7b5a47482b52d554a6d452be6687ea661dccc1e8	80256dc18415fe977be9c29263540cbd39ba9d57
commit	7beffbb14d0ba8c41f168bb2a9e1f4bb15280ef7	7beffbb14d0ba8c41f168bb2a9e1f4bb15280ef7
commit	7bf00d7882950b3fb0337d76b2d4fbd6efc6d665	c4cd201ab82dbb0bfb0aa53235dc1e61b1e14b8b
commit	7bfe59ae7560f357af9a561109df57c8df6df02e	7bfe59ae7560f357af9a561109df57c8df6df02e
commit	7c404d7c89a54ebb8e512ec71a4120015477dfd8	7c404d7c89a54ebb8e512ec71a4120015477dfd8
commit	7c6499008e70d8e0b6d112b3d9943c8b8c25f664	7c6499008e70d8e0b6d112b3d9943c8b8c25f664
commit	7c6a623f81da3ecb07c79ff721631e797c741ba2	7c6a623f81da3ecb07c79ff721631e797c741ba2
commit	7c75d1651f6b8af7c1c73f59155a1e9ae8aedf3e	07f26f6534be0f03685615c8d98135721f5c8a61
commit	7c7a4d7c88f1c4812e7ec4380dbfab00b5fabf3f	ec688b2539a099a6f77c9106509d6d59edd9eb98
commit	7c9968ee28881010f9dc1da55ce426287dcbe666	469e11bcc561fc71df5617857758ba41052b97d9
commit	7ca110ed39175c1c737cb904f060ebc9fb93d84c	52ea9236d39f120cf3183ba7493b9029151865ad
commit	7ca2571f36bd4b64087bb3d2e32737648047601c	d668b270242b4ade57d3d760f2c9f7ceb05ab27f
commit	7cc299883c320017281bcda1a34288efdd2e47d5	632d04b61c557e3ba2557d18be8dfaa16a5e748c
commit	7d120e9b5198c9be579b49b68582e44d54821a37	ac6d454ebab0f76187cdb582ff61f58b65277be5
commit	7d19ab3009c9481469150d3841066539d0b93160	7d19ab3009c9481469150d3841066539d0b93160
commit	7d217d3fdb976a90b443a5faafb13792ad31539a	68b238d3d9e2a0fe8a870441dd5ebac425670d5f
commit	7da1f021b55b28edbf597784d2d1900fc4831f65	7da1f021b55b28edbf597784d2d1900fc4831f65
commit	7da6cf2fac236a10e26a6cc182741e708268680c	5e9fb153d60713a6e83ddbe2ee597c660d645181
commit	7de7f2d07a8d2e804297665afa3dc421b5a26d77	dc9872844b45953e999cac55e57bc4d689452804
commit	7dfd86298eea378f5107dea3bd74c559f1ce4b97	7dfd86298eea378f5107dea3bd74c559f1ce4b97
commit	7e0da2f013afb1ec724edfbd9784ec8c68c173e2	cacf900c1eeba67ec5b8a1dc51fa644cd389f0e7
commit	7e1926dfd3e9470017908b2cd5e955a8c4e12f65	7e1926dfd3e9470017908b2cd5e955a8c4e12f65
commit	7e2f28be800a7de7a6a84ab27c9a2c1e40001137	4c5ebd027ea98d8c6048438f447e52870523962a
commit	7e3e5202bb987e1488d4126db99b32407cd8c795	4761329ccd9640c20a37d7f651d9a317b88ac2fb
commit	7e6cc1a7e3a5cca3b205b1671ccba4ed0a599025	3e75561b50b620d5c61ee8e51a1955dc3738bd87
commit	7e9be42e476b478ab79e570370c48dff34fc6c0b	7e9be42e476b478ab79e570370c48dff34fc6c0b
commit	7ee8496fc96db568898576149b4e8dcb9a0a3a66	fc36ed979375d475b49db142d069f8f177fa0435
commit	7eea12bfa09e414ea66e39b5c073fad6949f1306	79b4c564db1e63d1dd15a71e3e5ffb6029a918b5
commit	7eed889fbc27c7e4987fbd80695ebcdecaa81963	17fa6bed0d1e15eca36ef0b4f30df8f75feb9457
commit	7ef3dda76058cb0203aba9e96e07327f62308428	78a404163ef8d894124c4708fec04916f8ab3a7e
commit	7eff557f266d69c3395700b287e0029f894904f0	522fba97f1d05c78f07ba3a46f6f190c18948e6f
commit	7f02514c0c5899e439b94ed0aaf9c791247b8310	62902520fa3bf86d27ce84e86c95475556cfa189
commit	7f1f8ed77ef5fd742bde1f0a04652581ecc7817b	ed5aeb92d3138d6a90ca2bf8efdf4f92ad10d1fc
commit	7f38f2227db714dcf97d0d9be25a45d65cad125d	7bea53a405b1788638ab15cb0181c6289d3610eb
commit	7f6e1130762acbc571b3786093ab20dc265a12dc	2ed3700bc367ee104a2b11ca08f532525ae5c5b5
commit	7f70faecf8d4a98d9f29c410a767195c7e26c9c4	8557afb1304755c286deafb982c176fe876f0b83
commit	7f832e2d7f8b894032377ffd5b094c66fdacb7c7	24c963bae75e4af9a35dd7a18f1f421a9c58301f
commit	7f93c85cf1580e7fed1a8e57775495a30c1c6f15	80992d67c0e4074136802599f311fa08fd02dc34
commit	7fbf90e8749470c34f634c60b8a8b78fe55d576e	7fbf90e8749470c34f634c60b8a8b78fe55d576e
commit	7fd7369ec1eaa97b8be1c5fda15d2795a9ca3f94	009fc836acf9ba45219d19ea9a4c8a3ebe71dda9
commit	7ff4b14ccfbec9077cf0dc5e5c5706a84719a0fe	673226ba87df35687a6afff375896f5345d1dc9d
commit	800edc7bb73fe0cf2ab13a1d6a728a4b064809db	800edc7bb73fe0cf2ab13a1d6a728a4b064809db
commit	8034edaedf556a11c23e8659f24443097dbf0544	1c80df6d027cddc4b74b2f6ecf5ace362ae60dac
commit	8058a7095df49849f14f22f19686220c2eae51dd	249ec1fd52c4b370623863cfbbdb89f8675927a1
commit	80637e77bc6c2c32aef7971e1884e87bb5e31efb	8b77843bb51acb6633db142993207c6ac8a01627
commit	8070f0e3ab6095342f3ad0c131792eceb5066672	284f3c5043aa08837bfdf9014891cb810f5800f2
commit	807eab542ea00bb2f7fae63362b82b0474a9814f	ef149d5e3c9ba414956c272be514b0ec75cff811
commit	807fdbf2553a266fd364112ab722bcb8a7820fe6	814d17d585e6ee350face1800f88ea3c8c919c77
commit	80873fdd5cdbe05093f5ce4dd436b31b9237389e	6618107f92b4e594e75385d19a4184cc856505cd
commit	8092b67a42c34c1e2ec8bc24d2832ee01039c27a	8092b67a42c34c1e2ec8bc24d2832ee01039c27a
commit	80c208840191b3a92d80bcb37afbf36b9ae05fea	467a95f3f164cd2fdeb24bfd907888bde5e50cb7
commit	80f55f3f23bf6fe67685287dd2cd1e88cdf5c727	2970f37c75f4e243b0f05202066105c01e463162
commit	810e9e431b2021d4de5fdfe82b7f50d0226dfeb0	930b03526a565a55a348ad1be4f89cfba1f55663
commit	8115a0c1a93ee06c1f1ac75041b381cbb08ffa00	70fd5e0b9c8f2b6bf9e8cf9cb65f1a592b96ba3b
commit	812062b9fa3554b33bfe0f9326d4d78a0298fb7c	8bed64a644ce177c64cd749ad941a7b8a42b7f41
commit	8153d5adfe8f7e2ba5c37df41d0f45aaa84447d8	e2ca99a78bca88ad7318b90ff417a5e1c128c452
commit	816312bb8b95792c96d8cd828d1d81222388a5b1	0d887679f14ef29b8a992fd2ea20d3b260a31da3
commit	8173b7889ba1a252a35513d0ac2fef8deaf79d45	55a3d39e741019c1a0be1c2adcefde2125c26732
commit	817f210a4720890be8de4e25f68dad7ae7916dab	06d0a412ae4210c8bad897e6972f677a2bea20b2
commit	81a3636d07e55b100fa2834f30f1e3f8b3efb9a9	81a3636d07e55b100fa2834f30f1e3f8b3efb9a9
commit	81ba830739c3ff9bb3ec0b757548341d3f16a670	3b37b8fab98380aa6ccfa4e95314172819d8c61a
commit	81c3d16a046cd07a3fc513e2bdfee275bd45e308	4ec41a54b62cdcaf2de95d5e6d4490cf0f94c8b9
commit	81cb7c7c3cd0e3ba3f154ed1530c4cb4af521b3e	81cb7c7c3cd0e3ba3f154ed1530c4cb4af521b3e
commit	822f259d6ec6c5c7f467ad0dd8fbb1aef766ead9	822f259d6ec6c5c7f467ad0dd8fbb1aef766ead9
commit	828c9a5425c66df226b1433e7b53329f8cd5f1c7	eb0e2a669cef24d60529f1050a187e0d32f92266
commit	82b23d616bb92caa41af231e4e15fae5c0a7a0c0	2667ddbd4a6878cf4f43074c7bb50f749675d24b
commit	82cbf140d63ee8ba3593af5fde3b3bb50dc50fb3	d76c5b439d8ea2ade7d84abdd54134ee3e9fbe71
commit	82d35c679104e25ec43349a6c672495201954f12	2f809897adb0f3787f3d869393fec86f577390ee
commit	82e119213c01fa28103660996a59036aec468d78	82e119213c01fa28103660996a59036aec468d78
commit	82e7a85951b31c2f631c31238df3fafedcff3fb9	aad15480ea564224543b7bb9628148572988cd19
commit	83534e726343e31ef0d9f549169338777b447486	c1bf89c63541a5f7a38757c56a50e1bdf20e7299
commit	835d695d0dc8ac433916a05af5bd506c52c47dba	1cc6b28c9fa0d7021a331df7b24a2107bca061b6
commit	836f93d8becf0392123ec4923500eba5806d0fdb	836f93d8becf0392123ec4923500eba5806d0fdb
commit	837b411fba126fc3e4258dc299f7d24aaeb60631	909030f4ed820a41f4c77fba2cd2e7ca587e4ae9
commit	838a1b7979e3ee21aef8f5b9f2b8d782a3aacf4e	ba6aae70894bb7f4ab4b3cbc8b28a9a17c0bf84d
commit	839aa69eb0d2261e4bb56a81ec932f46519f618f	d6b2894be7d4708d67d4b009b3a20a19a0d4cf77
commit	83a635eed0ccd39593cfd1955fa9f1e5aefddd25	83a635eed0ccd39593cfd1955fa9f1e5aefddd25
commit	83a81b3c9c20b08c245a5cef87c7bacf8c2ac175	7e8f53df526414dc7d6f5581fe9b205d329dfd7c
commit	83c0b9528145b568439b2e0c6a4cbadc1fe7a068	3afd776141405a17a87f96538be48a1ea14cc015
commit	83f495753c3d83094d474c6761714aead520d37c	6c86b87f4d4a0695c81b5733770f8f476b793ddf
commit	840cdddbf3d79c84ca9457825ff507ab3195beef	840cdddbf3d79c84ca9457825ff507ab3195beef
commit	843881ad201374d9ac1dc6f10f847ea0d4932ac3	27e90ca1d8dddb9c0323d04c9d0657a37c11c520
commit	8453c48c9207f4c26d4fedaca80428286dac62a1	8453c48c9207f4c26d4fedaca80428286dac62a1
commit	84b7bc2c5fd416fb5b9f6356f95ed1963f2d82a3	4cbae342036bb86e67ddab95586bd7af00a4e285
commit	84d153c3966a5f4fafa791f18fdc97ccbd505338	84d153c3966a5f4fafa791f18fdc97ccbd505338
commit	84d9c94828df91054cf12696b723cd10a2a2bc4d	84d9c94828df91054cf12696b723cd10a2a2bc4d
commit	8526cf4218d3a77735e24120ee99395161906608	813a74b69eb7af278713fbeebba33a30bd2c6d25
commit	852de61e3d337c36695ab85ab4a5bde6d1eac170	6cdbad2cd5b9aaecc4e405114084f1682803686f
commit	8533fc95652b5e8c4464661508afa5acc6e83bc1	90391967454bc940161a15da1560ab52f482e44d
commit	85401f00014f9fe293a0118673deb14f669e66d8	ff99e1034ea34add43155baed410460de0899b8b
commit	854baea8356295082eba8c2b76b2116bcaade075	854baea8356295082eba8c2b76b2116bcaade075
commit	8554a30b53b5b2ece71f673d2ca47332a1c2bb18	25236b3aeae3babe1c9f6e4be3f0b6f9bd6da9eb
commit	855fa9d4b21595663c882347509a5a2b09f206d7	d18a1f668361ff5c340b4401a6f86224539b1bd7
commit	8580f27ddc58e7f301d75c0fd9e545965acc7521	7da586860584206b2c2b61e876757c8d4f0b5467
commit	85afaf1fbe3a43f66ea5823396ed614dfdfeb455	033697e770e7f95bd84b6ebba829b39b02e08f1a
commit	85c156936059809d998ed249c3d034d1edd39c35	d28521d82901fe6fc3778747c96dd6d6fc76f035
commit	85c2ff99b8d7d5717e8123e95c08e5629d316847	85c2ff99b8d7d5717e8123e95c08e5629d316847
commit	85c9010bdaaf986c0cd641fcaaf7a5d329dc5556	be6cb905eb4be7889e3f61a0f4ac7533e88675e7
commit	85d2e70f2aae4a393cd74dcae93b7cd1199b6f72	85d2e70f2aae4a393cd74dcae93b7cd1199b6f72
commit	85f24cf858287ba465abeeb5dad73039da6c05e3	43bb305efa8a1fd7e10ca6dbc38ee7b33bb273b1
commit	85faf6532f69e53821a0ed0b0a5d942145debd11	641f7b78521b5b7bab71d38426ce6a90313f930d
commit	86184422edc5d7b6314314bd17c6f3e93587bf40	5550ff158681d3af5604d5799cef7da2dd39154f
commit	861b0ce3351bb38a030b0a2d61a00001cf381bf2	861b0ce3351bb38a030b0a2d61a00001cf381bf2
commit	864961183978b1e4a20f2bbdff3bf25ff10995a8	8d147682842675d75665fc55a642e4d89537141c
commit	8657339678cb6cec53902644574d591ca180dddb	8657339678cb6cec53902644574d591ca180dddb
commit	865b6e1462fffb9dfa8041b448ccf615b53b2402	865b6e1462fffb9dfa8041b448ccf615b53b2402
commit	8692cb35296839187f6ca1ce11dd367cf1a5f6f7	8f17f1b092cf0c87ca9ee9b4782c28b04c4ea210
commit	86a8091abae44e4a2ddbd45d275030ba99af683f	4cd3b96a4bcd9eb314a82296d1fc52e4c26414a5
commit	86acfec3f5e15d8593bfe30cfd60b1c7dea7a28b	27fcbfa758534247f35cf6cc5d3184bfb26f0d13
commit	86d5fd3559d55c7c498c1ce96d3ed664b99247d2	614a4ed4ea34227242606e33d67709eabb0fee18
commit	86f1322c2fdb0cdb8db5f2a6cf36a73b747d0300	4a5e9c26d76877cbbd64627008949c87b928df7a
commit	86f8bbb0ec6212b7d2b35cdc960fb9b8d5aa3959	9dce5748da8f264c9cbb73ff1180975a53eed0a2
commit	87062be2dec91323abcd1925b0d903e931e09ce3	87062be2dec91323abcd1925b0d903e931e09ce3
commit	871578c3fdbad194cc4baa67804bee7c79c131f4	fe3fef39fd958a21c26a41de4015003caee83102
commit	871b84d3e9f6617d32c18352fc0fc4f0c0859f55	7bdaaaac7931b854d909fb2afd3fef629c937d1f
commit	8758a1d0ce7740b47dc171ef2c663584432f16ae	bd7b7a80fc7a21db5f09ce57cb0e1646ce1bb5af
commit	87b94a12a0866100d60dbf936cbd2170969eb3e7	aca2277b24da6d42386fc1273d08ee4c61220fbc
commit	87cf60ccf73d7a5093246f53f8b9e9480327a97a	3e7574ebf39ef41e24ebef10ac516be853c9e825
commit	87e135f56fc96f308a4c92d6fcb3206d7e329ee0	4f9ec1b765a93a3a7b6d0c9da01dffcdab39db24
commit	87f9b0d0a630bf66761eef6a2464c8f23630f7d8	ae5231cb08aee83fec4e1f9dfe6f5b89d058d7b3
commit	88232339e2ac2c2a555dd713a931655a62a54cdd	da8619b3185989761936ea89c176c95c17d83a4e
commit	8836f1454c3c000d438c9f0fe093a808d82ec8e8	8836f1454c3c000d438c9f0fe093a808d82ec8e8
commit	884ef3733e33eba7b3de451bd65a5dd3ff3a12a1	8b332515f23176881290fc7b67b84ffb5d9f260c
commit	8874bee9672474989f0fe29595609ff52ea6cc52	8874bee9672474989f0fe29595609ff52ea6cc52
commit	88b4967f0a98f1740133651363e093ec613d7026	de2b4118e2996c384ac102f0367b834decad70ca
commit	88ba28a9c1833fcfe8bcb9db9c339f2830d0048b	b37ce3aa636aa512b0202bd510a562791fadfd78
commit	88c13a56240d40f0f395067b15241032fb204d7c	7380f277177bc6dd9ea875fd76115cbedf605c3e
commit	88e8e0cf00a699d3513174e505d4bf7231f40b21	8d9a5d944f89c9077ed843592f41defe336d08f1
commit	89290539c85d6702a3f197bba5c2ef21a88329e3	d5769beddc3dd6e52ed5f26e551313a9437b5c12
commit	8959574987da694a48f75af7a4ea5e2f0d9b118b	33b039342f3b8fd36c04dfe85a7e78aad55128c0
commit	8976ef70134c6a40a91bfc24e3105e72f0100aa9	2f4fafa53dd031a87f6849f7c521a76e6fbdf2b1
commit	899e36ecae0e2254a7196dbc59940378ed44ba47	899e36ecae0e2254a7196dbc59940378ed44ba47
commit	89bb8c348fc7353ee581a14f30e4fabb27ecdd30	fe9ee0a3b223f40c7f36d7d0a30a889099042b85
commit	89e2a821be78cfb069b08eadfe5f5b6f6b352b5b	290bdd257af6a88aa545290b09a68b043c6803cd
commit	8a025d09aff52ad4c1d7543b8e49b5a91084dde5	8a025d09aff52ad4c1d7543b8e49b5a91084dde5
commit	8a0e130c273a7a8407a25e98f56d617397143a77	4fb9171f3c023c3552d906b134795bbbf75a5d60
commit	8a3801497ee8c0e0acd36c378398c1d78ed43c2a	8a3801497ee8c0e0acd36c378398c1d78ed43c2a
commit	8a4126f6cd050b3da9fcc7d107fea6ea55adea68	65df4931423fe6d0118ad1b269594c7dcaa99818
commit	8a498738c1c9578c9926ad81e199e12394a836d5	aa7aa90a016198115a6c1350b7e50839491305ee
commit	8a66c9a48c9d3d1bce13ab112a9a7ee76ce9fb99	794ea4e12db3e71d65a64f14886267844599c4d2
commit	8a8a8a8f7c40628e0bd96a70f01988a111b22aab	138a2541ec2cdd89c3ce7fa06d58db7fdf517f3c
commit	8a93f7a11659bf6ceb7edaef9196478998aa339d	8a93f7a11659bf6ceb7edaef9196478998aa339d
commit	8aa5bfb55c7c0230ad80ad36873e658a2e8b2abb	8aa5bfb55c7c0230ad80ad36873e658a2e8b2abb
commit	8aaa9a388336c668a998b107fa0cab37b8285f23	8aaa9a388336c668a998b107fa0cab37b8285f23
commit	8ad69b36f444bf6305946984a89487be7d1dec49	8ad69b36f444bf6305946984a89487be7d1dec49
commit	8af46e3a8daa565223ebf950651def8bfe447c73	8af46e3a8daa565223ebf950651def8bfe447c73
commit	8af901ce6e13d37bef2b227c044587f136d2cb78	8f8164a5bba6ab3a2ed0c7ca46cb8763b827081e
commit	8b15e3323cc39afd6303b13db383c39eabd72f56	644af47f25139f78c20836ebeca49fe9ffd58fc4
commit	8b4fa6e2f638dbff0f6acff5113cfdd83d47106f	d1f3caf14a4cba3709bc4697d4857e0a87ef0888
commit	8b5b418c20d2583f832751b267d5c81dc4786062	c246fb0f2eb84db3dc28b6898bd95c33614455e3
commit	8b71cf706970b9c02e9d4b5f1f1d7f8ea24762cc	8b71cf706970b9c02e9d4b5f1f1d7f8ea24762cc
commit	8b787c792ee38462fb63be76a6e4d074ff199abf	b4a4f1aa254379ae1682295f60798ffced55b9bc
commit	8bbbc9c49c33f52c3305030b50d8abe2ac9d5d9b	8bbbc9c49c33f52c3305030b50d8abe2ac9d5d9b
commit	8bccba6b3726529fc13ecc3772dd14648f7a53bd	a00e7e0c2c95273f7daebd077caaf787ad790a38
commit	8beebfb1f2de02809d071dcddd17c164c7ba9614	7b1d9741c525b5aa7be0a2613337ddb8c4c4df96
commit	8bf1afd12242a2b9e0c78eec20d7782b66ad35a5	8bf1afd12242a2b9e0c78eec20d7782b66ad35a5
commit	8bf992f1def57bcd21e2a02030c4f0750b206577	e2ca99a78bca88ad7318b90ff417a5e1c128c452
commit	8c14939d0faf92ab7fbccb392188a73b7f917726	74e9278ef2c10576c16928fdf41e9006a4b6e004
commit	8c1512d74cdd136d3bc4a15d06fc7e4359b95f2d	d7a81620b755938e48450c144d357f237b5c8bd2
commit	8c2a5f43e1c20d11fe3483e2e20c515b9355393d	8c2a5f43e1c20d11fe3483e2e20c515b9355393d
commit	8c39cc342c79b3d9d90f06249e40d1907ff04b24	8c39cc342c79b3d9d90f06249e40d1907ff04b24
commit	8c9b7d68d1a5002ca01422ac722c43cd8754e8da	3f470ed3de693c319ed4053e50b06454bebc15b3
commit	8ca8631371c71db805af64678c90c6a6903effff	738452f663faae9120287e4feafa14353046d53c
commit	8d0dc6e5baf5c784a1833dbf6e31269296bfcff6	f0ad9a6c10a4922e0b3ab942b664a314edf2ebd3
commit	8d3bd3b8b0ca2031728d57e8cb54233194093b87	bd3be9e592b882355e1ec12f9432ead599c325fd
commit	8d490bc111494bd90d87f9d6307dbb4801564bcc	8d490bc111494bd90d87f9d6307dbb4801564bcc
commit	8d74a709dd88e9f15312090139dc1783bc62ad76	9ab8bf3dba2e765a7f1ff92adae0390d1167c898
commit	8d866c84c0191ac8b1588082b11e61bbc8ee2ac3	8d866c84c0191ac8b1588082b11e61bbc8ee2ac3
commit	8d8719549ff1a00a0f6d63aebe04420f44be51d4	a89ac473020ceab0de8a0de6c9b96e7f97b059f0
commit	8dc386080195c4c4dfd08d81b13aa015a0ec9713	157741914f4b6716efd5a2767325b2adf1dc12e1
commit	8de05cfe41300385728b9e9f48837ee71261589a	8de05cfe41300385728b9e9f48837ee71261589a
commit	8de2d3c61013f4cd2cdc5d77d47a63e10b417db0	1f3333f4ccecff5ae7d73cbe30e3ac19952848c6
commit	8decd2b0e10a0b478ebf9b9a098cad5a9ff4e02d	38a0108674098916be64c4d83267aae169f2516a
commit	8e0d1dd166b46a57db465b4ffecdfb592f679781	d6da3d8b30c813f8bf492e20bfcde7d9667be351
commit	8e466330a24dde4a5c282d1cf8af305dde41b0a8	8e466330a24dde4a5c282d1cf8af305dde41b0a8
commit	8e46c58f9a0d4eee1aa77c54ed3387bda17c0ebf	8e46c58f9a0d4eee1aa77c54ed3387bda17c0ebf
commit	8e4b18fd99b2c963a3f54386ffc0e373e423fffd	8e4b18fd99b2c963a3f54386ffc0e373e423fffd
commit	8ea11f48a18c5db14ca4ef06e7e5fc0f8186b374	3ed77e633d28e640eb51ee395d5730c760b7844f
commit	8ec538a208587f67c4d01d4bdeae456df8af2387	20109f75d684f8b3f25b99132f4dca7c6f33461b
commit	8f6b732038f72f9114defdd058f401c4d3ad764f	8f6b732038f72f9114defdd058f401c4d3ad764f
commit	8f7e5f6ede42103df45690f52fbe739ebc04cede	3f387371f28faf09bdf3bbd3d3770b86f5382843
commit	8f8d6124ef6c9199551270ceec643299b5784e6f	8f8d6124ef6c9199551270ceec643299b5784e6f
commit	8f93e2e374cf353f53a3c667f3bf2da16cadf478	37a62e67dc76afa485dc488692402521fe739f08
commit	8f96a11982df98741480aba355f05bdefbda6a30	8f96a11982df98741480aba355f05bdefbda6a30
commit	8f9fcab405f39b55ae4a0904a9ed748847bdb99d	8f9fcab405f39b55ae4a0904a9ed748847bdb99d
commit	8faae7a90bf47315040dd4bda2eadbf88cb0a400	2c95867c0de4592a585543ddfd3b99604609524e
commit	8fbda43a7fb6211596e135b2cd38e77dc85d83b4	afcd3a1057820a892f448bd61b7a09b4f796116a
commit	8fbe0465d34b4bc81da9f69bbe95375d2857ad6d	3e75561b50b620d5c61ee8e51a1955dc3738bd87
commit	8fc42a9591c011137037ac058ce168a8a30281dc	f61e5e2d4ac4cc0d11e0ace5b397bc61e8ed9890
commit	8fc6abaee822c5619d98eb0a92b4cf651b511174	8fc6abaee822c5619d98eb0a92b4cf651b511174
commit	8fddc9d26ff63d790495ef90e9ca0febec086a48	9aff83d2cae9bd3032f1c3800529d2c5071c5cd6
commit	8fe29a9ecf7234fbabd2cbdd33bfd5a1b6503660	41a5240e50644018535296f0e99b1c8c137afcac
commit	8ffb36f1f3fadd3835bf047a7d4003fc6f741398	8ffb36f1f3fadd3835bf047a7d4003fc6f741398
commit	9012c24f254405e9dbe8a14dd5959d93ad1f387d	22a38e6fa15b2754971803710a2d1d83c43f6116
commit	901c650a471c9c96ea99baae16ba72a419c06257	f361ffeabde679c62031a6b5a18a731d90614fa7
commit	90480c1afa7d25888ea4816e6bb07bd45c7b4bc7	90480c1afa7d25888ea4816e6bb07bd45c7b4bc7
commit	90589ba0efae541b78caec55bdd2abff7af9cee7	f711804bc1e4cfe2ca867838fc00df1075067426
commit	906e0f6d6e3312e4ca707fd8394c64ed399c002b	48ad23deb3483e7dd001f928663b150b69565db6
commit	907f0c1a0c3896d0c9734a79b03a697b4259758c	907f0c1a0c3896d0c9734a79b03a697b4259758c
commit	908fa99e352d30614daaf7a3428d48928ef94120	908fa99e352d30614daaf7a3428d48928ef94120
commit	909a911461197deeb624850fc95b9e6a3f77ee0c	909a911461197deeb624850fc95b9e6a3f77ee0c
commit	90a14479197b0d30b3e1c0ae419509c581fb74d9	ebf253e36dcec6f51cd2430f59f2c50ee52ebe79
commit	90b00d644b474e7a4ad038db582588400227c324	0d2745f05eee59b9a29b0671f76d612927f9b01b
commit	90c16b23a149756649201243fcfa7c02ad502989	03c9476016bcaeb8affdc1a64130ff81190c0521
commit	90cd4a76d2d7d7f82331f9e49084a1fb14c28c5c	13d5a369b982839855b62d2ac969b4485820ea8a
commit	90e378f054c9d490ab9409add4f624d33f7cdfdc	ebdb65907843e79c4d99baad06433bca43cdd2bc
commit	90e93af87f8fb892b7c0d83318abfac3f4a037de	e84325799aae2da1744e480e6cb26bd6255dd97d
commit	90f568d4c6e74e7c5c0705072f9077fb6a68e5d5	a289b7bcbe5021448630a52190f8d877158acd24
commit	910d919cb60adaca7737f8844588f9d87b21a6c7	722e7e53000a3d9b885048b6b2e490885482a67d
commit	9120f2c9213da08899eed9a38ab23bb574df0d0c	9120f2c9213da08899eed9a38ab23bb574df0d0c
commit	9141abf80f468f1052d4db07baaaa289865a17e6	9141abf80f468f1052d4db07baaaa289865a17e6
commit	914622d71c7cc40f7dc2e4796756b12c2351a82e	914622d71c7cc40f7dc2e4796756b12c2351a82e
commit	9161c0d74075959904938eef05bab8c5b5929357	a0b91028e97a82146bacb282b02825085b36bc49
commit	919259cf41db0d7c59a601eb9073d0363c947fb8	919259cf41db0d7c59a601eb9073d0363c947fb8
commit	91a1648bd39ec69072ea3d08e7a588dce434d1de	a2aebcb71da279200d6175212a41303a778da3b2
commit	91a67ac6fe64b60118104fad21148a13cf539adf	5110ee063551ece20dfb936cb6c66a2a1ea9f6cf
commit	91a946ec945b9264118a3dc3be39c9746e717d4b	29783e926c8a1d7ddcae00078754aaa2172c7b1a
commit	92004582b4648f6a5f351c6a26098b31ba76d9d0	4969adda567d0d9431634132aed95cfc20cea4c5
commit	9220ad81f927d079eb60096fc0d45c24af7c2029	6987465eb558810a324ffee69b93dbf4975dca6e
commit	927a6612aa089a89741a7596d39c1185dc97c835	927a6612aa089a89741a7596d39c1185dc97c835
commit	9290d716b8645e02ec87f6cd0759c3bd80b7db94	7c0974bdee6699ce03fe1db4024033e826da5264
commit	92b399e5dc86b65dc1b8afb44ee6e43f49562eae	ca08d3edaad55f3ed0b14080903bc272e3337d73
commit	92c1412897575166e0d3916eb71ca4bd1dfa80bc	e56ee8d43e6131830af60e57e327bfdfac178cd3
commit	92d33acd704226807ec9c926a3e8cdc69a64139a	92d33acd704226807ec9c926a3e8cdc69a64139a
commit	92d38475ed7da5cbce6c7f6631d9826463630b9d	8ec42af4cc3fede0515ee4954510c7e13ee6f00f
commit	92dcda269832f0a437fa7224edcbebdeafc875a0	92dcda269832f0a437fa7224edcbebdeafc875a0
commit	93009254d237ad0a0060dcba2686de5162e54e62	989a132439985f7a96f7b73a3473535b3ae736cb
commit	9321a1541d485050b1c2338c8b73b603b44469d5	9321a1541d485050b1c2338c8b73b603b44469d5
commit	93360333407847c94a6d2d614eeb22baa9372635	86ce94b605ef61760ad8bc515472644ef3454c8d
commit	935fd0505d81e9da600cc4b3691c811f28a7aeb8	95e044f4a0d06379a22a41dfcb45f4dd21ceec6a
commit	936b58761cc04a79aa245328f55885f82c227912	936b58761cc04a79aa245328f55885f82c227912
commit	937766c28b91092f2c0bf425591e6c6f41d83b51	db587864b5181bf53d35021271d77350a15c2597
commit	93825cf9e51f94cb033a9eb6f172ca9351687f6e	93825cf9e51f94cb033a9eb6f172ca9351687f6e
commit	93a7eeaf7ca4729251baea780392d21a6b981bc3	93a7eeaf7ca4729251baea780392d21a6b981bc3
commit	93ac9d5c63c30935fa47a0694f50361f667fb504	94add34fec6088cf848334316eccace278d25619
commit	93ca87a41e1233c82b55c43b60b107f28b659057	271ab6d04523ce79612a9eecc0b400448b527478
commit	93d54715bd4aed883678fcba8af18ccaff489c51	5e61fad702bcb8eeddb6f345017934dec8268732
commit	93eea070be90cd4eadc7b41754b1d149c4f532c1	93eea070be90cd4eadc7b41754b1d149c4f532c1
commit	93fbf854ea2c77e80314d8f1f4afa9a878855c66	dcfd76efa3284b841a7b5204eaf096942b68d076
commit	9407460b3a7b232ca108a9833fa5a4633179a8e2	9407460b3a7b232ca108a9833fa5a4633179a8e2
commit	947ec4c11d054a36e268de2c763a218512b7ce71	b2f1a83c689a35aea9f5f561791517090cae9847
commit	9490b8ec3492b4b6aa30b483c863ce8db30c0fb2	9490b8ec3492b4b6aa30b483c863ce8db30c0fb2
commit	94e459c942a8e57ab80be6b24319c5508968bafc	bcdbe315c0cfb8fbfa1254600f7156622cd79bcd
commit	950a74ebd0c1b99ddce2a82f88ac76492397d1ba	e39b7bb153eb9f63e4989d3fe8a43ecad5886728
commit	950c35fcb4c0e48895158679429845918c7f8030	1c2bec2472c9e998b35a38e9a06958e1d1330d1b
commit	950e90bea965e7fa33cc0e511732eadd7b4b81c9	950e90bea965e7fa33cc0e511732eadd7b4b81c9
commit	952913bd034216f88e5ce6198c7f0f3b1452493c	952913bd034216f88e5ce6198c7f0f3b1452493c
commit	953a66c6ff607e3258b858a66abb4eb427dcf2d6	0525a8e664afaea5f957a757496f279c3c0afa24
commit	9574e28c86a638b0d2422192bea589173fe574a3	9574e28c86a638b0d2422192bea589173fe574a3
commit	95789f199e81f32f47170e90e2c626d79bc9f59f	95789f199e81f32f47170e90e2c626d79bc9f59f
commit	957bac22c3344813911d73ce775eab6ddc4e3d2e	4ad580ee3408b3bc55bea8d61f187bbdd5031b2f
commit	9591f080a6bb3500dd82ad1c4cf82394fa979d3d	c4b800f88529af7c37c49f647e955a8c9c9876da
commit	95c6c96154b60bf4fd01fe48093aeb2430e81ce0	ad4405538419c27efcd79f4bc1e62feba473d9d2
commit	95db986bb8d200623aaf6b6fae8ed4ca4cca6e03	f0e960d34c45a0fd8ae8d288f3b128740a8e8064
commit	95e4b77227f3a628ff2911d3a59be9ba66cfae12	623d9b5d75e8e8c3777dfad62ca24a8ee08b153a
commit	96193f5836db6743aedd83377ca4dabbb765f7cc	3a897bff360b47be705b36648764a7f8dad1f843
commit	964f9556e9f7acc35456a80a6e1b3e295a115b46	964f9556e9f7acc35456a80a6e1b3e295a115b46
commit	9666cec525bc2f52d94b0a9c1b2c03cecfa9b3ac	9666cec525bc2f52d94b0a9c1b2c03cecfa9b3ac
commit	96770b6ed0ba38840ab17541999f7eed3749f807	e1196278ee6e6497fd76257b8b61a6a4d40641d9
commit	968ad8164878b2c6c6c610847003809017ed3ccc	346575c0b703b4ec99893f2594cab66b6bde6d36
commit	96c208295adca9a753021b081af85cc230f71a93	ec0611c0d52245841e2708cab959f72de09302f4
commit	96da070cdf7bbf44fbf509ec0ba34dc7c6bcc518	96da070cdf7bbf44fbf509ec0ba34dc7c6bcc518
commit	96dc3a3bd63145f65b21f3ad5cfd9c2cf26185d0	96dc3a3bd63145f65b21f3ad5cfd9c2cf26185d0
commit	96f05b1644d2cbaf9181ea52dd28454766b8bcc1	4ca5c34e2b79a95fad441e5376da01ad1432d589
commit	970c4215b5fc10de789bb12c74a27f44bd3ea112	31655ee82d793ba73f9fd4121e34331a593c9cd1
commit	970df1d7959c9648d3aadce540a48592c0b8fa51	52dbdab35ad885ce1604ea3aadbb99bf77e164d6
commit	97393b2213a9dd6d0fc58a66e4db2c0dae1dc1cc	97393b2213a9dd6d0fc58a66e4db2c0dae1dc1cc
commit	9787a0f8818949d38b590518b7c24a00e02020b3	2e238e64fffeece70594da70a389eaa3643f5064
commit	97b71be25dc7ceb331312919f64104c6248e0ee2	97b71be25dc7ceb331312919f64104c6248e0ee2
commit	97cf7e250696f02570927b103ca24bf5fdf841ca	da6208feb1d095948020b96d60ac38fb0a19a29e
commit	97d5c7501a2103b591ffaead23497e35606e8767	e2ca99a78bca88ad7318b90ff417a5e1c128c452
commit	97e771bbd9e3a486f06ce6ea0fe75cf0830bab7d	97e771bbd9e3a486f06ce6ea0fe75cf0830bab7d
commit	98106872ccafae6ae209c846fcc674653707eb45	52b96188f79e24702dc6bb57280be3f1e1148d5b
commit	9822e4b5b6d859e0b24b815308cf3dd7e797806d	9822e4b5b6d859e0b24b815308cf3dd7e797806d
commit	9858550b84b1c8c81ea01a4e6e6ac8368d2d6460	00d15cc393e7bbb2151c64d51b782f3cd0f78edc
commit	986d7c929d02f4ca96b059f4baed0de09a4f6e7f	986d7c929d02f4ca96b059f4baed0de09a4f6e7f
commit	9884c8fe6d03650c4c411c22829b647c45c18f7e	f409c7aa8a3c7ccde45c5f7cc29cc90748207acf
commit	9890ed59c84cf497fe9a7ab19a657b1c42b08e4c	4ce44286f45d9aed2558ffbba8026e533d4c02cd
commit	98ad0d85aafaa6965d31b0580e6690f6ada40704	b80d78ecad3cf22aafa1407bb89fed41e8e38a76
commit	98e4c32adf7911f2f27f1b22af01bebd33375942	45148b29ec06b6a2373d94f4d9e515c4fea9a5a8
commit	990f222616adc82c9afa7a85a23e66527a18f7ea	8ba9a6f97a4bd140bc78014d46cc60b188ae4e20
commit	9926cd8ff295c4d23fc8f22aa90bff5275b329af	a8f66d56790322fb6bb1294321d2a8f465bd3c2f
commit	99438f4b262b9bbcf12de11dc6e18be5639da885	99438f4b262b9bbcf12de11dc6e18be5639da885
commit	99b2cabe4a27785f9aaa99512dc765a3046a4b63	99b2cabe4a27785f9aaa99512dc765a3046a4b63
commit	9a0c5123127193eed702222da8812b776db981a8	19fe7789ee7214b53ac1d6719cc1588c39b68417
commit	9a13c5deb469215a711659a3995e3e23e366d628	9a13c5deb469215a711659a3995e3e23e366d628
commit	9a2d87c21c6df45df44730650fec98514fb54bd1	9a2d87c21c6df45df44730650fec98514fb54bd1
commit	9a6bffb11f2fd2ad020d012c9634a469e37747ff	cf2fb6bfcb8af4b7d3ecbc26db46d9f89d9052e3
commit	9a7f7c48cc86fe23ef910a2098bc58fa5ce3b6f5	1971bcd81e872ad3fe5e023ea1238b8152e94fda
commit	9a836fddb9a1f7262616dbaafa31547a875ee5dc	2acead9a98728e45b7fc4f5c90b79f7b538f0750
commit	9a9af340c9df66fe59414ec3fdff3d588c154ffd	1e5c1fa299b7d6536ff270dbc838b04493b25fe5
commit	9a9b238dabc18e80c8a44c92ba992f1181972dd5	9a9b238dabc18e80c8a44c92ba992f1181972dd5
commit	9aa08755eabaddb16db1fb01f94c4295594c8007	048bc9a4bd509f37f8408263acaf427a824499b6
commit	9aeae46b41851a00848077cee5e7ab2f47a63fce	b0cab1a4bb9e995ba55eec55695a7a9160671ea3
commit	9b1a270b73ac289cfb4745a64e8c392a8e34ac2f	60519d582a3639902d35429246c4988a861f299c
commit	9b3f3eed0b0016831f58222c6bf3f1d70507b01b	9b3f3eed0b0016831f58222c6bf3f1d70507b01b
commit	9b5ca5f2d9f1ba529e0282aced280d9d64a658ff	9b5ca5f2d9f1ba529e0282aced280d9d64a658ff
commit	9b6108d71d58c0ce0127513192e364500e6c2ab9	58d18fd75e4443d783d28dc28937540a4dd385e1
commit	9b702c5add1d4e6b733d90e9df0e62a0f2629dfc	84ea1c25c6a1495474bb6b2436b0097ab631571f
commit	9b7944da61ff2837eb8e6ccb5d8b4ffedda6fff6	7942cc44cc6d3950a235b2b4715c8917fa412ca8
commit	9b8fc7e58c89c562a3f9b6adf00f69c811a9c734	9e4c9b26b4a289037a626caa9eafa471da33d6dd
commit	9b96f64cbf85397e2ac94a0abea006379144eea7	9b96f64cbf85397e2ac94a0abea006379144eea7
commit	9ba4e441ffa34523d9fa7bfd22a28c391f8af7f0	5aa66930b46052cf731e4c881ffea075b9451c52
commit	9bb85c5e41fdcb42f2d459497bcd30ef5ef55243	1153c592be51e0979afe0c32b3f5c8666a80aae7
commit	9bcaa316fb48a0cb5f653cbffddae73e3fb2864d	2c3985473bc9ccaeb12a2ce7f0411f378696efd2
commit	9bfac122629bf8699d1c3fb4a230c14fa65b04cd	9bfac122629bf8699d1c3fb4a230c14fa65b04cd
commit	9c1d95027112cff1e36748e3dfc34829a06745ea	9c1d95027112cff1e36748e3dfc34829a06745ea
commit	9c263cabe3f0ebccefe32ac98a4f5b0e66b41918	9c263cabe3f0ebccefe32ac98a4f5b0e66b41918
commit	9c2dbb486d82dd2920b47623c58ee783f251783d	27fcbfa758534247f35cf6cc5d3184bfb26f0d13
commit	9c4f8446f707e6e7a9ccd447223831d780adced3	66b1d4e63568e9a98cd4417641f08a764c36d2f7
commit	9c6656fda9fbca31805d8a0aedaa2c7bdf8e5b6c	f3124ba08e47ac6a69cb0a87d4958b9948ac071b
commit	9c6e9e2e129f77905c4c5518c6090cb37869dca8	9c6e9e2e129f77905c4c5518c6090cb37869dca8
commit	9c9eac488dad02084ed44b849c85d4d36a1da0e8	6c9390218d6077115c27d3c90c049c8ed5753fdb
commit	9cd082901972e769cbb414871dd16784828971d6	9cd082901972e769cbb414871dd16784828971d6
commit	9ce1f6886b1ee72b589638b5892b921255672ddd	1cd51d7aaca9e1bd56a61581f6508068b23d49a7
commit	9ce744ae00e3c4e5f185cb15e312ad6c19b71b0a	6a0c7350cb60971c38cbd2cce54532815c7ac278
commit	9d3c66b5a380f61d7fd1c82adbbf2bddff9cc359	9d3c66b5a380f61d7fd1c82adbbf2bddff9cc359
commit	9d4253918d377ba46c989cce3f586f134324007a	9d4253918d377ba46c989cce3f586f134324007a
commit	9d4c49b79255e30edacb89ac7a87e9cd8fb5438f	9d4c49b79255e30edacb89ac7a87e9cd8fb5438f
commit	9d536639a296697fcf2ff4e61919ebfaa306df37	9d536639a296697fcf2ff4e61919ebfaa306df37
commit	9d640855d7e07b2b629a3475aedb9fc436d67530	9d640855d7e07b2b629a3475aedb9fc436d67530
commit	9d6f4fa31c17699804102cb02c8b9243e7721981	9d6f4fa31c17699804102cb02c8b9243e7721981
commit	9d736e1d785503b24a32203c833b520b628c50cc	b6bc2debf9e4e1cda81305ef409e8e992a5dcd02
commit	9d7ba26b982e76f7a94ec64951eb323b58e4e359	b77189390e21bdafa03696e281e8d1e793ab2d32
commit	9d851001714326f795c5d3f1da0d8906eee738a0	9a4024c8e6be748fb98e3f7509e7c2b194a3a100
commit	9da97e30003c5a2031f52fada60588d4f16ef538	121368824a4c53f51881bc9581ab1c2b39cd2230
commit	9dc1c10a38028e92cdedcef279f43ffc919042e3	8eaf0afcb153a57ffc6b6026f9858f1cd103b7b7
commit	9dd6f779b18acec8c9776e56a1b0a13bd509b91f	baadeb4e0ff2620bff1e8b25bcf12c1262802f75
commit	9e0db075d145ad64d8d4da80125748683014df60	451511cb727dce186127371e2b1f9cc12fd92214
commit	9e2f465bf4614c5cd6e0ad03f39e47f2a4fe5708	12085c76f71bffbdee045ef15dea41db68491b9b
commit	9e4a5d64106189ec104f754e9efe6d9017677f7c	9e4a5d64106189ec104f754e9efe6d9017677f7c
commit	9e6b2c8da2f3539ad499c5fa1a819223c3e0f86a	9e6b2c8da2f3539ad499c5fa1a819223c3e0f86a
commit	9e7feac8351853633f48e8e6b2d054002cbceefe	178d6ca0c0a5df12ffdcb9b1d0f344bbba7313ca
commit	9e8bf368749b1b2c4d5cf5b7450091f95f511879	02cba82c1a6741698478d61d7e7b5d4743387124
commit	9eab581de314c0cc96024d0ab5693ae6ee8487c7	4e0db56dc45a5efac38ebd3706ad3c505e710e05
commit	9ee1694c65a74b3eebdc009433abf4c845026f8c	9ee1694c65a74b3eebdc009433abf4c845026f8c
commit	9f312bf33ba974fa4d47bec16eaf3d8cdc3b6205	76c368f5058dd804d9aa4a3f27bae1bbfc92777a
commit	9f32b124715d5d444b1dcff29602dedaa6b48c22	9f32b124715d5d444b1dcff29602dedaa6b48c22
commit	9f88f8c40b22265a5130cb88fadd7289dedceac7	be3568faa365f0ce846e0b19269767cd390dad01
commit	9f90bebe6a94aec2cc5f977cc0139832920bf1f9	9f90bebe6a94aec2cc5f977cc0139832920bf1f9
commit	9f9d00c87e857bae6c101030a56417c6b3762e41	1832238ff684a06851a148c2ee2ffac1eac53aee
commit	9fad1f4db5e61315fae22c400f1cf455d1ea322e	9fad1f4db5e61315fae22c400f1cf455d1ea322e
commit	9fbf865f0014764aac8f530aa473c89c1a664af4	9fbf865f0014764aac8f530aa473c89c1a664af4
commit	9fddb96c2c5c771e9116864a6c0531cd6ad91ae7	f3f3ec2067388e9b7ad79d6ec997bef0ab4e9c29
commit	9fed3d37791c7bdd972840e769a6d9a2fd4a62a6	833ec5686b989f2b000d8fab284c359068d2a2b7
commit	a00956c7d85b56e132fc96f5dedf63e64f2314fc	a00956c7d85b56e132fc96f5dedf63e64f2314fc
commit	a01d4f58d3eea8b363173545e9a699ae72cfce1b	07f26f6534be0f03685615c8d98135721f5c8a61
commit	a0679624eb182c2dc816942f4aaa43823d0b47ce	e49c8e36979d522a16855a29a01b571ff3487e5a
commit	a06f4575aa0ee85558ac73ced2d548e3ea36a883	a06f4575aa0ee85558ac73ced2d548e3ea36a883
commit	a0822869bc5973cc4382f97fd8b113dc66fe3fe9	22fd2e38061ad71222c047d78d1d3e47c635e7f6
commit	a0a10192c6f4a0a466d934f9e4436ccded3ba4d9	f53ecc26b34c113707ae1e4c44bd0d6ca68eea1e
commit	a0b382ccb799304e362bc238c3dd959ca45617da	a0b382ccb799304e362bc238c3dd959ca45617da
commit	a0e53acce5313198359a12b526c8a647042430e1	a0e53acce5313198359a12b526c8a647042430e1
commit	a101cdf68444b99a96c544ce870f8dc4c7f7522d	30776a6482a83e758d3b851bfccd329e51115db2
commit	a13d5e00f4e678bf3e2c7b738b0a8e1655419cc0	a13d5e00f4e678bf3e2c7b738b0a8e1655419cc0
commit	a15515c111caa8223636b779e7fedf42b79d14d7	30d7a38c9792825386c8bf4e66097af27f3faef5
commit	a16356f834a7b29a8b79458a7c8acf98310315fa	94cd8ce575de535192bc849978ae1524a1c98e8c
commit	a1663d3be715796ee6a35184cf2fab2b1dce204e	6812136a1cb571cb3052ffe047b23ea3fa7b7880
commit	a1857e906a7ffc2bc0b00b87239d65500baecf49	9a5cb88bc92d7f8c292ab3392bea8955b09211bb
commit	a18702f6b3cbba82efa1d70813d6c6e593cdf727	a18702f6b3cbba82efa1d70813d6c6e593cdf727
commit	a191a996e871f8ead5c4233d51375b83fce8888c	a191a996e871f8ead5c4233d51375b83fce8888c
commit	a19846781f1aa652267d6c6ec71ba6031c6fdf09	330e15d962cfe3dc1adf5a4b4d3b0400b9c7c9ff
commit	a1a49b54f0574bdb741a1bc91b57e52a10da151b	dc75477b6065264d9709662b2444700125fd0abe
commit	a1ace71f04e392b74f0378c2a0d87f5ffeac91b2	1832238ff684a06851a148c2ee2ffac1eac53aee
commit	a1fcb8c0074b8b0fbe4cee0c99a9da62fe4c3877	181ba6417297a5f5d22effbb81fee69f4c04bffb
commit	a20c18376307ce85e24a5d73c15706755f8b9e28	1de28d554a2514ffd26db10104010d9c92fcc8d8
commit	a21399e997be5a75ab9aaf2a8c6866061d00600e	a21399e997be5a75ab9aaf2a8c6866061d00600e
commit	a21679b7bf22c5e71f83bbd1fb7e4cd3cfaa3e1a	a21679b7bf22c5e71f83bbd1fb7e4cd3cfaa3e1a
commit	a216b82c7d8497c3b331a30918a363544b2425f7	4981b33c94f6606ddf01c189e7c9c346f0157764
commit	a23ed7d7df633c97c5db1e7340f550afdb09d17b	55bf71e560c72d4b90fc6c8fda7e01cb8001707d
commit	a24682c836adf4054a4fbe0b50dbb11469393e43	201bcbe6002e51f5c33225434d2942e97d04dc5f
commit	a262b413ef0880c6618682a564db7b4418c5cd72	ff18e53535c37ac50434a4bbe4ac4b8c8e81166a
commit	a29466f2102acd89219f6ecbf8e08bc5e21e4e73	a29466f2102acd89219f6ecbf8e08bc5e21e4e73
commit	a2b1f8c0834efc1ef02dc5cf278be6b1fbe79d03	d7c89fcdbacc0cd8b2e261c54198ca83c8b1de52
commit	a2ba172d4b58bc553acce71c882fca9e236c5720	524976534fabb6ca247669a07aeab3a300118f86
commit	a2dc119bb821e8302c92434bc2fd69dc0015f8f4	9b6ebcaa30083bcb4116249b5821cba7bb00125f
commit	a2e7a1ef60224f31464bd3f61300bb79cada9404	e5eb091ea46172536ecceec61f1f2d767de7c650
commit	a30f0667011d4f254b50155b55154d780520ee43	6a17c9b1430dc84edca19dc4c5e72801e3eb0845
commit	a32f86b28c98b5181cb9feea85fb0067aa50fabe	a32f86b28c98b5181cb9feea85fb0067aa50fabe
commit	a33ebe31680bdeeb6f51ca655507879d1b8fa1cc	7e7a9e973959981c8da5d571f28fa330206f34be
commit	a38973712e377db3baa7db6eff91029b71701ad7	a38973712e377db3baa7db6eff91029b71701ad7
commit	a3c7f023bb6d0e4f0ad6be62850f200df33d1ca0	2c4f2e0c6e4f51b9bfe20a3bb781a8d2568a72fe
commit	a3d968270c10bd132ac1f4a7c8b1740273caf6bc	6d3f3a33a6c61964e1893d29eaf1befeda2d4978
commit	a3de05fe321e04cbd126db353c84334b56fca534	1665e8292f5005cdec786383662ce5962fde4512
commit	a3e9416063e232113a5426c6b792356dc9882ad4	a3e9416063e232113a5426c6b792356dc9882ad4
commit	a40ddcd220e0fe0bcfdb0b1a0571a3afcb7f0517	e090cbace1e1d806bca99e3f7fe164895ff3dfe1
commit	a42ea00b699992bf68dabdbdf9dccb58a7b5626a	a42ea00b699992bf68dabdbdf9dccb58a7b5626a
commit	a446a219c9c00355997410ae78f585ffb29f24eb	53cc2731360e68dcfa234bffbb281ef3f63fad48
commit	a455e3d3def6fd69275e6aa912a2736cfef69ca5	3b600730c53c3d73f3b4491d634adae1a0fcf55b
commit	a48dbba17c1d8006209edb9ce00e85099e9eb5c3	a48dbba17c1d8006209edb9ce00e85099e9eb5c3
commit	a4b86bbc26c2212d1d908ee4a9be775bf6ebd770	f963b6f6c224aeb01f2bd1970c47ea9d23293687
commit	a50315a61b4899b6e90c450df59850b04c1f3e03	4c9cc658337cbb4fe5150ada9a239e7128d36589
commit	a50a933c7763d06d30faefb181ac37b655461658	4612a632448f6e14187c9d0e0fe86ec5494b30bb
commit	a5156624364fa3aa7ffc5913d63b2235a15965f3	a5156624364fa3aa7ffc5913d63b2235a15965f3
commit	a51fd732f073e440a147229a69c02c5af704b2bf	a51fd732f073e440a147229a69c02c5af704b2bf
commit	a54b5316ac662fb89bfc2730e92bd937dbdd9778	dccd245e39b766f8b86e7976a098a6d83a2da05c
commit	a55e85743e8f60d2a8783e7747f9262571bca1a3	42e2d3a1d35af62fe0e4e13e286db6dbb7b8edeb
commit	a56199ffe602e3978315137af8f33f2fa2451522	bc62dda25ec13edb019a4f84a902a59ed7427809
commit	a567e92521924a2a5c8c23037495749cf23da305	a567e92521924a2a5c8c23037495749cf23da305
commit	a57eb21cad6921f9ac563aa87632f0c4d7d87871	dbb6ac739a783e6ae3fbf2ac15f3a993c4715b8a
commit	a5a0cf001227bcb3f8c10b98083b3f55193c4b38	942c9819c25ccaa35d66cd756f7e52ec70599d1d
commit	a5b627a2181ab7b10f71ddfac95ca192dc068624	23175f9a0194d170318a7822a65a7b5861fa2e4f
commit	a5d917328a20876480176b31a3e564750148904c	a5d917328a20876480176b31a3e564750148904c
commit	a5d95fd2a763bb29e122a320ca1fc20133b681fe	a5d95fd2a763bb29e122a320ca1fc20133b681fe
commit	a6039ce571b48bdd11930cbc1dddd69a316d31bc	18edcb276ef61b5ce956beb5350e84b66c1b9918
commit	a62a9d5ba6dedc496eaaead5c5f09a5210c5ca34	47b935b33a38be76e86d4d3d77aeed85b7455f8b
commit	a62bbc46d5d11ac0a0ea84f11d40b73f9ba3da98	d40afebf6aa14eb0df78aa16d871fe1ae0d30eb8
commit	a641ada10b1023ebab2ab21b1e15a4b79e4cdfc8	3e2b0f70b7e96370505f6d41afed894db27643b1
commit	a64ccdba7eeb8e4e831f6ebe94f0d5f35a7e45c6	5cff2a3e31a9b78f21df09a02e0c55f6836d59b4
commit	a66a030c61bee045e58a72b7d71fc7f8b086ea24	b50774f1733d2524ec256e37db41601e4e105b95
commit	a66b5d571734bd4fb2f454f26cc67ae8ee42000f	a66b5d571734bd4fb2f454f26cc67ae8ee42000f
commit	a67137f6fd8a9fa021c68dd60c82a26e0d632bf8	22f83d179abe79d78ac9629653c771f1795a2fe8
commit	a6b67f949d448d107fdeb40d1f4ca9fc0567e857	30be75de9c7be2924bf1d527bd0876192221fc8e
commit	a6fc355887a8bbf3f14d5391968ee2d94f3932b1	c2ea9bd1455cdc91dcf5b3749fcc3e59cc918819
commit	a71b4759a98638568aa14fff6aca2fce4c24c586	0dfc4a0953306070a6c155642d0d1b5a829f4bd6
commit	a7292ba42bcb76fb9dea2d6c0050ec87efb2ba52	b17c89611bd99a32aa01d9fafff6f6484b56af3a
commit	a7539cb4a29a2d2b4280bfd8b97df5f87fd7b77e	a7539cb4a29a2d2b4280bfd8b97df5f87fd7b77e
commit	a7a251cce1fd9e8c3232e4e87fe41852c79d8e3a	d1cf1d71dd20ee1321a5bbcdccf824708e523b9f
commit	a7a9eae46ffbbd9e67277e22f7937412ecefe726	e01cd8e2de48b3c930dcfeed4df60bb16431e263
commit	a7e7df1d3e4cc6990dc0dc95258cf00364a7420e	d064b98dada03ffd059832ac839152175cf1c002
commit	a7e99499cdc9c7b0b0c4b882a61fa07235497d12	65d711b7a6fc61813d08c6c8b005c7428060b71d
commit	a7ef0b10294cf06a82cb2a614fb422592cc60412	2ab0f041578dc71d521134ae80c0f9c1dd845c24
commit	a7f62148a51d9499c3929c2326d11d10f0c0c269	c8a90481914a9912816a782caba3b05463f86d7d
commit	a801e798bf2ad512e7a78b4131a5650eadf08e2d	32ffc71e459ff0ba437f23495782e2593caccc72
commit	a822b463141db361c4583db3372a306086f4ed0b	a822b463141db361c4583db3372a306086f4ed0b
commit	a842758b9424c18d9206d2b476e775a346aa8f02	83d60072eeb8e0b392503c0a1d7024540d7781a7
commit	a849b5372bc0db69d424ac318657e27598df1d02	a849b5372bc0db69d424ac318657e27598df1d02
commit	a8925a3e6d4b89f8237e8512e567fe685cce206b	a8925a3e6d4b89f8237e8512e567fe685cce206b
commit	a89391fd8818ac5c93103dc29eeedc2a7c8bdd88	d73db55d97c30f011a952a013f5bd6324fbf4c55
commit	a8aeac9aea19e297d532c082e03a7625e878082b	b9cf52b052b1654f5f303051a6003403d70111c2
commit	a8dbf7cfd81cb8986a86681695f342ec3c5af8e3	0d90c7e2f416ff99343c461f7137aa0c7c268010
commit	a8ec3eb391607bca3e61e6c74d665e0f28cae4c1	0094efc4b72a9488788ebbe2f2b5f38d1260a5c2
commit	a8f1b9273b20ce3346eeeca3ca736cbd66489abb	a8f1b9273b20ce3346eeeca3ca736cbd66489abb
commit	a92abf20822674d445361e8ab40e39fdfa9ac704	a92abf20822674d445361e8ab40e39fdfa9ac704
commit	a947468f58d913aff79503ed4321c89cecf4c3b6	b364ede97c3b25da151b1cf8159e9b6d75955feb
commit	a962ddc31f71ec10bf712fa48a667e2156ddf73e	a962ddc31f71ec10bf712fa48a667e2156ddf73e
commit	a964adece33243ae75e8ba34a1e81e3b37aae4bc	738452f663faae9120287e4feafa14353046d53c
commit	a981846d99a6bf2efb63f8efe72f8551692d4947	a1f739945d45e99f0c8ab7d181900f8995c3bc19
commit	a995fc891771310f51c63e10c3ca9ceeabc3e183	150b70d4533986288268e99a47284eac9d5cd06a
commit	a9b5ea8e5f3af31f9603c8ad1d84aedef2e52a6e	a9b5ea8e5f3af31f9603c8ad1d84aedef2e52a6e
commit	a9dc38177426fd36a313b1a7786567e7043a921d	2fa3dbf6e77ecdf433e90ac1226e2abaf0f7dff5
commit	a9e53eaa25a884da094b403de28987c02bbf94ad	2602e34bb39ba63c627208b96a37799e11fcbd7e
commit	a9f055e532a81a8dd71350ab0d72f2b38a619dce	30625962be57c0f61cd120cc7ec47e4e7d729da5
commit	a9fe5f115641a716e60245b65a1cf134e9512732	a9fe5f115641a716e60245b65a1cf134e9512732
commit	aa0ef7c2d463f64d40b21024b2bfe2db1c26778e	a70eb76364b0b37413ff2397e39d37f907c73ecd
commit	aa628b096e17d2e86ac517f423404cc97f6d6d5e	aa628b096e17d2e86ac517f423404cc97f6d6d5e
commit	aa6d85fa24dce8a83cd163226062400cc86b1df3	aa6d85fa24dce8a83cd163226062400cc86b1df3
commit	aa8e051d5f1a9204c4a7de488b46563238827683	aa8e051d5f1a9204c4a7de488b46563238827683
commit	aa8f06176e31add86c33e77acb4a7bcf73ab75d7	599da911987475516e1999616f1aec162e05555a
commit	aa900c162e2e438d2916655514b094afe576dea9	ebba678ab93075c7df402d06b726a9d0b51fc32a
commit	aac3ef13b7cfa63d7feca18f20265970b55300b0	aac3ef13b7cfa63d7feca18f20265970b55300b0
commit	aaca0d472658476e1534826f85cf81e9db07ab39	abdc069c90f4f3475ccb6c2404221622902a1c8b
commit	aacce4dcc9af715ba6a6b4a6f817ad420c557ca2	7f6f7fa92df36819f8931580deca6c4ef5dc1700
commit	aaebbe66652ada6845f7f02d1563a27aa1b33db4	c67c652605e6046952c295872844782ef56e45a6
commit	ab0543c84f19989c333eab55faec2106691442df	ab0543c84f19989c333eab55faec2106691442df
commit	ab08d0b22907662cd1dee0feb36b814e9feb5f8e	ab08d0b22907662cd1dee0feb36b814e9feb5f8e
commit	ab09af333a2adc4882e61026375327939f6fd3fc	8206a81c8a5a4f2116246a0c1d124d9670269136
commit	ab2d06cb34dd8095992b9718646c7bedae288525	198e54b4706826f9f89e6acda18a360b6f443d2d
commit	ab6dd5c2f29cfe6b6e39a841ccceba3865c1d9f8	b696416ddf010e1684bc663dfa38c60bee7ad43a
commit	ab700592c431f543bdb283db1c837cea9eaae4c4	3b0d06c356544477c692705dd66565fb98b97c7f
commit	ab7525cdceff3d83d568955370e138152c0776eb	aa785741c9041514dd93b5f69622418ea590a8cc
commit	ab83c121492e33d2479c9f148dd26753cfcfc12d	6f9a7d51136de463d16c357497ad5d659039fff0
commit	ab8e9e99375cc149602a675347a26a1d2bf0b6f6	1665e8292f5005cdec786383662ce5962fde4512
commit	aba0c5759f802fb5d2ca41da0ba7e5364fa1ba67	aba0c5759f802fb5d2ca41da0ba7e5364fa1ba67
commit	abc43b8b78d7f0e3a86de4a20ddf085e22ef7bae	abc43b8b78d7f0e3a86de4a20ddf085e22ef7bae
commit	abd308f5c1a391b654ae6fbb21ebead610962cc8	abd308f5c1a391b654ae6fbb21ebead610962cc8
commit	abd31d79938eaaa3c94c765a78025dc82e01b4d2	a258d104dcd5a16226f8d3ccdaa021fb13092b0c
commit	ac3db4f03d268b6b9cdde3064f0a97e5aebb98a5	4b49ee90f180da42012366a1e2c46338e6a1d3d4
commit	ac416ba167201dbaf54805aee233fbfac8217fa4	ac416ba167201dbaf54805aee233fbfac8217fa4
commit	ac633dedfb96b0f2335e67d8b1e1f9c967e22f7b	070f4d2280d6ad8069349b7691d18a6ce590c01d
commit	ac6553aa98787e9563b98b0a22995595ad848789	891bbede499103ae9189bbf9014604cf20207bc8
commit	ac760789623074d1429e2f2083ad5dd9c820cd8d	c445a183cf19fcc18fefd4f8703e2ec4f8fb51ed
commit	ac8c6753e2eff9aeb1b06e1602aab724267921bc	223e35a87550aa108e6454536b278458bb1fb957
commit	ac924abe8851b10addbb98bf2aa2adf7c9f2f309	125aefda7bb754189af3db05f0d0eb426dba696f
commit	ac983a9186ec293c8c6c060cd371037419a7c387	ac983a9186ec293c8c6c060cd371037419a7c387
commit	acc2b4bd8f8830a7bdbcb683ba0a462e3f99b9fd	a3672a552f9230f3bdbb89b9922e4164de9a2ff9
commit	acccde132f19114323c0c6f44464e64281150ca5	77082ba78f1e2f323bef6bfec740133563b6bb48
commit	acd0096f70099815874b7cb16fe437a06ff12c05	357b3ba617beab5610892936ca408d74a753460d
commit	ad0738b9ef5f6632010f0c59d7a19d6ef8f2865a	72c4f3122687bc9124faf298277fc87e2d12b39f
commit	ad1385bfdfc1125f21171eb2c0f822853e32111a	ad1385bfdfc1125f21171eb2c0f822853e32111a
commit	ad375bfd6fa3f7ba632e1a1ddfa458d0a471e468	296aded3f3bd228093f6fd2f6c957ed38821f000
commit	ada1185798cdce42fac9aab84b3c64f682891f0f	ada1185798cdce42fac9aab84b3c64f682891f0f
commit	adaab6fb034c21107a4a078e581823a71f390a7e	adaab6fb034c21107a4a078e581823a71f390a7e
commit	adcdea7caeb8701d77016632cb5c52a5479d8ced	cced2b48b154bae2f139b3464fbc1dd359ebe7cc
commit	add39a71122b8ddf6cce96fefa652405c38dfac3	6d6061196a7063d1cda98dd25d9c5db6aa0096a2
commit	addecdf32d3188610bf5a4fbd07f3d30c1b9557e	e0ac49453a940b7b750c822866a936c552c3b11d
commit	ade0b0f5c30f7bf7a8e7352c69a9625e4ad6cdcc	5815afc77f875472ebaf6469bd558041073bc311
commit	adeffcb970502de94cf02099b5521f7bab5ed575	2dad6aff860ee180e075bd5b92a08419781641fe
commit	adf7df6440d86b25b2303065ae7eb43897ad3981	f15f0450176451c074d98828d366c5d6ebbc7c4e
commit	ae03d5e16fd2d614fdada9f5bf1d3585cfbb1c56	95289405dfa7f86107ddb7770b5569d2491cedfb
commit	ae36b2719e8980763ae9fc1e207ab6fad55c00f3	9e183127be26e42d6fd5b36d63e8e49f513826de
commit	aea342080c34933245b3ff9cb329892a2d8d023f	bd7b7a80fc7a21db5f09ce57cb0e1646ce1bb5af
commit	aec030ff41d4cd48e38ad4d0a538efb3d5087ea1	8d1c3ac29660187425f8a60c7ef4a534c17fb8b0
commit	aef219aaaa770b5502e2c4eae2d6da793b30dc58	aef219aaaa770b5502e2c4eae2d6da793b30dc58
commit	af0644435b2e5676291f2ac8d94fd263100f8ef7	10e16f0849fa589d273181db1a3546b51226d060
commit	af0809a04c2b58630cebd20c060855fa95c15031	99bc61e6c16e73db9eda6a399a700a91490eedbb
commit	af735a0ad7a65cd4f1b132486fab97b0db922bdd	5faecc5660a5e834e6384be2c418fd43e962b150
commit	af8da5bce4720f465a6938f4de0568318bab5fae	88df9c49bf6d7755ac05399186acc19f0d49812d
commit	afcb36aab29188d2691bde9b8afa355e39cdb5a1	afcb36aab29188d2691bde9b8afa355e39cdb5a1
commit	afd794c6439bb836953dd7623e96aeeb524d1395	afd794c6439bb836953dd7623e96aeeb524d1395
commit	afee1ce7f9144427ae5a55a3698a6fa64b617a56	40538662998d88f37d53bf403206fc114e845c7e
commit	affa9db7181df8c7306fa592da0456c40f071c30	767632adcc8d8b8c3b65aa20dc7a441f6dde2c55
commit	b025ee4b3536bb1ad269392da833c8985ee8ef3e	0ccd83c62727e58c4b32159fe10b4ec1024c6b70
commit	b02866fd91631f8919734c7d48453b5abf6dd270	b02866fd91631f8919734c7d48453b5abf6dd270
commit	b02a2d312801553f708ede322fc6d27f3ca66808	69e441080972a7cd47240a13a69faf60c88964b7
commit	b034a5378bc54294a19cc7efb3bc0ca6cf3a6bc7	ec0611c0d52245841e2708cab959f72de09302f4
commit	b0359ff0235192c0ad711c6f0ffbdf43381a304d	0f367e827dc46d1561dcb1a82d1ad30b2d196f25
commit	b042e4d5f02ccfb94b07d4a48a690ff2f09ca812	b042e4d5f02ccfb94b07d4a48a690ff2f09ca812
commit	b04905e3fb09403701ce156ea2871b34fa29c5b0	01d0926ee66611c4fa543a547c9216ebb11cb6f5
commit	b06f3027162e8f3463bbf6897c8acb2b4b70d0fe	3c95e961e916dd075abc6fd0f04d9ddaf6048572
commit	b0aeeefc109b2e08a14d00da16633869c8e0e484	6e9f8b4f9959496328202c6132e4cdeb1037ce5d
commit	b0c95ae4962cb80684faf5aacc66feed2b0532ff	7caf58cba8a0521e73ee7de1bef2998db1b07347
commit	b0cbb897c82742b58180b59300f153d7fa955ca5	0aa27bcf452597bcc78571f32e1e5ad966d1edb4
commit	b0f95cf90e08b7b6d0617b91843ad98bbef2e0d0	15f836d2a151401c5391a44c79c187231e2148fc
commit	b10b267b8742ded2f40531cb32ad92b7071c6be7	4e6d59b62ebb15096e18b48721c340b7ca0ec6e4
commit	b133a3e27d9da94eae799075858766368476f8f1	b133a3e27d9da94eae799075858766368476f8f1
commit	b198ffdef970037a5dc83d27862b957c2ad12555	b198ffdef970037a5dc83d27862b957c2ad12555
commit	b1bb28b5efbe80daad3a1182e4d96029de010159	c28faaf047e1ead227f8d0b6e81c140faa4e5eef
commit	b1e15d4b6d587f6ab64963702014838030f37058	1d37e7714b759ac3e45ecb5d65971eeb9d6a31b9
commit	b20e8c25a98254b09416b40f958b329c5dba1758	b20e8c25a98254b09416b40f958b329c5dba1758
commit	b2156537347cc1d8aa1ca2530f77d6c171ab3707	be4a0629f15f59d0415b8383cb48522ef4452bbe
commit	b244d80152b22ea00c5341097780c3a32fb5701c	ba1473a2e242236e4598b0acaa5a354af30d070a
commit	b256ef637278300a720371c00337665d4ecc6f1f	b256ef637278300a720371c00337665d4ecc6f1f
commit	b26998a83ec3f24b5dfbd36071abc7aa313be330	b26998a83ec3f24b5dfbd36071abc7aa313be330
commit	b2a1b26a4fd5f058d91d101e279ad9ca4392340d	4f9ec1b765a93a3a7b6d0c9da01dffcdab39db24
commit	b2a95520c8ee2d0ede52eebd43befbda61c6c65e	b2a95520c8ee2d0ede52eebd43befbda61c6c65e
commit	b2d2dc8f318cf66893b9d17b76e1784934e51627	43dbef63900ecedb04fcdaeb372a47c09c08293c
commit	b2ec17ea1d8605caf4c566c6a97f27727377a52e	22bcfadc50e3ce7d42df47ba3c660b878b839949
commit	b32ba2b923700b592877af1e2975fcac3347ccde	b32ba2b923700b592877af1e2975fcac3347ccde
commit	b3387082e127111b5a649d35a96cd7f990145386	e987e9c6574e947286573a6fd85bfe00b63b3586
commit	b33ae7aa633a0c5063097da4d2ac551bb5c4cbbc	d3d19c62676eef529dd9d14e8722999ee7d8f249
commit	b34367255a5fc0a4bd162aa6d0edecf10421584a	2c8a854494be19483a95f3c7e5f3593fa37c72cf
commit	b3595c4c3cf68b0e831af8da67ddb02962b35033	b3595c4c3cf68b0e831af8da67ddb02962b35033
commit	b36ddadf5ec482f1a3ddf81fedb080d5ab7658b5	8d0d2b18fd7eb2bebea240d85f727e738259b8ce
commit	b36ecc1c387734ca63a028eee2b2085290d3ad47	b4b52ff47ac46fb813fd98e01c60266cb58322ad
commit	b385f798bc1f0c210b092a986048ccaf9bb0690d	d8340e08c1e4b07e03119b9cd181e06a2ef8fcbc
commit	b3a8ffa1a3532d7e0675049306cdfcd237019a22	ffdd3d9481d105df9358f66132a6b2fbfc781380
commit	b3b285b8e803796c315a2ae8bfa2b6c34ef25878	4137abe7da27484f88cae39882b334036d21f851
commit	b3be79f006825a51fe52c361e69cb0de139f24bc	25a23a419380e4fed9d488021c3be94183d09e09
commit	b3c063802c3c187cdfab0c0e6bcb6c32926a3b7d	5bcd42314e91f9d875385d0288f4d6f31708e4bb
commit	b3f5d4294e070607fab4c45e31397b5853bcbb5b	b3f5d4294e070607fab4c45e31397b5853bcbb5b
commit	b3f76527aa891d189a85a5e880abfcbd52b94716	90355774b0f4b26391f4cba54bbfdae05ce53143
commit	b40044362ca263f5f466369fbf655c1c1f74ab3b	2e9cb4ec2e311973fbc9e094081812d5bd72c1c6
commit	b410ad05021d8c7d8447a200ac973c6dd36de24b	b410ad05021d8c7d8447a200ac973c6dd36de24b
commit	b4755d79e4f9cdfc1a0fa0d13519cb6bd493c9af	6726eb2839d4ed823f314d5a35da87f5b5834de9
commit	b47bfabb754f6eb3919017ad634dd0e1a6bdca5b	f024646b3bc97fe8575a0c43d501df77a1d8dd1d
commit	b4855cc32bc13911907096d2641521b75112c868	2776f719bef033392b3594abf97245ab7d110e94
commit	b4961526164af965121b9101840cc0dd9c8c4722	e22c51728ee8b554ab566da642e415f526f3610d
commit	b4a367840043ad9843b0d485219b0e7aeffecc58	b4a367840043ad9843b0d485219b0e7aeffecc58
commit	b4e1068566b32142c245c6e8d880a4190fdb2065	27fcbfa758534247f35cf6cc5d3184bfb26f0d13
commit	b4e63b785a2e942c0b395450cf3f194049a55d7c	4569ab37fa843f37282fc12ded451174e0e2386a
commit	b50a765a0b411899affe39b0896e692941e25f9a	b50a765a0b411899affe39b0896e692941e25f9a
commit	b5148b7d66a0ba177e1b72bd4cbb26319e8f4397	aae6013f0dba503dbd4908315267a9179f3124f4
commit	b514b2847f2e11508c1d6c631af7104813260ed7	fc1f02b0ed643a8f71321147cef6e6543480fdf5
commit	b531454d2611d4e90a4a3f6376d7bf826ff9e277	b531454d2611d4e90a4a3f6376d7bf826ff9e277
commit	b547e17d295c40c1b78f1233dd9ba6419dfa9cb9	180cabc96d6c470f4b77766f86f44ba13959228f
commit	b56d63071ad829edf5e033c324bcf550897be9a5	b56d63071ad829edf5e033c324bcf550897be9a5
commit	b59864cf6503bb68a935aed6e85255657d55c908	6819d3b3f7855e911f8ac6a6b088d14c929976a3
commit	b5dc9684f8aba5dea3057abfc6bdd3a834f91136	f7e10d94c973d7b8d8c0dbd5a84c760cee043536
commit	b6041d1584e09b10b290e8fd9feffce0ea705254	f43ff73fe32edbf6ebea35f71811a2da9910c4e6
commit	b64618df42a3c035db9be52391d87ce81acb6578	b64618df42a3c035db9be52391d87ce81acb6578
commit	b6486f6966c13f9a438517407d7eca33bef4556f	f35cb3d3689e87b29ac426accf400b47d73f0957
commit	b6a0b47e97dd87aba59e796dbd76bdda5f6a2d4d	7683139c045915f1d94e9be947510533154ebe07
commit	b6a607bf4ae40a7633a907cb9c212017adc189f3	b6a607bf4ae40a7633a907cb9c212017adc189f3
commit	b6c9e2d42cf15547a06bc7ad96b7b33958bdc6f6	47fe5f89107e77d7f2fb31851f84ba14e5738636
commit	b6d68730f6418e6b7198fd4e0836e7a5f6b21508	a89ac473020ceab0de8a0de6c9b96e7f97b059f0
commit	b6efae68601fdbfbcab6f5da9dedeecaa2c0415b	17f2f0efc353104453a31d44439828b7eeea58dd
commit	b70245c0b9c6fd9cca21abd6f449c29a29826bf4	b70245c0b9c6fd9cca21abd6f449c29a29826bf4
commit	b74ce4aff9550f7a69aa679f22dbc541274d3d40	b74ce4aff9550f7a69aa679f22dbc541274d3d40
commit	b7b7b7b68d594c2a6b9931d44630b7cbc2b8d090	a6d44e03cd01e93a4e6c2819be18602b8b9d8084
commit	b7b82b29169c8ec6f75c10f541b98026112baed5	7fdda22e284a7123ad7b009299e9c2573787fd1b
commit	b7e84309599a1bddad904fb89c71109f72df8777	aebbc505ca74612a0e0a73df4de687bd26a8e0d0
commit	b811c3f65a52b27fb1d23e7be74a89749b6322fa	5db9096de075e4cad9333bebb936822a5f841707
commit	b825f82f181aa4c9983deea58daf037370393bc4	d3d19c62676eef529dd9d14e8722999ee7d8f249
commit	b8437cd4e476a61f4d5054e1ff88545a4325b092	207bfc74fefb7fc0fe4342d689a6b3b3219ba8c1
commit	b852d8cffb3f10aa6387170311e6dadc10a3a043	bad91f6d0b91b214833895612243314281eadafc
commit	b8697340a0927679648545ce95413a01dd4e396d	b8697340a0927679648545ce95413a01dd4e396d
commit	b8795b4690c48dbd828fa543b8b2f3aaf042b05a	b692971388f27e46e6448c6d31cf5ed7b7d46490
commit	b881ae51f5deebf1204cd875e45deeccc4ca37b2	680b331fe57a851ad9fe07f6626664612d89c64c
commit	b89da421336aad0f96f6899bdd7b9372ed84ac53	6ba0edf8737da3b42cd34c5d935b4ffd6bfd92a0
commit	b8ac2d167367815e04ea14f1eb74dfde925efdcd	fd612fcf320e524ef68888247941546a995d1bf8
commit	b8b1b06e90006bdfe0430f47e4e77c329775b7bb	3e75561b50b620d5c61ee8e51a1955dc3738bd87
commit	b8c81e29b43dee922d13d088ad01bbbf52880933	4fa921d8ec570eb880781e06622b2befbf116a91
commit	b90c030598c1b003b5108a54049abfc3e293e641	7cd375a75515e3c4312d2a467188a30c0709e8cd
commit	b94378c3fef926871a32ed72d2bd0a36dfaeef08	ee8a1c932c2293ea7e03c2c5e3f31f4f78d9ca4a
commit	b956b9508f9b804d1ab0c1e080e47f2bb6185073	3e75561b50b620d5c61ee8e51a1955dc3738bd87
commit	b9606cce71af7cdb2b06deadb53e269b1b4c9954	fdaf448c41b411ea7c4fafcff2431ad070a8b29f
commit	b97210f7f3940bf7a8490f0b132cc168c97e735e	b97210f7f3940bf7a8490f0b132cc168c97e735e
commit	b995c46dbf03e50505987488db7a6d85c55f4db9	b995c46dbf03e50505987488db7a6d85c55f4db9
commit	b995c5e13767e9780ab98b1adb75750ac45590ce	eca19a756e6585e509efee61dd0d2fc587c14554
commit	b9c44c6164d4758d4f6a9ab59b4909cee0f555eb	33d8cae4266f779e25acf83f21301e000f5fdd7b
commit	b9d4352abea3a2c0bb2f3e660055161abbf52c48	b9d4352abea3a2c0bb2f3e660055161abbf52c48
commit	b9d4984d8bf0e99f3cdb77cdc2b0f8c154ac8ec1	ea2353ec77b36a7c47e1343c2aa71eef92e55366
commit	ba272af2e25c3d519f4e2ca47db04305dbaa0939	ba272af2e25c3d519f4e2ca47db04305dbaa0939
commit	ba443407859c637f3cf0709c9db13bf58826d6b5	ba443407859c637f3cf0709c9db13bf58826d6b5
commit	ba54101b214cbb278cd9eec0d6babc19f01c3ec2	827b32a9eb777ebf786500617ab95c0b4736829b
commit	ba686031b9bd5eb1a41667e72a952ebf2c55d7e0	ba686031b9bd5eb1a41667e72a952ebf2c55d7e0
commit	ba8adc1c32e44ce924a0b499eda19bb5473ce41d	ba8adc1c32e44ce924a0b499eda19bb5473ce41d
commit	ba9d9e67bf2c54171348502eed5eab8b63466378	4137abe7da27484f88cae39882b334036d21f851
commit	bac72d8cf2298f8c7eefd27ade5196da0ad8226b	f714940e3b2b56e000989342727ce73cd5d93e8e
commit	bae6de724f94bb3d02f75baca813687feb679f00	5dbdfc375610c9b195db670f9cb4eebaf9267cae
commit	bb036dbfd35b50890a1c80789d46bd00877cf968	49acf5f3b3362b2a4699aa9f8a2ef7ccf1d575cf
commit	bb642ec7f42664b0ec0da1d8b116bb1c6ae05680	27c409df2cd7c8e33b02faf9d2859b020839b6f0
commit	bb7c70774c083c910e2f88fc85f929b946f5b746	87f6c84cc3beced3c6fa674740f765fb05011175
commit	bb956fa3d9e5d57f89844a82c5440e90f57646ec	bb956fa3d9e5d57f89844a82c5440e90f57646ec
commit	bba864aa874802fb79ada9d502ccfc93507f0e91	e2ca99a78bca88ad7318b90ff417a5e1c128c452
commit	bbe7be31ca25a4609815eb9fe64b18814838b78a	cdb55c3d487690346c79197e238979d11117c992
commit	bc10cb490ac7a0d3b75b4c5c8e179592a8e24c7b	7acef128a52dd2fbb5e758bf8ffb2d4585d1c5af
commit	bc243f51a049b88f8926dfe4c650c58e45d57c6d	bc243f51a049b88f8926dfe4c650c58e45d57c6d
commit	bc5a7209a542a964de7f422dc97e09ef026cab84	96386fb90ac7ea78e65dc2600be02ed69e94bcd0
commit	bc6038b96943264f9425315257b820c0464b3e61	bc6038b96943264f9425315257b820c0464b3e61
commit	bc7547b82a15868e263339751070af32a5d2092b	5c5d66f21876f4f885aff5decf46e6c4c196eb46
commit	bc8e175c15700613732c943ac615a84b3dee309c	10a03077e914fe2ba33ad9ebbe1cd4bdebad6dc2
commit	bc8f611dbd5daaa8553b76faf5f58cc3f66fce57	0134b2ad152aafeecee29fbb3ce1e47bd2bedc67
commit	bc96fc40c579a2a23220c0443b79a94a201b45fb	70a716b8b1035e17fb8a3b55ae81aa86cdc45790
commit	bcb7750208e86eb66250f25ca5001ea0545f2e48	1d4c8492cef408bc637438a4afbf92178de27537
commit	bcd18ec80ad1fc8455f0b6dfe2ce0c979d1ad43d	d285f378034f142749a35e5b7529e64267b32e27
commit	bcf29d1f960fc71bf79c8165307aa1fa8fafc562	a27e7db3e75b9056a4e4f0515e2ef2d1efa57d93
commit	bd04e54b6c5c4b1de03c5812ff9334625245a77e	683e9fcbe2939d38f83db668c2aad742c988df4f
commit	bd26c2f45980d948df13af1011b5bb3020dadaa7	42787b13051b424584d1029d87a426766601e2c2
commit	bd35163d6558691680fd1eb7babd9596bae2ee7a	bd35163d6558691680fd1eb7babd9596bae2ee7a
commit	bd42d5254cb65782adff8ac5978c57279dc425da	577d0cbd28dee3dd387a45f13a8481ca50049a2d
commit	bd607b502d3a92d2a62823878650d26db23f3b2a	804476a58d06016e44cca268a8bfc5591316851f
commit	bd708683a42b77f1c51fb1eaebece7992c511338	7fdda22e284a7123ad7b009299e9c2573787fd1b
commit	bd77504b48dfa83df6e94abbac57a37dd7c63949	b36457c902e0e9155e8648e169f9c95b1ac6e5bb
commit	bd7b45efe5de0af6cdb3711302c360c0775db878	bd7b45efe5de0af6cdb3711302c360c0775db878
commit	bd7fe3e2383c0f1c5a8659e520843101f1faeb3b	bd7fe3e2383c0f1c5a8659e520843101f1faeb3b
commit	bd91517f0a749dfbc5fb1dfba7db8c542a96d220	892f81f79555643f846558bdc852fe93744da732
commit	bdb2906a61159c0814b415f69d17f2e14ec8b221	3571c0863cd5d9d38915ef75430a159f9a6dffd3
commit	bdbfd5a4e1b524a310a20371778aaf942888543c	0533108bc9f072c63f03fe63cddff957d422e2bd
commit	bde23169174f12dad31d54ee5a956cde3159e839	176338dc1e71ef33a4c79685e8e65c3f621c0e78
commit	bdfa21fc4acefa6e6b5fa240c175797ad24a8269	bdfa21fc4acefa6e6b5fa240c175797ad24a8269
commit	be1443fa9680da4b72159cabb5d8f405503db13e	22fd2e38061ad71222c047d78d1d3e47c635e7f6
commit	be288af64664eb5f460dde124c984364cc474adf	46cc486d820049a2e072a60497c484e7105c26f5
commit	be5920309adebc7c68061d65f0614bb8ef139b9c	d974127cd19075fde3ed645d381dee1d5be22372
commit	be81ed3044a9c9651b59b40a10a1f464acb70573	abc0f3306ec7df4b3c8bde39e352ca354a15289e
commit	beb4b659ce17cbd71724e0dd147d4953e1759572	2faa3f7d4804fe0d9eebecf97e40a1dcf924b40b
commit	bec0366aeef65118a8776d00ef1a196a0a838210	bec0366aeef65118a8776d00ef1a196a0a838210
commit	bee735ab15cc49ae46f0620676755bf31c8647d2	c49445d5d7d3dc9c2b41560ff11ea834590ed0ed
commit	bee87a64668a8064ce9622859a42e8b7fd4914f6	e806af7e659a7cee1dfc84324e7d95235c97f564
commit	bef66e2f9eb9d51c9e8971e64d59703d315f659c	98cb2fc79a2635726619e90d41fc416423fcc19a
commit	bf35c543c14149fad190425595179df2eec41afc	bf35c543c14149fad190425595179df2eec41afc
commit	bf6c75663dcc00cc6e2b62483130cdecfd61c558	37e028fcc44b3bd0f12667b43d3c9b6b8bddabde
commit	bf70603732e9bab146a893d429baa79d79de5ef4	ad50a838d012684c55f6ac1f1580e14bc7d07f3a
commit	bf7b62582755365a8e2ec8999ca195b2e7ccbb67	cf6b605e6793d04ff84f201ced871a74acf90415
commit	bfa60707baa847b57686c0a94e9e837fa77460b7	ad9819deeff6da6b15a273ac23d798ed1d6e638d
commit	bfbc8cfcba4caa9cd8cb54aa3ab3e62afd6fa396	5e417b1f5351c20bbc8d79bcf1b8bbc88c037d7d
commit	bff441f75c0bb2110cc6aeab9aaa1f13bc1b1cad	cf9e7142b1490cd9367e519d7ff99ec41ca84c26
commit	c027f7a6bcad504d2c5fdd40800695991bbab4cd	c027f7a6bcad504d2c5fdd40800695991bbab4cd
commit	c04061c1415d9c66b881a4442d99152de1b31c2f	1d36289d1c544845b34e78bd309d8585f3cc2b89
commit	c050baf772e0b99755f0744576a2f1a4b97f8092	79cf4896f3fecf71095c9b1ec7b42c66763b5636
commit	c063d7de7ad2087673c67c899fcfcc9015197900	39a366c8b22241fa9eb21f02dcfd4f69f932392f
commit	c0735a628838087ce714858a340313366c355937	c0735a628838087ce714858a340313366c355937
commit	c0dc2a138dc7bfb4a50746089a8670107ca61a4b	1f1fb41e2d57ce7292fc6cf01fa312eab8b2d58c
commit	c0e87f4be7032e13329c75c086f5babff2260ac3	59589899377bba82c9d2209abc7d2240c5e2c9b6
commit	c0ea6daf672ae1dfc012b3577c7956cdc8d4f5e3	c0ea6daf672ae1dfc012b3577c7956cdc8d4f5e3
commit	c1005f239e52f532eff56fce2a4ea0a45d5fc5c0	e7a6bf7335ce83c6cb174f5e8509ba931cab190a
commit	c1091376c18c54f9cdd50b178af954b5d0208531	2b0f89f195dabcfe3d03cfc8f54f8f2efdfc926d
commit	c11070caf261e6e38aca7946cf50e1814d21dc9d	4971cb6c69665e2220e406acd04dd05b0204cee7
commit	c119622298c731677f94f3ae24f93d449dc1c413	c119622298c731677f94f3ae24f93d449dc1c413
commit	c16d49f434dba7bbdb5c962fe7a78759c734436a	85192e026f525fc61240b087eedb07aa2da7f452
commit	c1c959ef76a9dcb9109ac7b5c6f2462aff596a7a	27fcbfa758534247f35cf6cc5d3184bfb26f0d13
commit	c21b12ed1355cb019fcfb8453aa689f6c030aa61	1fe01f9e42efd4b5938fd1f0436e546265961802
commit	c27d53fe223fff919063d54c854bc51b0322a2e0	c27d53fe223fff919063d54c854bc51b0322a2e0
commit	c2a0a578cabcc56320b0ad8227e9fcbf9225e04d	c2a0a578cabcc56320b0ad8227e9fcbf9225e04d
commit	c2ca4ae1f7812c337b513510c277a2081321466a	0e3e50226ce0f78e1f4b3b147b1b72e9db76d510
commit	c2dc8d578c369b345904a44a420a98ca54ac996a	9a585a8a71d0ecdf412970bb6d6e530cc8007480
commit	c2e028cb6604c05a83207cc59290053e30c3e1ca	696e05a91c6537fe2dc7054590b03edd499d1157
commit	c30672af5add58e094622cdf3f8ff0b3de9aaec4	43a72d1fe9b3c8ced5e04cd87dd1f3b6672ab3cd
commit	c318781789d395d24e27b77474340cdf99f4c95a	ac3ec4ad320209705a17b3a21bc0db0738df8dbc
commit	c325a1abda03ac0b44ca8a5686d62123de13e847	c325a1abda03ac0b44ca8a5686d62123de13e847
commit	c34ddd7f8f93ece0423b6a3b94ffa2d1f4d8d980	3a9d286b384f0fc7de5ac52607d4cd9568d2c178
commit	c366a01f96c5cda34e48c03bea09b246afa95e3b	e57204b344ac9596a0896052ce275661dcaf1c8f
commit	c39ccc512afc517733143500f97a6f5cde766edd	5cc031cd54d62ffb5d73edfd5b150ea1eaba2e2e
commit	c3c56239aa4800fa434b82a20aaa71ac201da99f	9a5b36f987c30ddc0c7b31bce553167aa77c80d4
commit	c3ca0a1f628dacb9623be047ce2af7fa03ba615d	1518b20553789a2f054065a0787a44b980732b55
commit	c47e7a89b7ea101def150ef511c330c6c60e8ecd	b3cd1bda7b4dc6215fa02018289a38d261a38dd7
commit	c4911245e3609411b81f8caee749df9360502d44	614ab96e43fb4eaf1fabc32a935df5e4562f3381
commit	c4b0ead2fd11be586b803bc6a6dea0d6977200fd	2e1e5564467094d2ac7785e9249140f209c9f6e2
commit	c4b6221cc02b908abd041bed1f7cee7773d5eb2e	6188a00cb231a9e99a3f05a224839b5484c74535
commit	c4d1fcc52763bddcc3e05e76dd8940636afefaea	00ca6822a733a2b1894b69a6665be93fb24cbf95
commit	c5066a51aa75b0f92ff5387b054a1386aa5afad3	05537b8e6854c7a0fc019a407704bd670504f231
commit	c50c8dec698cab8a0dd4f407bd32546a2a1c6c65	7fdda22e284a7123ad7b009299e9c2573787fd1b
commit	c5195abec45566dc4668ba94ac19653f25db3d3b	c89fabb9afc86b9c45d44aacb610ab48c9b23eb8
commit	c52c5f6347aeaf2f7fd18f53ec01ec9759f39ffc	e076ea39db2299269757ab85b08f46e69d521978
commit	c52dbc79215f03a42e226e08f44d1935ff723096	c52dbc79215f03a42e226e08f44d1935ff723096
commit	c53bc72a6d39c7a3c09f9e1d997dd29ecdbad474	5a3d5d8139a7f5ae0dccc726364a3990f5752029
commit	c53d6b6d2a8903c26374f0e301d25e64e6b1dad4	c53d6b6d2a8903c26374f0e301d25e64e6b1dad4
commit	c53e0d704db898c53838999a1f4dcab2910cf4ff	ae5cbd06e960d73dcd7c4a083bfde638d60470b9
commit	c55509ff98cec040095b839a30320131abcd3ba4	94868692c9bb38749442c11df4a400b572c0b7c2
commit	c55e2f563f8b76cceccce32e7ebd073cd78e030e	c55e2f563f8b76cceccce32e7ebd073cd78e030e
commit	c56126927279af6c2a0d1014e6966b35ca7dcb97	acad00488c5345cd1de0e50ea34bcdb829e2e70a
commit	c57579a3dd05417eabc46aecc7a783b267b514ba	c57579a3dd05417eabc46aecc7a783b267b514ba
commit	c596fcfcfd0ffb9a0fc8c48a58d7ca6505aa2ca7	c596fcfcfd0ffb9a0fc8c48a58d7ca6505aa2ca7
commit	c5a47239afe917247f260ccb24263bd02ebe264d	19152b8aca97bc4183ae3b4daca6da9347d07456
commit	c6144f2b077f48d0929011c6c9f05e3f2b08df6b	0bb8a15ed7e40817d809490eb5aac2e9729f0e3b
commit	c620892b424b9322d3118ae98a3510aa5212e5ef	ecd06591b38201e196ca6fc4a1e73b14548cfab4
commit	c64e4d99d5feb971fdaf1b7c63d4165cbfd5cdb2	c64e4d99d5feb971fdaf1b7c63d4165cbfd5cdb2
commit	c678931c39576d4235abe1b590d81f0ad559aff3	ef4684f2acc7c2895acfc6458907992ba1c7c7ba
commit	c6c22365e78f9ee863294aeb3dd179ddb97bd94f	cb35dbae8f2093f7434c317f4e0a00bf02457507
commit	c6d50fc50fe97127ebf7bdb5f82f82396e5fa13b	b81534554febb8fe40fd8e0a823d7e411faef92a
commit	c6dbbb674c7b407ee828ab4fa3de14fd7b3f69c5	479b44e5c937e967e58362e2aa3bd741872fd299
commit	c6e20ebe7642b21bca256a2bf010cc493d0545d5	d5ebd9bf48486fc5593a84468e238cb6fe78f08e
commit	c6ec454b1f8e441bc68f66081b316e9e76c85688	e8ce4fc7d32d304e444e72d62539d032cbfdf835
commit	c6fea14a45e2519374b0d673cdb2029c9384bc55	cbc76a8e189c353ebd9093d4e1d7ba21d4d97769
commit	c7057e61081009cc570355bf89038e9ab4561f4c	c7057e61081009cc570355bf89038e9ab4561f4c
commit	c7094d94b9af504a57e8e80f658e61c53b96ac39	51ad24bbaf5176a5d30fe591f1fcaba08a77616f
commit	c70bbcd15fb8fcf18ea8f1e611ad0bb9c95cdb66	7736a9cb50750372a55021eedb09e94d169cdac0
commit	c7190fca77d9fe198a3c233d403196c6edfa217e	f9652bdde08e34b4734f326c4cc69f887c3015f6
commit	c736a5774b418f49d2f9a475e9be2a7afd607563	78fcb778191d6c97413e5349950734c430a88de0
commit	c7419f750ea1d015b60a9d71b7c75a515d8fd40e	af8179798b2f90e3277df8f7202a1df746cbff42
commit	c75584fd00acd0be1f53eaf6af5c85338a43a355	c75584fd00acd0be1f53eaf6af5c85338a43a355
commit	c79fba4ac47b2a0784efcd2e3a2ed06a011dc0b4	f06e9d1518076d78b08a61eb28530fdfea7bb24d
commit	c7c65560a4888896d161cf9c3dcbdd7a80b61020	1d36289d1c544845b34e78bd309d8585f3cc2b89
commit	c7d827e0fa550a45ab6d0a1ecaf940f888157631	ffbb29a048ed99da57beedc8a8751cd02a7a6781
commit	c7e2c7c778068dff84d30517df28f2d08b40ad53	d5423d24f1a0786d2f6ede755c12e6bd0d063cde
commit	c8186fbfa2b2a12d986720ba307e3de161093580	325f6bae32c858a971d6ccfe056b1309b7353694
commit	c8252792966f04c0a726b3f9b030a497d8facb78	c8252792966f04c0a726b3f9b030a497d8facb78
commit	c83231534403b855c1a4a0c3e5690a56f10c376b	2faefc59a2ed4e61fa8ad008e274ef6128750190
commit	c85a5ffbd9a0412e35fbe955de3865b6b1cd5ea9	7d1deefe1e5d5e5aa60e65bff22dd1717add8fad
commit	c8623a73cbfa28a2524e60c68c37d203e4779780	f81998df84f95f41512e3aeef316935f6dff9f77
commit	c8985125cce7ff772b57d8e46b3e27453a594d35	707a1f6d27210af68d92c3251fa3ae3d14e1bb36
commit	c8b1814fe9660ff81837802b5099bb6af919d580	c8b1814fe9660ff81837802b5099bb6af919d580
commit	c8b2b8e0955fa70f613df1453cc24ece62da876c	5177e1b1eda12407db646cc134ef0be8f0b6f8b1
commit	c8fb5c500e78d769eb629086ad4a5c44c124aa3f	e71ccb5f9e62847c02ed025527fd614b6476774b
commit	c8fcca423b44a62fdb689d515125fdfc3ca2547c	5898c33ab1a588fbb7bd709ecace79c85406aac7
commit	c93aa121f1b6188aa3ad68c6e5f9cbc846fefa35	d8705ea8a6be1cd4ccb985050cb178f97dece167
commit	c97871cb1ff9832c4492da1a0784f608722611b7	6f1766d359839fdf11e96bc5f3ba7eaa94c5a4a8
commit	c98300a8f4d0b352796394d164a67f43a7571649	07f26f6534be0f03685615c8d98135721f5c8a61
commit	c9a94de96c13fb9df509acda90d70c838f681d68	5a64550d28c7a54116c2f10bb42f5e399b588fbb
commit	c9af57ae09fd8a079c1f0e92110ed4e3ee8b50c9	f043840a47f55f6cbf70248461b4a8206b55d82d
commit	c9f2c78f23082527fa61594b246259de34095eaa	c9f2c78f23082527fa61594b246259de34095eaa
commit	c9f856939a2d8206360f4bafa57e1a3213cf773f	c9f856939a2d8206360f4bafa57e1a3213cf773f
commit	c9f880b0212b72627a07449cdbae21974aa7e314	c9f880b0212b72627a07449cdbae21974aa7e314
commit	ca0a0abffdfa38095a30cab6d0937ac0d35b5bf9	74e1a912c440d5f78a98d411ed7466e8f799eda8
commit	ca0c7eba1ccf569f59f0d0a410eacf9883930e04	ca0c7eba1ccf569f59f0d0a410eacf9883930e04
commit	ca2f25a83abbe556e8bdcbcc4b0aa362ba403e3c	036e0d2aa2b0212e6004a54d0d864e624a49aea9
commit	ca588aeb121233c55b4a5280b1c8f75bc9d32e3a	38227505a3d951488b0032f3be1a7aa9fab0062a
commit	ca5e5ddddf2ddeb87e709319749ba1d83ed46648	519ebc0a27e0eab3dd2e701ebee2039713f0fc86
commit	ca61ac1d1b7fa4dffcc2c6139cf2670439daa8d1	1c84c1de3e5dd7fc21aa44336d2fa8f8fdfcfab9
commit	ca6a26581f010c35ecf6273559b968bffe8274b0	a54fdf8fc960142a80f7f5728bb01ade0812cdb4
commit	ca81094a3fa741d58ccb98e3ef96813a3a73e7aa	ca81094a3fa741d58ccb98e3ef96813a3a73e7aa
commit	ca88c02fbb47d99afd7676306676d8b0050bd45e	e7f4959e041af1a6dc8ef3d32e314c9d1079f250
commit	caacc507c94285697ef12cb8261e0f20451345bc	caacc507c94285697ef12cb8261e0f20451345bc
commit	cab37e7ad64bc4cd88f95671bb9ca1542679a37a	8bb2557a543404ce4c9a53a4db99628203e53378
commit	cab832605c96bccb2abc94a516a6af704718c6aa	22fd2e38061ad71222c047d78d1d3e47c635e7f6
commit	cabcf60b921b19d4ffaea5f8fba4f06acd20f5ff	c08279749559d40305763e67cf9bef1c39956eae
commit	cacd53f36651eda5984a6867034d127277ff7e6e	cacd53f36651eda5984a6867034d127277ff7e6e
commit	cad41d7ade1147fbd0b6bc7293c019e8911f67cf	366e2341d160e860b5cc39a7f61a7af4def1c6ae
commit	cb269cdbe1a334a7bd16d913e41dd36dbabe2850	cb269cdbe1a334a7bd16d913e41dd36dbabe2850
commit	cb94c0c5acecdfa0c6cb7e57a9f92c6fde01f019	cb94c0c5acecdfa0c6cb7e57a9f92c6fde01f019
commit	cb9eaf7ab5d9138a3306f61b0416fb6cf2dc4215	b5f8c57eb32c561d79ad1e0cd390083afb587f14
commit	cba241fb5a6bd47c3d34205744274219e5ad2e60	cba241fb5a6bd47c3d34205744274219e5ad2e60
commit	cbe69597ae929349080fd237f0be6dea4030df6a	cbe69597ae929349080fd237f0be6dea4030df6a
commit	cbfac4f69b2c7fd972b7af9e55a78bb33e09bfc0	20108bb514b1f061ee6d305239e33667f1f9f161
commit	cc37e658387625fce2a6ece5127d4170a6daf5e5	7fdda22e284a7123ad7b009299e9c2573787fd1b
commit	cc3c61f885d19ebef71a35f07fc22d459bf53836	251f175de759bda9f71a146a9e3c10ec4642ee24
commit	cc4b5cce5e623b2e1880c7f368cbfd1e71b82489	9d15c725909782f14bb8b5c9394d41969aae9f29
commit	cc7b9c7d562355fbe96717694e6522a8c79a1ec6	f9e373abe02f173d6500001a9e0231fbeb58fa62
commit	cc7e6aca2cbf51ea2525939d30b2c068a15fa801	7752752608a1dd2a53bd35dca514f1ed8c11faa9
commit	cc908853f2ef71220a1d4541e0bbe2973f53f42e	f07e879013bebf24f9935521ae46526ea33befb2
commit	cc917d94e741a332450fc3cdf91744e142bb37e5	acd8cf2043b5ca9e06fa8cec4574ebda23a4aadc
commit	cc923714f17e4c1e3a6226aa307c908755480fce	adf347653ec59e65a651c5faac7283c4933e8020
commit	cc968b0ef5250d22273f08049babfae2838f33e7	9f235e05167f338381c308959766f6f53a5a833b
commit	ccc53b1886b8bafb1dd45786e98531bd0b2311e7	900623fdc9e122a35502e3a8cc53402e4ed1541a
commit	cd2515324c9e0d40a70724900b1848791f3e7300	a01a126a4df80122d1131b6a432d057cf18aae53
commit	cd329d6aac784dc99a3371607663ce3166243d90	47e6fafc75554a406b1099b6041a04813bdec5f6
commit	cd93db36442e5d63e4cd70fe3f69e221f31476ac	cd93db36442e5d63e4cd70fe3f69e221f31476ac
commit	cdbd1497ca5617ce5c423f2786e614d74ee29702	d029f08deffb07f952e0d28d0b41fb58c4c38e4b
commit	cdff4687622834d8118ade980c72d9e440e6b72a	1d4c8492cef408bc637438a4afbf92178de27537
commit	ce06ab18d7e8a57b9cd762aaf668a11f380e8a29	dd58c10e3fa2479be17d88c81afc0ea12d8cdb5e
commit	ce2e3ff197effe678ca94f3e2da235e18b41b323	6f09c700ead40670d9383b8ee001cb0fbc5fc5f6
commit	ce668914f729d54cfc661b3b9a628d6e9623133c	ce668914f729d54cfc661b3b9a628d6e9623133c
commit	cee6e331a2ba88d85fdbcf6136eedb9e53164e5e	cee6e331a2ba88d85fdbcf6136eedb9e53164e5e
commit	cf8a7692fcf0903cbc003d14910885f219b14372	04bacc1f1ef0a4a2ce6fccb9a429d7019c679805
commit	cf9a114e8eec67d3c9dbdc0a523d522e6a12121b	cf9a114e8eec67d3c9dbdc0a523d522e6a12121b
commit	cfda15ab82c4dc6cecab734efb64630958669058	ad30a253bdb9e487dddf434ff9f1d2fe69acbe01
commit	cfe409b945b38511f9b0b76e09846b53cc8f8fec	3240f83766fff9044a0a12eeb08c03bfdb1ff371
commit	d04426a3fb9550924e312a67a640d111aae0dbbe	13f18e852f5d7f4ce67a8b9142f1704743f2cc40
commit	d05ae0786ea2d3f3ecf6a07d7d06e79ba974f42f	d05ae0786ea2d3f3ecf6a07d7d06e79ba974f42f
commit	d067c6e193761b3b36cdf1e55a2dc3778cebc748	b4d4b6a4d666b67e963074978b0ba1ce3af3e08a
commit	d07fbece83650b9020037d5e1623dab9cbc308f1	d07fbece83650b9020037d5e1623dab9cbc308f1
commit	d0ba535cb1868f8690d1847cca9c85fa99e37dcf	d0ba535cb1868f8690d1847cca9c85fa99e37dcf
commit	d0d2daee8f27818f22aa80ca98b04296b33d58ae	d0d2daee8f27818f22aa80ca98b04296b33d58ae
commit	d0feeeac6b0d685c8829dd1946eec64eacf409cd	4854560427b3bcc7e6853214ef169501f2e8992e
commit	d119d4925d97fe2da745a21ffd8df34fa3a6f11f	614a4ed4ea34227242606e33d67709eabb0fee18
commit	d12733f48b04cbe6d834f8afa84219454a6ca918	b3c363cd1c044cf855b07a5d4db82beebb0a1ee9
commit	d12785250aa6b7359e71450f39bdb4cbf3b26e72	9982f707e3298b299916947a6b96101743809ee8
commit	d12bb4cbacff6109451b69c7ca5c727655a7fa02	ba837e71bcbb7b31a1df86a18388e61e4c980861
commit	d180a985ba46aa77c02ffe703f087f40d0b1006e	d180a985ba46aa77c02ffe703f087f40d0b1006e
commit	d19d94b75049fc7d571f0e575239893797d1a8e7	d19d94b75049fc7d571f0e575239893797d1a8e7
commit	d1aa68c3cdd66b5d45886fbf8b6758c6040cb4b1	8f30f5651ade9cbd1c0509ed4224ac962865a3b9
commit	d1abbcd9b952a742cee89196530967a548db4404	42b775947a0fe590b2bfa7a0286045afea90dc3a
commit	d1bfa3f15cf8e9e0525ddc076a628fde1fba7612	d1bfa3f15cf8e9e0525ddc076a628fde1fba7612
commit	d1fb5c22f40cac42e2c8da3f4ea57d87174e2d5d	18ba5cec74e0ef4f1facddc5ef9be87eaa298823
commit	d21028c785afabb2b4eb95e64f8c0ada9ea77ff4	d21028c785afabb2b4eb95e64f8c0ada9ea77ff4
commit	d230d3c0dc48e30bfaa13db4b3eecd9e54094a61	cb8d689b99d8a79e49c91ee5b7e9c7978ed9495f
commit	d2647bc3a69302c73e9dfabb76c2b837f3b95135	d2647bc3a69302c73e9dfabb76c2b837f3b95135
commit	d29514fc8b01dc265655f066d3bf9f164b963ddd	d29514fc8b01dc265655f066d3bf9f164b963ddd
commit	d298ff90f3cfcee9081b5cad50b80bde24a20ef2	d298ff90f3cfcee9081b5cad50b80bde24a20ef2
commit	d2b2781a886abee0af8dc4558477b4b35b52c80c	4645e502403da585dba8536b1b09e5e7a28f356e
commit	d2baaacd52ee7cf183c79dcb205d957b4b34a5c3	d2baaacd52ee7cf183c79dcb205d957b4b34a5c3
commit	d2bf4332902d7031b57bb1b12994689916b6ad28	d2bf4332902d7031b57bb1b12994689916b6ad28
commit	d2bf63d3eebf275179bd5610b06c242365ff9170	d2bf63d3eebf275179bd5610b06c242365ff9170
commit	d2c1e881fc26a4da4186e706e8636f1dd1b22e36	d2c1e881fc26a4da4186e706e8636f1dd1b22e36
commit	d2ca4fe368cc808fe68be487736aeca35c646841	d2ca4fe368cc808fe68be487736aeca35c646841
commit	d2e2ec5dd7e4096711c55401b9c5000cd6d89822	8a3c5c75aee75c41894643ebb3fc21e5e6a50d2b
commit	d2efa8a1df0ca1067a9f1a2c3a43fb216a076b2f	d50ad0db29f4f9513b7f4f10dcfffb5fdf6d40f8
commit	d2f2da2b80236d82d3fc773d783113293309f265	5ea34decc25465b1dfd3b3b4003fec0d4baa3721
commit	d313ae0e70e205ee5f5d0b8cd5c6a2a92b714506	f07797a17ba3b4419a5e6601f3ac84e1179b9b14
commit	d3267d1fd7e443a367215b6fdce3af7ddad56379	d3267d1fd7e443a367215b6fdce3af7ddad56379
commit	d344c98e961e5099069189fd9a5811a494d3a669	d344c98e961e5099069189fd9a5811a494d3a669
commit	d34cb307ae4f91f2fc2ebd2ec6bf8be81bf47297	b33e2479855b59a09642981b0e0e6c8d2aa426ba
commit	d372f0acfc81478df5b4e60cdfc8e4653c6c1267	d372f0acfc81478df5b4e60cdfc8e4653c6c1267
commit	d39615c008afade6f1e73d5b794427a3e2080cdd	d39615c008afade6f1e73d5b794427a3e2080cdd
commit	d3b3f6dab2dc1cbe446daa0daa3825b2c90e6dd4	6a45d3b329a3ab7ccdc20617f178835edb08b775
commit	d3c84cb3000929dd36ab35bd275923f63c5b9543	0eb01bcd0be4b027532065100833b3c82d7cc147
commit	d3dbd303a03597dbd6496997405d6f6c777f1569	d3dbd303a03597dbd6496997405d6f6c777f1569
commit	d41f7efcc1bd82380ccfc6aab8bdf5f4fabdf3dc	c0f0023297d93be24f848baf9a16f91f9e962874
commit	d42ffd463997b63e2617f10f9692438056d3aa86	fbdae2993cc6e471aff1ded8a012074eb332c2d0
commit	d43d43d92f4c73f3faa7ad9c8fadde7c0492ded1	d43d43d92f4c73f3faa7ad9c8fadde7c0492ded1
commit	d450724dba29f124d0620f178ef50fd4978ecc9b	49138846465661da9a92eb7dcdbf5db6598a291b
commit	d45a12f7167e0c2ab2fec8fe59777f5d0d00fde1	3213d6d4e894afa433d464feef1e3765aff94760
commit	d46ace5758c5bbcec47d3a872b7ef9d162d7683b	52ee7cd2255832111d8061933905f337ab8a9eaf
commit	d474a264d70bb0df3032552471932d3e2d3e42a9	d474a264d70bb0df3032552471932d3e2d3e42a9
commit	d4a40befa75c80e794c125bb7e4eabb090bb052d	30f1585ee67ec3ce6597af08b6cdbf145db429b7
commit	d4b01318f1ebd90060e6a07c94e35d2c6a6e420d	cd7a4794685ca67f10c57d7b99ba7783427f5609
commit	d4bb9e1bce2e7ff78f8d8c9cbd480173056dae4d	799aafbdd61105c6dcab67b08a31111917a40bee
commit	d4e8a44e3ac8624731421e1b19dcc86750454bf3	d4e8a44e3ac8624731421e1b19dcc86750454bf3
commit	d4fc647bb3e1ed58485bbac5bdbf1d20bfd65b27	5d6ff422531be97706460b9c0677d16119ffa477
commit	d52c8ccbef78cbc3866780cb357dd345be51a7ef	eb69422b348ae683f4b4d5e70cd9591e455079be
commit	d551c83ddd585cfdca9860dcb186dce9af1d9cc8	d7d41cd6370ce6df480e2cbe65ddef5bb4c16af1
commit	d555b6a9d259cbf0eed8029fd4437b78f2671fe0	d555b6a9d259cbf0eed8029fd4437b78f2671fe0
commit	d567a4c519c9eaf078571e7a663703266e85cbfc	41cb619a1fa3f3c69f8b38cafac0ccc82ef94b8c
commit	d573a55c2cbab3033edb210969dd2e3fc861f4aa	d573a55c2cbab3033edb210969dd2e3fc861f4aa
commit	d58d3a8a782cfe0cb92af6431d960fe17aa28fab	4a5e9c26d76877cbbd64627008949c87b928df7a
commit	d592ee4aa24baeb22ff98e4991d68063e40cbebb	863b7cc37742f0cd091beead116ccfa6ab715eb0
commit	d5b66fd5285f0be492bac3782652d53c5d617a87	d5b66fd5285f0be492bac3782652d53c5d617a87
commit	d62a61cfc2c9196707daadbd8bd75568cfb15630	07f26f6534be0f03685615c8d98135721f5c8a61
commit	d66a0f6fee11012c1892a9cd319d5dd71a63aa78	d66a0f6fee11012c1892a9cd319d5dd71a63aa78
commit	d6763b5bc1f08c74ff5c269a5465ca5be490fbb4	1bba65750bf49c7b797b63ee060d44bc188cdc39
commit	d68e3eb6ba5b45c0a2d1b8b4f3e7ceb1df599402	aafec2c2ac2de56019c9c1e9c7a70533cc5be482
commit	d694b26a6767ba34b906440bff1b88738aa61b7d	d694b26a6767ba34b906440bff1b88738aa61b7d
commit	d69970317ab860b6144c4e88000418f6a1d536bf	7931a1ffc47fab4244a1ff86cc42ff5a61c8ba16
commit	d6b76a3b25d1d4fd78645010e0a361dad5aa617c	b17c63fb3eb8c15f17b3ff5ab7d498d0ba4119ee
commit	d6e3da94f4841c6f1586fd03dd0950eeb1c33c73	4628d96728afcb348d9df51a28b2120ce1ab4ae1
commit	d7032a9b24a3935f0f9835b1f24b656421b2c4f0	d6484cd74471d8f61569c6accbd31b364a02d765
commit	d718fc805ca09935e5fe1d8d17a75bbaa606f588	03518d9d077ab9522191a99da8b305702e8b92f9
commit	d72153c8dc0a2d0f49f4a843af49677c39882717	d6155ab8f8d363c21648508961c76e0fce9ea8c3
commit	d75475f4edae65b69276ac18c962eb1dfa207821	27fcbfa758534247f35cf6cc5d3184bfb26f0d13
commit	d761d63bf9a5fc1cf0f8ddb56aa1c0a1fdc77b14	d761d63bf9a5fc1cf0f8ddb56aa1c0a1fdc77b14
commit	d77ff622e87a84f411d488985a1201dcc2e86af8	57f13eda2aac06906e926fdd0a3c3aac5e9b74cb
commit	d798ea4c4cf417039755818f05fe26dbce5f9e4e	d798ea4c4cf417039755818f05fe26dbce5f9e4e
commit	d79edb9c0e9f3e70ce6e5d42ca720da1132abfa5	7683139c045915f1d94e9be947510533154ebe07
commit	d7a1e02680979f88635f7c110c12415141951c77	67735c7c130027ced2b20882f0eb0d26436ebe8c
commit	d7b5e61b2d0e729fccfad5f628f1ed678a6a17d3	0cdf03d65468c0004f22d3664245c07b44f0ede6
commit	d807bef4b92a22d4a956163f0e8993cf4303f7cf	d807bef4b92a22d4a956163f0e8993cf4303f7cf
commit	d815553341aa5d32558eba05a7e9c96a335333d5	d815553341aa5d32558eba05a7e9c96a335333d5
commit	d8399d0ac67ebf5d102e19087e502c023f363cf5	75ec21f0b7950b846e23b5dcbc27c89db9c55053
commit	d85e5fefbcd9e38608d782cb13718cc88c6ec61d	f714940e3b2b56e000989342727ce73cd5d93e8e
commit	d865adbd9f12fab210ffc34d056995c23a7d61fa	2fec22a13cf49b69b46f18e7c63ae730079e77d6
commit	d8677a80121d285639c47f9a2fd4b7c9fa3fb99d	0f7558f2150749564973ac64c3c97906a9710853
commit	d86cec86ee019019082dc5451dc19fa8746cda1e	d3cc361fcb2ebaed204aa5107d63464cd1eb92a5
commit	d88a9f12b5484a6530dac4378a5d51219551d7f9	7bea53a405b1788638ab15cb0181c6289d3610eb
commit	d89bccf088b2098932b3e2f45d3a720ac2639a1c	1da3d9d3f8267ac088d8964e3ee7a73ac764b9a9
commit	d8a0c12b1298f22241277c5081c0bd4105a0386a	8ebc6f0e17af0a518421633443225d3a00320e56
commit	d8a771fdb0f94703854aca0fa17a7e405f758f47	16e89b11777495bc9feff797047c0bf21a545854
commit	d8c84e946338754fec6fcc418f55271443770e5b	2c10be375f3be1272b197c1b95b51855a189b25d
commit	d8cf01ce07d1f966e4f68deb951c69a132dcf189	6f92bfd98bf4f4b858f474c689638e77ea96c14e
commit	d8d4d9d4bbdd48312c1a723759f127a32967bf79	7e3cfbd42156997caf94a6012462cee6929b1e85
commit	d8d593b14eba2f37f7168de205b58782d58f8f57	2ec9bbc7403594429d5c92a4e6f44c39d5a45e2b
commit	d8d8cb4c7e62eb8aee70fd876c140bdaa76c7aca	aed34a7c7d7e41f2776c8d49c72ea79f608f88bc
commit	d8e44db0ced54a33a8f4fe93066ced68313a6845	d8e44db0ced54a33a8f4fe93066ced68313a6845
commit	d8f00ec8342d217f71f4a05a7044f1a1c2f5f271	d8f00ec8342d217f71f4a05a7044f1a1c2f5f271
commit	d8fc078009cc8b9624d28cf2af12a26866c0617f	d8fc078009cc8b9624d28cf2af12a26866c0617f
commit	d8ff24a5b46133d2cda4e44f2d6ad54fb8b039e1	7174580e71ee3b30b16dd6d6a2b5dbb7d49c0c66
commit	d913161f0d4f2762a34756a77ee5042fb9e42cab	d913161f0d4f2762a34756a77ee5042fb9e42cab
commit	d93432471c8c7436ecdfebd512b9e09138769473	9fc6d389164265e91669a5051d703b4f0af3422f
commit	d9640c47f4219a772b36b6cd924ca51362e8b4ec	d9640c47f4219a772b36b6cd924ca51362e8b4ec
commit	d9684cac288f631640ad0b369f63bf9dc7da2ba9	7d605d811ecf8d4bf90158ea762f5201a4f80fee
commit	d988c80eec1ba27527442235409f9da72b6189e7	d988c80eec1ba27527442235409f9da72b6189e7
commit	d98ff671a66130369c7198609b656b69726b8090	4c5174def610a8294d1a9dfba5639a94012b1ac5
commit	d9c6c873865812eabfdd1aca88cb281d55d26202	192040b2149723f44132e1c1de67abd633259a45
commit	d9c9302e204be8aa08981f2280fb5ff923301321	6eee0aa11f9b50589f471ddc0f7bc7e6264ede9d
commit	d9ec77d265edf3ecdd092bf94034e1cb1475ceb9	3213d6d4e894afa433d464feef1e3765aff94760
commit	da084043b28fb7fa930c8df3cdd304051c664351	ae01fe5850083472bd80463e54674e6c35c0afba
commit	da13542ab8d05b6c4552213364da1fd7a3c988ad	e1b286795ed3d7bfbcc40fab5e9ef25e8cabb8b8
commit	da1a99bf80ae874033540087658c81c7bc47f49f	0eca1fa2f59bab7e4da472b085cb8953aa292372
commit	da1c0e6dabb2b4e06635a80d0fed65d4aae73510	9366eca7bfcdbbc27bb98417942744b68b62fe22
commit	da1e6b9f4420b9af29d39d1f6e31984b2cb94ea6	da1e6b9f4420b9af29d39d1f6e31984b2cb94ea6
commit	da427779d0e9a490712b85530db331a4245b5596	53afaf959ca65b8618bdc02501b95fcd581fbbbe
commit	da541c7faea2b8f2b6e4c6a2c431467101865140	ab1b3edeb7746903286c7aa5a44aad3fd04770e8
commit	da9098952f27173a0b525122c7d4aca1b5ad2e9d	6d34c1fa1d57754ca724ceed5f0947934f803fcd
commit	da9319b0d967dc52e56877c94481b93ed79eb29b	f9ea60cded6bc468f8a00de2c38b6eb0d47d8197
commit	da93996751def2e7c084b60a51fdc372c092a295	eb64e06997ed78b227de5f39ef8d073187b72935
commit	daad3b2c7a9809f8032d6860522fee06c50ece36	3a5cc3f72681f08cf37180b60529cd2be6922a7b
commit	dab31684be007665f62854225abcb1368e1cb91b	05e0472bff18b8406a5d1ce0f05041398ae8cf28
commit	dab91c63ec9ee07cc07089d465e8ccb29eb9d92d	dab91c63ec9ee07cc07089d465e8ccb29eb9d92d
commit	dab9f2f522f6d52b2eb43c1751473622541bc205	58171df677112dc958f4fb760f7c9f66fa01426b
commit	db02ac7a61b5bed5bfd9f46fac9e51d0b790c1c7	db02ac7a61b5bed5bfd9f46fac9e51d0b790c1c7
commit	db2296b7dbd0e6799e0e116e9bba94eab90344c3	db2296b7dbd0e6799e0e116e9bba94eab90344c3
commit	db4a818983e405bf7f89a816f0f73e5a9e98812f	aa19660676345a7b553af7d695b256c86b90a85d
commit	db5eb77d1575b941baa3e9473c736d06da9dfc2a	870d8c65e99dd38ee28ddc8cf370d5eef21c4288
commit	db613630138f8caf6d8b6abb69d8ab80826a1af3	db613630138f8caf6d8b6abb69d8ab80826a1af3
commit	db6be9d180df4fd7b5aeacd6628826df593ae9ec	db6be9d180df4fd7b5aeacd6628826df593ae9ec
commit	db82acc51673cdb809a4d725213158acc0ab205c	c8e98c03d34a070aba4a206e11171b5322e47b70
commit	db91e679d8ce15048bcf089251cd504bad1d5858	c1e8baf2f01b6bb5a2cc540707bcb042581b6f4a
commit	db95af9dd6a3c5971063b999c47711d6f747c51b	db95af9dd6a3c5971063b999c47711d6f747c51b
commit	db97a1749d29c02137d151f11de4a89ce6e724e3	fcd867b8df657d4870709e46ddd0c91249deae37
commit	dbbe33f7a40648e912e7e8d36401bfd7f7afa1fc	5a6128aa92958e485f74244e3a79c01f1034896a
commit	dbc7ff402561e2eeb969674c79a6729ea5d5302e	2cea6808f1e24036fa11ba855e8ac1f318994564
commit	dbde0aef46acdbb70201efca335f529e0a9a5f42	6812136a1cb571cb3052ffe047b23ea3fa7b7880
commit	dbe9bb5d46233803e92090a3fd1c0fb7784ca530	d3a936b5d812ff04b8117f40b5fb430ff54c8ca6
commit	dc36fa2200263dd37251b32c302e7fed293c903a	13f84a61b7a833ab179917b346ffd0072c982d40
commit	dc443b8abb3bc1fba87b45116b449c0b80a265ba	0d08229729aaf86ba4e6e3b098b74af58575a692
commit	dc635e6c554e312e4547b60d42c7b6885216c140	5343ebccb246db6c0451bafc05d735f950289886
commit	dc80559f6a1dd14ffba3e2731cdd9277f8f62d96	0d7acf3211b660e3798ba4fa3c9c1fe57ad3af06
commit	dc86034cd6a807b1ef9aa7086d6ba250050c79f1	4b8acb5c745f825fadd506e4439f244b113d88f7
commit	dc8a5443391ec0c3c2a7729de67572417f933388	3dda10bd91d1a269ce1ba6bce07e64b2499328b0
commit	dcb85f44f61edb56269f25dbc1a3bfeea552fda8	15531f7c8cd8d3be854c6815a50c6effea18271e
commit	dcc08734eb1842fd2f9a728f536043a756084ef5	add7284a1c4c128bef8b6e865ad01de7dcddd18f
commit	dcd408335edeaad1fc4f8f737460852580d0f2fa	bb2751bf9c97b3341720c3d8aa634a6e6d88b521
commit	dcde30cf7413874b5a8056cf429dfd50fbf89e5e	dcde30cf7413874b5a8056cf429dfd50fbf89e5e
commit	dd11bc04a172191866162e249e064b683c75dfc1	7a59975b9018307224c11ef44fb40b29b52bd5be
commit	dd1b0ce02ed7fb8170f8a84a0a252d6f4c1c47cb	dd1b0ce02ed7fb8170f8a84a0a252d6f4c1c47cb
commit	dd2e3d2b2340bd188cfb806d11b9cb4b9d42364e	1b45830e51c148a3ec392d19011354cdd8e102cb
commit	dd3f559c403eaf0ad6373879b1311ad66bf2e6af	3ae35b3c065ef057bf13856a3ec103a721fc8bc4
commit	dd4e5678a45ce74d2c6d80a1759552c426efb88c	0768ea4f3c72a53c39ce0eea71aee1dbf093a063
commit	dd69d564ab3d4fcde2829caf0c4b866e18d37a60	e2ca99a78bca88ad7318b90ff417a5e1c128c452
commit	dd701b8aaaae890da172ef82ed096e2b7f0bcbf3	dd701b8aaaae890da172ef82ed096e2b7f0bcbf3
commit	dd8846da2dee2be79ef3660ae9315bf0f835c8cc	62634aae17def1452ab2a335250362dc6579f728
commit	ddc7031740abec5483b082751b1aa0581fd75195	ddc7031740abec5483b082751b1aa0581fd75195
commit	ddca56e06552ed5f8168a74c230402b48169b5bc	6fb81065b29a21d28a00b9cbb4dbb7ad10502822
commit	dde6b1663d432edfbfb95d687baecf2c29d27dd3	48fd0b592cbb84091152e8cfad01f6d1eeaaa729
commit	ddfb93cf00225fe0cc0b9f698d3405f024de483b	ddfb93cf00225fe0cc0b9f698d3405f024de483b
commit	de066a296bedd188f8e7c7210b0ea1eb0094fd06	de066a296bedd188f8e7c7210b0ea1eb0094fd06
commit	de2e0d34e757711d7a85a720ed1e21b93d987f99	de2e0d34e757711d7a85a720ed1e21b93d987f99
commit	de34f701f1c75183cf7d1f6a16657a54073615d1	6f9a7d51136de463d16c357497ad5d659039fff0
commit	de53563e6b737459456b444993230c980cda8bcc	4e4cb568a9ca542eaca8a2a2b13890bf65fd7abb
commit	de9a1615d4b52615d6b726b320685581d0a1eb5e	de9a1615d4b52615d6b726b320685581d0a1eb5e
commit	dec3ade0204b9c1f1b6483c3e23ea8bc53bff617	c2ea9bd1455cdc91dcf5b3749fcc3e59cc918819
commit	dec9ee8e6a0c87aa451a3ed80d9548771c93b58f	dec9ee8e6a0c87aa451a3ed80d9548771c93b58f
commit	dedfc8d76b7948bd7f04088a821135d70fc8a89a	f17646fe3d07beaf78e0829384f3c30e67e59893
commit	df280502c26aea41c6056185431a9ab6f6f1e37e	62490c7b1b3091753d6603a5e13fcbad52aee947
commit	df48015be7e1381c62510a0d77b412c988ed3899	121f39f7526da3464072d3d6240a69c21b3bfa00
commit	df6db8dc07fa0d8b35ead11396aa31322f40e7a9	df6db8dc07fa0d8b35ead11396aa31322f40e7a9
commit	df7dd0a27bf262fd64ae0cf84d24d0320b5596d9	e96033aa1000b74d3c3bd1584b7d88271e1940b1
commit	df849707786303c1d4512f66d4926082a6bd7b04	df849707786303c1d4512f66d4926082a6bd7b04
commit	df9aaadf6b39be47967a4731478416ce4254951d	dbc420c51597a7d1e8b04f0bcbc442dfb88e0e83
commit	df9eeb700630417153bbeb192db2cce83f58566b	df9eeb700630417153bbeb192db2cce83f58566b
commit	dfac308514773e4ad69ca954889bc13bf3e890b7	7536f66b05ff40e687d018a50952c061221cf090
commit	dfb9a104ab6b4df37e9ef4b08f51519d3832e52c	0dd5766ca1daee78a0b3916382fa401df1ff51e2
commit	dfca7f9160fcc143e38b7660dc844a2e36fe5134	dfca7f9160fcc143e38b7660dc844a2e36fe5134
commit	dfe62eb17b4ba439d7550f272a8d6b374789bf1c	dfe62eb17b4ba439d7550f272a8d6b374789bf1c
commit	e018d69a66244bc52080d0acf3da9a5505140b84	e018d69a66244bc52080d0acf3da9a5505140b84
commit	e034efb9b8d5defa53bd079c729c0c9f1e2591b1	b7500569bafcf1afac7c31c39d1e9f8abc21b601
commit	e072067c902c6c845ffc58693eb25ec47b1871b8	816e40504f0846898be861425796a6c8f2614e70
commit	e0882149d74aae9d0a6321205d1ad6907218827d	f8af465972a1542cf6e74a3408fe2fa480afeb47
commit	e0a16353e60b2f95aeac27492a9421b7b8ba400c	bd7b7a80fc7a21db5f09ce57cb0e1646ce1bb5af
commit	e0b704893c76752399af47a3c12c811457a7b9df	e0b704893c76752399af47a3c12c811457a7b9df
commit	e0d330b6a2c73c1636a83fa5d0e3021b63064708	761ccc64904e92cc91137a640fad05f0b8949e51
commit	e0d3c14064234b4ffd21370ce42dd8b06acdc1b9	c6612c97557e04adfbf5ce7a3a43a2259bc630d0
commit	e0ffe6ecc0da592f07c228bb6100abc5ed3b1335	e0ffe6ecc0da592f07c228bb6100abc5ed3b1335
commit	e113107594fcdad1d68969cc817528e936189d22	977776db5b4bab497e670928c04fca94f3ee9376
commit	e119be78bf2a29eb16989e25c792b56102b967cc	e119be78bf2a29eb16989e25c792b56102b967cc
commit	e1539ad125b9ec6b19d67ad3e6b89485c8c7855a	18edcb276ef61b5ce956beb5350e84b66c1b9918
commit	e18d2a192511400d5dd3b815577119ec6d1c47c7	e18d2a192511400d5dd3b815577119ec6d1c47c7
commit	e193cd9d0715dd9cf49fc7163a4de08cc7d959d1	b18f003728e61333e010094006c35c9e296110cb
commit	e1a69dde7c36aaaab4902b3644a829682284db19	c2a707f5060e4e1d1dadc183a1cdc223c27faf11
commit	e1b345e872180d5cfbe344a2821eeb129a7b62eb	35b8874a081f72c0c5d4081bc6a9adb525ca1980
commit	e1b976dfccf3aeb1467f2e70720f8ffe8cc5f2aa	e1b976dfccf3aeb1467f2e70720f8ffe8cc5f2aa
commit	e1c1c713881d93c3988f8e36e9e60d2a19e07534	4af364f3a94bedd0aa8c113a8e7c4c16f2e9d0f6
commit	e1ca70afd83ce5c06fcb2384565eb2a41145be63	e1ca70afd83ce5c06fcb2384565eb2a41145be63
commit	e1d33eab4a6ae3006a800f6c862296a1d3c9382c	5ccb5cc457adfe781f6918bf345d4c4ef425c8df
commit	e1d93b0c273715173e109e15913a23da9427c1b8	412ece10de1a1fff37cbe24de8d22df5414f0be4
commit	e1f88e8a9ebc8867930f1ab88777aa4696172a42	e1f88e8a9ebc8867930f1ab88777aa4696172a42
commit	e2432ccece51d319bc5d0e775ba1f4d20432a4fa	e2432ccece51d319bc5d0e775ba1f4d20432a4fa
commit	e244e0e88f6b71e9847cab22d906fceb79fc4629	e244e0e88f6b71e9847cab22d906fceb79fc4629
commit	e2865afaf55955d9af7190b638d38cb0cef31875	e42355c7719a696e9bbbad9cc82f536d49769d75
commit	e29049c09eaa9b6d0829a5ca8b033f352ab3af4d	3bf0735bfb27afadd72d42a151399b20833242bc
commit	e29697429105323a5dd44b96f34a4e9bd4be5926	9eea2f44e33740bc0eb9a71dd09f8c2926df8d9f
commit	e2ab0716a47763a0ace4ef6ffc99c651b4929f66	e2ab0716a47763a0ace4ef6ffc99c651b4929f66
commit	e2c6ca7f9299f0f28d9a35c10768952f0340870b	ae398a489a287663e269b3b99f0bc7e6944e4dea
commit	e2d31b4c44dca98604b6d33e6180ef0473063c68	a6f8bc500dd1d8aaf89e9232c24979285ab220bf
commit	e31740ff2c12d6084febdb344d669e9aaa53ccf6	1ccf5b1e4777d0bb7a2baceae119b38d3433e548
commit	e31c6e49db7630946a4ef87dfba286c3e774e949	715916b9fd5aa1b619eb56182e072f7ced9bc729
commit	e3405ad2a558408211baac7ea6dc3d57fc2c1ce8	15b3debf60e94b4c155ac7e741b4addf30948a83
commit	e35b6fbe1927f673a3bc6be6974b9cc5d3c6faf0	e35b6fbe1927f673a3bc6be6974b9cc5d3c6faf0
commit	e36b146db63ef2c1f11f9463ead128ad94ef240a	fd47be9aedefc29b948d5b467d8351645a15bdc8
commit	e36f45fb56a92d03b52a8c7e58ee60fe67f3596e	e36f45fb56a92d03b52a8c7e58ee60fe67f3596e
commit	e3acc6b43e8ab99838db4121239ada54805c4049	fb685845a05942f29e6a8cb3a11cc1b21d22b762
commit	e3afdb6e13402f7103eebd37ff7b5a33373d8eea	d69804c7382ae85a783c3bbc9605235b8742afde
commit	e3c3f1c64b71380fc331b07516ca08885de8f04f	8b082bec80f1a5a562c9122e3615c7eef9291900
commit	e3cecf5a8db323d39974d02f94231499ea126d3f	6be678fd5192bb61e80d83602c4bcde4a0634ac4
commit	e3e0ba3d68db8c6ab80a5ad5678f94cccbf3761c	c936e626e46435fa767c8003958f4e27bdc0857b
commit	e44ccec1fdbd85e814b1590337f9704f20e96dce	e44ccec1fdbd85e814b1590337f9704f20e96dce
commit	e44fc71178b556909109c6bd15419d9035a98f9d	e44fc71178b556909109c6bd15419d9035a98f9d
commit	e45d2464175c6eec038966b531c80eabd74e43da	e45d2464175c6eec038966b531c80eabd74e43da
commit	e463f075cae9614603f74df3f787491a003e5f1d	6abd599a6bc689767a6c0afa902bb7fadd60f41c
commit	e46cd0de94bad1153ea04ba1c518bfc9e8b87c46	e46cd0de94bad1153ea04ba1c518bfc9e8b87c46
commit	e476a7e7849c8b63c9cb19b275175e002f98e448	07bc7944f78b890bde0c26039c0906116ba751a0
commit	e476aa28d2f25f5a2f62ab569e951ee4ac2bd7d7	e476aa28d2f25f5a2f62ab569e951ee4ac2bd7d7
commit	e47bd5cbf9a96b63659f85c25936939ef5d92cbf	5bd37ecb2aa345b28031601d1de0d8d82d8cd4ba
commit	e47eae7b217a6ef787abb917a04e5d7c1b6764a4	2ac51acc91681355745b442ea049245ba7b3ec90
commit	e48b4f2125a845782331e8c981aaee06d39eef88	27fcbfa758534247f35cf6cc5d3184bfb26f0d13
commit	e49a72d08e740a53531566802da5321838899e29	e49a72d08e740a53531566802da5321838899e29
commit	e4d5818102f890b881926933cd50fcc0f0d3f3ef	dc732548f8a30663795bfffc071705beee04915b
commit	e4de716ed98f2d9b74c9627dc695da7e228e07d7	e4de716ed98f2d9b74c9627dc695da7e228e07d7
commit	e4e58084cbe30bb6faf6d693ac424de2715dfcda	1f24f1e4555bd29422c4c6face3955e31be42cb7
commit	e4fae164add251a6a0b94608178060791d5a9d76	a1628c2badbdd7bb74da1ac928136ec47779a81a
commit	e510d146d8b72784d0d0017b7b44f1d8d26128ba	e510d146d8b72784d0d0017b7b44f1d8d26128ba
commit	e5182ad76be5c477f3ac2ef7c7ab803232e571b8	6359efc1cdb4d791085c02f66d9d1ce14bb3e4f3
commit	e53d10845dda226a96507d919a8594c47c64af33	9029903d9f33e4ec4dbb28c409761f0bb472d5ac
commit	e55d6d7047a2efe37915736232479aaff8551ee6	e33b27efd6eabd542be9ae44c0f1750fd962468a
commit	e5831d4c4ef4511a4be737d582a442c99683bf30	c3c70fc09027ad09dbaa1779a10fbe1c0d997a47
commit	e598177c252163539163f5eda32c97385e7afe82	22fd2e38061ad71222c047d78d1d3e47c635e7f6
commit	e59ee08c01657180d8c97c61640a46d58abb9fe3	9c4e71ca45a52bed54140a87da72547632b4c1b2
commit	e5a4cae6e14d33afe134b5ddc8045691db4bdb87	7683139c045915f1d94e9be947510533154ebe07
commit	e5bda5a9dc23ddc6867fd944205fb7c99c371029	e5bda5a9dc23ddc6867fd944205fb7c99c371029
commit	e5c95a7e8503bb4093f9b69941df45c4cadbc38e	e5c95a7e8503bb4093f9b69941df45c4cadbc38e
commit	e5e103b8a392ddf4d67f329ea9ed42616145b914	e7d2bb95232c824a4b759a8c4a6d7b91967de489
commit	e5ef43f13a87217f588622744c8182ee0696048f	e5ef43f13a87217f588622744c8182ee0696048f
commit	e603928462aa3993b49bb6a102e1c929648896ea	79c15cf299d7e5eee54e70b12affa3f625f24d1d
commit	e6325807bae195903326b0416fd84412731c30f1	2a88d06d1c3d4271841ac1c9e34b2779d0add580
commit	e63b3cd534a4b55faa339004c72c74d19d66a9b9	6ee94a56440d272a9c3f616a3da51ccc031fa50e
commit	e63f30c63de12e8a43e2c80b1686e8ddd8ee5fd5	e0ac49453a940b7b750c822866a936c552c3b11d
commit	e65436ba53b75d2eda614c4888d3703d24db61d4	3309c2929d6679ac6527a8de46a8b51a2b30436e
commit	e66cfe85635a6a0050160ca5b52e4041a3a6b476	1a41acbcd71ae7b306561a6fe177cca8061698a3
commit	e67c9ce67f229afd96e61fb44c7b97360832c5b1	d6ec611496940e785c1db7fd3b0b2c3fbcaafd28
commit	e6bfb87b7a8a0b4f92408432e31063957a322566	e1b7ed14fb3f1f784eb89e58e9f759398ccd6d36
commit	e6d679dea38e56c9788e4e3854e53f0b5e817cc1	2b4f1918d09052a5dedaa5384e986bbc99345719
commit	e745354d630ac4c75835f8ca67358d8df741be21	e745354d630ac4c75835f8ca67358d8df741be21
commit	e74c4109d0b3aec834662196cc31e3c4ede182cc	e74c4109d0b3aec834662196cc31e3c4ede182cc
commit	e7652973606568df0dc99d6e835a9a78d7df109f	7dcf31ea015b2b3df3bfa9490ac69b804b180e6b
commit	e79296a8d429c9e87f2481083f12630b4bf1a354	e79296a8d429c9e87f2481083f12630b4bf1a354
commit	e7a57fc49ea73733dc00c97ea249261e10fae5f6	d113ab3e187e075903f18ac5c582449436fcd52a
commit	e7faa21941f9cacbd483c439cd2bde1d8e8d4da6	280cd7ae2b91a54e30b44ffac905e0975bc55036
commit	e7ff2d0852e2d0e806102d30b2e12a61c6c8e1e2	aa1b5dc48acd5674f26d169fc78f5a7f34cfeaa9
commit	e80955a41ad3d348d2b529d897743b178141b28d	0ee39efe01d5064d254e175203363aabc4a5c820
commit	e80a34bd00b803a1a00ef9f51ef970b4cc24cd0b	4125652e1fab5b1fbba206d5e6d9423580423d9a
commit	e8149cad94f055daff54c9db3e01fcd9ab4d61b9	25a16d8c9423401872b51f2e247c529d26b0e7f8
commit	e829fdfd2567b7975876122743df19deb28e92f4	319264fcc2f6fb87b7167e580a5b06e2c4ea2528
commit	e87344fc8b540889b7a45cbf4c544bbbe6856dc7	e87344fc8b540889b7a45cbf4c544bbbe6856dc7
commit	e87df2b069d221af70375a370d9bee6fbbf04d45	4b38a75ce5beaffbd608d3403e2f2b2f18c54fa7
commit	e886cb87248b281eedf7c64184de4a34545602c6	e886cb87248b281eedf7c64184de4a34545602c6
commit	e894f754762530d713306c0a33aa7d3237814a53	e894f754762530d713306c0a33aa7d3237814a53
commit	e89fe7c1c1e03bd2937fcad5c1a94868637e5cf6	950215bacf733b63690f4feddaf65875f01673cf
commit	e8b93be667d07cdddbd946bfc682c4af9490eb56	e8b93be667d07cdddbd946bfc682c4af9490eb56
commit	e8bedcc4756368647ea4799c74bb95edc15ff985	6b10523ef7a8eee141772e0e7ee451a8620b8166
commit	e8cc8a7e645818301041caca3b26773d82da2a4e	794966770931815ecae2c6e7f2b46739e7ad5317
commit	e8d7895f1c390cf4ec7e0c666b0848dca067854d	23082015d68c6be1316549730ae7dbc12334ba01
commit	e8df9c6e85e75ecd24dca0e403cb6e883a154a36	d003450814d1691604bb72eacfa818fb5dbacce6
commit	e8e4b123b4deb7b4d7f3aa893c06f5c27b555dd1	04574eca0178dcfe68ecbf92562961605934e089
commit	e91f079247cad4cd6efaab7e6d0384e065745858	7f4341dc667ffaafe7604e95a1183645238eac15
commit	e92604a9bbc72c9cc103e6af6163804d67027dd7	0af3983c34a76920496c78fe86b7f6cba9854459
commit	e95eb2b25589fae530e79a8549b58a4b0dfa8671	a7a87dd8b1d03773086fb1904fcdb0fd78811aec
commit	e974e11497ce346910098f906d0524080e231ffe	4f3e62f6c05808cbb9a283a4474c83f10f19a5d5
commit	e987e952c5b0f2197aa476674d361cfb8d0276cb	bb3bcda777402f851ce726613c7fe92b2f51a3f6
commit	e9891a907006e2d56032c411864f3342ab112ac4	3416fb5d1d0d6e709639a847922f4c9e7deda706
commit	ea16644cc4ea5a17f7718b2322f7d52935c11f6f	1d7742745172bc6b2d2982690f4f550d10abb980
commit	ea3499549da044885654e3eb2e4ad73c7b89c68e	ea3499549da044885654e3eb2e4ad73c7b89c68e
commit	ea3b03a0c1d5cbebf79931b6e4b699fd6a119644	ea3b03a0c1d5cbebf79931b6e4b699fd6a119644
commit	ea3ec7e43b03b9a9c3b4e9f342fe8a91741bf69a	ea3ec7e43b03b9a9c3b4e9f342fe8a91741bf69a
commit	ea435a179b78a5cf4246c825d61b1e800938eab2	601732b69a3dab33fcf88777aa50a2893ed7df87
commit	ea49702ea3cc7fb7f76c12164e74be63b9d4543d	f3d5eed42d08ec69ad43f4dbb8980aeea0311646
commit	ea6ccf158cb96ef7b86d4e79e06fe2d08f4f0538	0cf48e5f9ff2642a3c2598acae8d171adf627822
commit	ea7d90bf0123f744f031d04c6a302432e0163ee6	ea7d90bf0123f744f031d04c6a302432e0163ee6
commit	ea84ed90a256a6999a41c0573980dbbc0f73e1bd	70dfe656664a19e24fcc2daeb71fdc5416b24ce6
commit	ea8a06551d92d150ff1489ff8a3c1e4e81282a08	ea8a06551d92d150ff1489ff8a3c1e4e81282a08
commit	eaa35c5bd8cff460232c15c15ddd38d76464f281	05c543f22d0692ad825acf4851869129c4c73e8c
commit	eac52b5c1377ab7539ca018be339ecc414a6211b	eac52b5c1377ab7539ca018be339ecc414a6211b
commit	ead7ac7c8f606fd9073f08c6f1bc59ca346b81be	6f9a7d51136de463d16c357497ad5d659039fff0
commit	ead968a1de9d344dd16da629809639a99fa38c98	08d3ec966f2921758d95f5a9b2af8dfa1f77689f
commit	eaf7864ea853df2394ccfe0655b2cfc60aab17b4	949afce55fbb72b9b92c026873721c505aee88bf
commit	eb3d0ad48082c0b89038a4e208dcf1ddd0f65007	458e573e2c3b056aa7d067a97d9c581cfcaac064
commit	eb6ca92ea98abaa110f492afafd260d31c3f8943	eb6ca92ea98abaa110f492afafd260d31c3f8943
commit	eb6d8aa279dd0c5bd16ab12a6fb72cf5d02af294	6d74d35c5d84b1d8870a5b96be2d236e1315b3ac
commit	ebb6b0f1799c9144dd0e087cba59ead4125c11cf	ebb6b0f1799c9144dd0e087cba59ead4125c11cf
commit	ebfec753fb14d80c69b84404b4b9aa222c32ce53	ebfec753fb14d80c69b84404b4b9aa222c32ce53
commit	ec1725200dd7b8d4d4b141e64fce055df5821998	dd9fa675e111fb3b3641527c7696b19d76f50698
commit	ec30be84700b92ab4f265c2b6b2ad312421ebaf0	ec30be84700b92ab4f265c2b6b2ad312421ebaf0
commit	ec3a2c56874d3e13c136e5d2027739f9301d04ab	ec3a2c56874d3e13c136e5d2027739f9301d04ab
commit	ec46e686caf93c68e95eeb050c1a659d35f56e05	d98b219e3267063ab12e4cd2a432c5593b2a4f5c
commit	ec47d621e8b0348cf779ddb5c4a9f44a63274264	65078b500bd7368c2d58d15570f28fe07bc40590
commit	ec77f102b902b856a61e9aaa794a2f1bfb3646eb	301981e1178989b62900ff1fc75a8e4bd3df8f57
commit	ed0275025208c1c33df1760148540256b1ded889	5396781aba198d0eede757a655777e44047b9bbf
commit	ed2a4a20ce0e04a07850355018b873db39e7306e	ed2a4a20ce0e04a07850355018b873db39e7306e
commit	ed418336b8cbc90f1c32a14441adfa6854e83548	ed418336b8cbc90f1c32a14441adfa6854e83548
commit	ed4b52eeaa13ffb61191de581a3cea6c53dda6c5	ed4b52eeaa13ffb61191de581a3cea6c53dda6c5
commit	ed5cc74f833a1d1ca84b1d78fa5daea4b2b7ff00	e932d1c8ba8b6e99d7539b6380aa5ae199390266
commit	ed5dcdc4380d8f38a02ef5aefda8fa187f8bff47	ed5dcdc4380d8f38a02ef5aefda8fa187f8bff47
commit	ed6fa147ea67d16f9a12ed0588464602a45db2be	ed6fa147ea67d16f9a12ed0588464602a45db2be
commit	ed7060e68f68c27d0faf780923fe9d45408decd1	9a316de34cff3f7ee985c13e1b6f1dafa16b0bcd
commit	ed87bfa632bf43c768d4cd7aa314d06fb41e92f9	91914f8b45e148a169dc9078a06ce9316b7fa7b6
commit	ed97c7e8bf15ff6e514527ab20bbfc2e79887650	a847b6792f4a5b49837133ab54f89338f3eaa697
commit	eda4f6a9820cdc23b6b6fa5194e9a4c7dab59a14	45d820245a6e49745d3b43c8057f4a88021f8fb2
commit	edc29d31ad57ca9f39742c4ac72e1a8b01522b27	a1aecca0191a323e79f980736795d870f567d602
commit	ee2639faf112e9cc677be62ebb4dc5eab0cb8853	a8fc56da71b1720438e4a1f5dc18e28016193279
commit	ee3d847d39384d74f51129cd2b5663885a20143e	6e0b9c6630a8f97c9dc68a1692535c27211bfa5e
commit	ee73226c8d6cb6ddd3a0bbdae67b697de58ed6a2	ee73226c8d6cb6ddd3a0bbdae67b697de58ed6a2
commit	ee883ac7e989d1bc855da0d039b22a5cb5e2c446	52cc10add78d8fc5e0680109e21ceb8ba8f6e09a
commit	eeb6c83f56178890a29985f3820b4eb591542789	9280734ab9fd8ac71d58f4e381d77df9a21a0560
commit	eed767a9bbb50348802ce4316824b3d266cfe25b	eed767a9bbb50348802ce4316824b3d266cfe25b
commit	eee0535f77cd0cfcac2f2e8558a7659dc31a8910	752b28bf3bd00de3af05993433ef0463e14773c7
commit	eefa3f53f84665325234e2074a9fd2bbfd6fff10	91a9af6634f47ef3ac164e28d115b470a5904824
commit	ef024c044ace4ae51b2f6139e17bcf7dfce1adcc	44e20ef168336a1e98ee86dd8e143c3d43ad60d9
commit	ef0428a65f8ee7bf0ede41f13a593e5363c22040	36fab3390431230721bc76f3af5532c426242553
commit	ef04cbf282edae8d9f3d63236413ed309e1df62e	1b8cd2a4ffca855783545032baac9040761183b2
commit	ef195e6bf2c26ad7b2d961e6c699b8727ab52e51	2e1e5564467094d2ac7785e9249140f209c9f6e2
commit	ef311360276696e3662e5cdf9908eab52753aa30	ef311360276696e3662e5cdf9908eab52753aa30
commit	ef413a79478372a3d44a2609e620339064e9983d	ef413a79478372a3d44a2609e620339064e9983d
commit	ef8c12af0e6ef038219338e84477d0f8b311ac96	87c63d9fdcdddbea0c5d405e6273fd0b6a895047
commit	efadf1c42447e845f7b06264c06236f072604b0c	2a1fce8b9fc01c3d900d050370e6bfd265cd648d
commit	efb339feb14577af71771c2ffb6493b8015bd16e	11e721bdf8f9e1c91b0d918d839d368ed9f2d6d3
commit	efb6c2abc2c9c44e233e157733e34ff6123d2851	efb6c2abc2c9c44e233e157733e34ff6123d2851
commit	efdd5f68c3411323e0d1e6160aa244ac5fea0015	c13bd13de3d1bd80f4b601ff11cc4b0530675a90
commit	efff06f30ee815955d17f8d8ede1121bb18dd2a5	2b51463483cd8bbb9db7ffcb6394ad59f117cbe8
commit	f00b055f7062634cddaf4b95d8afde2244a1afda	a514da4223b5b74bc26ee393bf4e665aefe1cd0d
commit	f015e7e6edeffacfc7849575bf921f833adaaeff	a5af85d0bd8711e55f5375de6b01755c2e164fc3
commit	f023b3c84ce0ed45cdece9ddcd48cf2490807505	d914bd7a616350f25639fdfc8efcf4095aaa763f
commit	f027e346e5c7788eee3d2f074930c2346bdd909f	46d20659e95a143f3d129a94dd6f9877e342d932
commit	f08fc2a893af39a0eebcdd240d412dc6948998d3	629555bf01d800488b2de4aae1adfab1d5ff9167
commit	f0e819b227485896313ca8208cbca12b5bb2dd28	8bf9d03dd910bf221570c495bc2b8862bcd5c935
commit	f11274aad8f7ec5a1415341966155a506c835f63	92bb8788e9c5b456de83c9a03e3c641bf7e5215e
commit	f13845df3b92e17ec63190af6b4e8d46c1d55f68	f13845df3b92e17ec63190af6b4e8d46c1d55f68
commit	f14ce37235e6a93f7c7c1a1793f20fa3ed52cf94	6c8196b31213db4afb51304329a40001c6611973
commit	f1588073abed0f0643572720e65a28d9fb4bfe7e	08e753cb540e474c7043c40eb7c5f460bde19480
commit	f1912bc56875cdb0831770d9ce27fc0e95854748	f1912bc56875cdb0831770d9ce27fc0e95854748
commit	f1c6ab4d06890589d3037c2a12a0ecb98559f524	f1c6ab4d06890589d3037c2a12a0ecb98559f524
commit	f1dadeaa0962d5b6facfc25986c522872253e29a	eeabaefaeabb55464ca5f4b56ba66c70a38ac9dd
commit	f1dfbc0cf13f7dcc5daa006f57694d1b93234dc0	f1dfbc0cf13f7dcc5daa006f57694d1b93234dc0
commit	f20f05ccd3f06acd4032fbe1bf1231956fdd395c	a7ee5310eeaa10d26c90c1e7a7e4a2a2b0adf50b
commit	f2125c6610ec16a93faa7c24c873cbc96dcf118a	f2125c6610ec16a93faa7c24c873cbc96dcf118a
commit	f21324b370515b96129dda30eeb9746a0dd7fbb7	9b276bb63e94069821ecdd5cb4af5cb2bdc560a0
commit	f2364684bfb6c90f6289a09993982eb24338f040	732fa188d92fef95520c557cb338574b760e2927
commit	f254b70f9045712be4051b536905dd9b9c4e1483	f254b70f9045712be4051b536905dd9b9c4e1483
commit	f280efd9700fd2bfad03d61b96e4f1ad86417b72	03a284b13d9eaab4b5f11da6dfdd867ae5759fe9
commit	f296f815c1d79d6c3a199c38729eea4a29f06db1	4af5d36e20ff30068ed5b160b87af665e40fd323
commit	f2a476034e9c13fea249e9d10ab8d663bdae0a91	aa2e7eacfcde71c53f1539d7c36a3da2f3a0977a
commit	f2bd9b1e5877d25d23744a742657ce69ce4ad33b	7dabda16aa6e3c2197c03acdf4b5c7fa83cbde4b
commit	f2bf7fb81feed82622caf0fb9c7fd0f0ba1b6bad	f2bf7fb81feed82622caf0fb9c7fd0f0ba1b6bad
commit	f2fe5eb3eb54bee4300f830fc8b77c08f467ee0a	ab183ccd591be9367b6ff17a4a40e92cf4597e2d
commit	f3247cf426302b8ce09cb01c3488e447d897c0ad	f3247cf426302b8ce09cb01c3488e447d897c0ad
commit	f331cc2b72bb25390172fec3ddc23cabf620d45b	1a3fe4a29c9ecd7ef6f5b654987449d251b25b73
commit	f332e337250bec3c0e652702589a3155e7f08ddf	3dfdf43a137336c4ba201109c82c53c34cae2d6b
commit	f34698875103f626e6befbbee4fcaa26dd3a992d	e4de8bc13be8147ff6f7ac709fc2d8ecbad8ac66
commit	f34ad0ee34189a80c758ef11c687525240b517ae	f34ad0ee34189a80c758ef11c687525240b517ae
commit	f34b451f43656da52785605c93e37d973e5d95e6	330e15d962cfe3dc1adf5a4b4d3b0400b9c7c9ff
commit	f378c9f9b0108857cc13a762dac3b4676d93bf08	7d153bc82706a00cb17adedfdc3ebf3b7c0c3133
commit	f3a164209622438cdf618a358c7cc61be4de8b42	14fe1f74a66c054c868878948bbd3369aa44b956
commit	f3a7f5709b58eed172a7d9e23367ced31e2998d9	f3a7f5709b58eed172a7d9e23367ced31e2998d9
commit	f3aeff93187bcf405867c4727f7e9c184f60709e	d34a34c04aef414a56afcad6409f0ad9cbca4fa5
commit	f3b141e1441308e0552722630ca76613016529d3	78796ebd35f8ee29e36ad10cb113534ab6a88218
commit	f3cc6b89f112384a06999379d48595d88b676f8c	abf25f2575cc0606dc658b7d1ebcb77ef4b292e1
commit	f3ea453bb69fafde7f9fd1a7391fca400b046b22	4b65e7343828ca3f7d70a027c88f6667af07918a
commit	f3f7723401fc115dbdcece3cb7811b0d7cba1f0a	e3eca7e823c6937504845636c54b89cbda2d36e1
commit	f41860e45d4feec3391c55e1db7aa08a4d03cea1	0ef65d6abb18dff491a88aebb63ccb00cbd80cfc
commit	f425d5ab0352614dd7038845b3a206b9052fdc3e	f425d5ab0352614dd7038845b3a206b9052fdc3e
commit	f428e6ea28427d49b9c3a8df9cc9a04dd8337ab9	0508e58aa593bec3e380e00ac32e62fe9d56627a
commit	f432465874ba67a12eb98c662e9a5ff9c8520744	f432465874ba67a12eb98c662e9a5ff9c8520744
commit	f438a1c191b7f82bd33e885d76795cba0f5ae29e	e0ca2757658ca4ad59932ef2f95e9f9c3a34d368
commit	f48a8f5f22865f8c088217b0cb851961bc256f6f	0768ea4f3c72a53c39ce0eea71aee1dbf093a063
commit	f4af4fcbbf570b83073be7c444aebd6195dddaaa	ed2daedc563d8c5b53cbdffdd0bf7e8e5b55a09c
commit	f4c116f77431ffa1b037eda64b7e24e8e6d46aea	f4c116f77431ffa1b037eda64b7e24e8e6d46aea
commit	f4da5a522cf41e17326530ca92593630a66573bf	35e958dc62ef4099a4ad35ef93e96cb656cf3090
commit	f520a982f9a1f6057247e234c93a585f07cef33b	f520a982f9a1f6057247e234c93a585f07cef33b
commit	f52ba400784e6e11ba39fd0cbd43cc3f089e2b1d	f52ba400784e6e11ba39fd0cbd43cc3f089e2b1d
commit	f52f441f844fa2fe35ab5a0ff15331a72b11869e	f52f441f844fa2fe35ab5a0ff15331a72b11869e
commit	f549d7de478c48f54aa6f314c5a5227f658c591c	87ebbf95ae2b80d5d5a3288fbab589d9080d9ea4
commit	f599c73c37c2b5ea2d39c454d49148f1a6a509a4	6b20e12f6c95b4e78adc96b5f6d2eda4cc5ddc62
commit	f5bab711691af2503f5553ade5095d9f2db0f5b2	f698b9b7c586a27945349341b2a1eada3486f417
commit	f5d0cc25c6debd599d11e84b615ecee21bcd235a	1665e8292f5005cdec786383662ce5962fde4512
commit	f5daa62abe88d365ea84e488c01fa557a46fec53	32c3446e50b04d287d0bf3c49ec9671e5b7b4765
commit	f5e9289530ff92cb7fa725f5f9b29751ae16aee9	a8a2ddd59ec8bda34e134798c1616e61b0d39c5f
commit	f61625c66023d3b67b55c9481fe85aafa1af47f2	4a35feaa4dcd05ebec6d7d67092d190e34e72360
commit	f63f7c75487f1fd54b330519358b1a58ef30fce3	f63f7c75487f1fd54b330519358b1a58ef30fce3
commit	f64e7f4bf874e5bba9e2bc3bac097fac4a52e839	0d01cd0bcec46be4394a8062a87a1c910d510436
commit	f6588b1b3301e6866a5df0276b169a27241e394e	f6588b1b3301e6866a5df0276b169a27241e394e
commit	f680f0188d21794435adaf40d7a1c7d171e25707	f680f0188d21794435adaf40d7a1c7d171e25707
commit	f690720504c5e80b344af2484bf8251b615e5319	4a66b3fb371aa75a2b06a23525a581f2cce47627
commit	f6a854efe970b516f8fa0d24cfd327dff756f238	f6a854efe970b516f8fa0d24cfd327dff756f238
commit	f6a8fcacaa9f7dbaa84cd34062be60c69dee439c	f6a8fcacaa9f7dbaa84cd34062be60c69dee439c
commit	f6ad2ef48d5d415d6db75685777f85379e62b492	d3d19c62676eef529dd9d14e8722999ee7d8f249
commit	f6e3e384938b8027ee11ac4ec418747fe0298fab	f6e3e384938b8027ee11ac4ec418747fe0298fab
commit	f6f327b966eab246642ee242e52c6d1d11327f29	f6f0c561834566dda9b89d05683854014203d757
commit	f74a08e89b8cc79f4421cd5f4eb3b95576bf4912	f74a08e89b8cc79f4421cd5f4eb3b95576bf4912
commit	f7524bb32e1f36417d37b358d650c8eba8e7329c	3576458027ae9d98c81cebafb8c32434641e9072
commit	f753e7e507df119bd8a80c4f57a60dc816726b75	ac469be52283bc138d45a378ed79167021690c53
commit	f761644909991d337655175f634f8e2b00b99cd3	f761644909991d337655175f634f8e2b00b99cd3
commit	f762d8fdac3becc57d8f57cdcbc81ab604c9130a	f762d8fdac3becc57d8f57cdcbc81ab604c9130a
commit	f766b2d5d9cfe5f35960ab317ee0509eeaf63b47	bcdbe315c0cfb8fbfa1254600f7156622cd79bcd
commit	f76dbc34dfe978ff90e2650ec1755ad9db2d7bac	c57910ff0490cf20ebc2c6385b2bdccc17517151
commit	f770cafa94bed653aeb4f6ac7db2da2fed732763	ef7771121b49b8538980d3ed6ccc4b3651b94043
commit	f773b0aa5796b931b59fcc99ee774cc8eb87790f	f773b0aa5796b931b59fcc99ee774cc8eb87790f
commit	f7d6b488dc0844b6af0986610b2059c842f70e83	f7d6b488dc0844b6af0986610b2059c842f70e83
commit	f7ddc23ceab62e49395fea9c749f4250d6189ceb	f7ddc23ceab62e49395fea9c749f4250d6189ceb
commit	f7f3d670bb0128167612673cef0274ce9092be1d	b37ce3aa636aa512b0202bd510a562791fadfd78
commit	f80788df084b6e77c0dc72327fd1c0e4fc2bffaa	d4a6a058090afa11ea64b9bba986c1d1c148501b
commit	f82b9c80aa976bac15feca8d5ebb4193f10f2387	f82b9c80aa976bac15feca8d5ebb4193f10f2387
commit	f854f15f8533b99bc37df178d87324fb167d4140	d26724f833df3484c1e421bfceb422c2aea875c9
commit	f862739f30d445cf0781e66da556fa1d32b0b81c	f714940e3b2b56e000989342727ce73cd5d93e8e
commit	f8d00696d86049c2db93ca7c56708d9a0be891b5	6e949e8ee958e6da5d61b041bc1aeb92c319e9a3
commit	f8d89771544f845f7f1194b8ba3c455dc27be860	9000dea1baf3cb8cbaee40da5d985e6533ce7bcb
commit	f9044086e58c509a5b9d44f39fb502664a421614	d83c9aceebd441fad8689337876668cda3aeb347
commit	f96f6d91a45723c5c5b45706911e7d5e8bd2a044	02e7e697656ebe187366c1ef25b503c2c32a8a8b
commit	f971cf7fb2e6dfa2ae72671d81d37ee16347f7d0	1b0682f28b89a087b37fc37e29638d071c840259
commit	f97bcffe54fc7f5fe79defdc88a0432248e533a5	08d3ec966f2921758d95f5a9b2af8dfa1f77689f
commit	f98d456ac0b5aace9953ff2bc569e248bf975d64	21b25e13b94a604f73362275fc34cc950bb04415
commit	f9951ae0504cbf9a0c64f9f39476231761cb44d9	f9951ae0504cbf9a0c64f9f39476231761cb44d9
commit	f99cec70fa42b1151eb7561bc2e0b7f8169777c8	f99cec70fa42b1151eb7561bc2e0b7f8169777c8
commit	f9bfcfad3d5aa6e9e7b1204554cc3ca41d00e289	f10da6ff48b44e56a6c177719380cee05804fdb3
commit	f9d43ffc2cc66d75d3c01e704bf9e513b747604b	f9d43ffc2cc66d75d3c01e704bf9e513b747604b
commit	f9d78297e59201f097615f5c46bc69e2a3f6842b	e3d83934d370b331e64622748ceeff727b78f591
commit	fa0e378733cc9f93c18212d70471a598882a5053	fa0e378733cc9f93c18212d70471a598882a5053
commit	fa116d858e6a208798dd98bb16a34bef54c13613	fa116d858e6a208798dd98bb16a34bef54c13613
commit	fa29a326833da65e09b71ea418b59ed97ff9b280	4363e230c794f810b59de2329af2a3b68e8edcb7
commit	fa2e505f328610d3b22176177f7fcdc37cacc462	f3f24c3e2cccc83f7f98a3abf410e9d1b2cb0daf
commit	fa35266eb116c8d57512d7392755cb9ccf7a0ce6	fa35266eb116c8d57512d7392755cb9ccf7a0ce6
commit	fa5dd7bc8ef07391332982a1a14a4c65cccf11b6	e867f515b20cee1f61d56e586cf7c49ed7256de2
commit	fa8fdeb6b5293be9d4f7750f2df468acb94f1479	0082a03c6d0e2ef3b9d44f12be562ffd697f7f5f
commit	faa8ca1b35eb7a0f759bbac0b2a852e6ed45ee38	0565de3d8bc9d0fa49f72b8d207803945363d0de
commit	fac30ec1bc5de24d8356bc3618b662d66034a66f	685d83f0b693645d05b278673f3dabd343bbbc2c
commit	faf8d0f1f8e3eab07ab1626f2a154507b2a8626b	faf8d0f1f8e3eab07ab1626f2a154507b2a8626b
commit	fb26bf47cbebda2137971a308ef741dc2749acff	399b91fb6f13583f53314303e2c4010baa0dcfbc
commit	fb8acd99900ef1b69584ba61a5a250fc78849fc7	7b1d9741c525b5aa7be0a2613337ddb8c4c4df96
commit	fb936ffb0b6e6c089eb3bce99b95badb9d57791c	7f2e1839d30f50e087bd99a8e331107ce58f35f9
commit	fbb5b93dc2b0af8b59d62e71999e9863cd223e79	fbb5b93dc2b0af8b59d62e71999e9863cd223e79
commit	fbb7cb60031ef22945f7666a67eb81ca6a3851d3	2f4b84e8dde206c2570ccdc63b50e6867431de21
commit	fbbf45c8ce7e1dbc6edfa1731f9959850d94d3f2	051568284201847b1bc379927ec4e9af392314d4
commit	fbd6d4b8427985dc1310a3287ae2d5208e07e4ac	fbd6d4b8427985dc1310a3287ae2d5208e07e4ac
commit	fbf48ff357f251b73a97c2fffbad1a6d35a6965f	2cb701804bf68678ac78ab0014172633d919d01a
commit	fc0fb0e9089fb379c706c2ecf30d6694c56538ac	e4d20bbe7c564d883b625e5f5a5301c6a835c7cc
commit	fc206c3f17c978a5ac95e91a6ae481709f12a981	8756cfb7131af7781cc19a906f642564c7eef334
commit	fc369c3da676f31406997bd98c560e272a393ce8	fc369c3da676f31406997bd98c560e272a393ce8
commit	fc71e9674b99a1d39d9f6cd7ccbf5f77006ee3d8	412e861a8076855fe0e1c46165806e7ea75865ba
commit	fc9b6717bf47ea0ef6b33ce8e06518790de92b69	542afd6240553186cf22c045314f46ef6f81549d
commit	fcb281d9c75db5c42c4eedde45bb5956082890fd	fcb281d9c75db5c42c4eedde45bb5956082890fd
commit	fcb872d87a6b7eda19949ec8aeb70c59c129f554	fcb872d87a6b7eda19949ec8aeb70c59c129f554
commit	fce23046ae6e02a8a7ee2b31172aae87dd329967	4b09cdd2625bebe2279e371f4d2a5c66d53ec458
commit	fcf04f088b50ba1bd22f6ae276bc1aa50b897712	d8c2fa2e9a72bdfaf925bbf70ba3422717bc86c1
commit	fd1f32d8ee4c5540e981aa65a7fb3629455948a7	76e5e5505d3a203f95df09437a7abae4d93a776a
commit	fd4a0ebfa2cf7e5933303f6fb2f822bf62e1e1dd	9e140e83424aaa38dc3d34b8f240e77a2c58e486
commit	fda6d80b67a34e0d97bcc3241747eb9584d0b96b	2345535e927f96ce85747f205aeef45397f790eb
commit	fdb379ad5554c42a1ecd188175d800e4e0a214ab	39a49741591153c3283e575e2da4397b98884fb2
commit	fdd2329be973e40982fb6eccd47ab9fc8dc0e313	f7e59f14a65cac481e803a6de21a00b61ef4b5b8
commit	fde1b462c6e5b62e016ee3cb2d828a705593be6a	c4e1e3328b2a8e70799f1b73bf06a3a225ea5245
commit	fdeb3b6f03b65f1fdc695e941dd036e7b467381e	cfadcd035e10508a7d3f352e36e6cbe30369f3c0
commit	fe03aac27a33e7a98966f023b7586b8600b6ff4d	0dc8d0afa5c5b34561579a964ef98978eca4fbd4
commit	fe10b0abdcebd4f30fb9923d64238cad1578e2da	d67dd93835c967c11093e5a25cb3074a09dc3ed3
commit	fe440e3917b84ba9032fe9816ab7843fd4f79a1a	4bcf1f748f3297e63a467e4629172675ff5e0bb3
commit	fe5467ebf14dc9737ebb569fe4ce681c51e10a7d	2b1e62ef799fc4aefae8b6be957362a0a7eac600
commit	fe8a2d755ec5cfaa3518766d0153c61ebb2dbcac	fe8a2d755ec5cfaa3518766d0153c61ebb2dbcac
commit	fe9ec8a105fcd60a2093b5943162966b57b0858f	a4beacbb6c6e5ccf235b568b9fc4d4d12c267c3f
commit	fedf60283fddc64e41eb87603aaaf20d6f5af37a	cc7169da6cf94af39e1730d64bf4f55d62c20002
commit	ff26d5d5142b59882f12063324b79bbf546179da	ff26d5d5142b59882f12063324b79bbf546179da
commit	ff3a9a872b081edfb5bbd431f7718b6b28994e0d	9e140e83424aaa38dc3d34b8f240e77a2c58e486
commit	ff716d5868de5ef7772c68b496bb676defb4cb74	ff716d5868de5ef7772c68b496bb676defb4cb74
commit	ff75efde9e11f4f4e2a4a86a6f070e06e73be587	a49e8680f4055a6d5ddb82efea3286141fb11d33
commit	ffadde666e1f1815528688f9a9ad383f748715a6	ffadde666e1f1815528688f9a9ad383f748715a6
commit	ffc776e66954ca01d533e2a7f1057a9e23be4616	a6dd77acb2502c1f896dfddf502252e47430d322
commit	ffeec519bbb51c99e14362e49492a790c7fbbcec	e0c1c4cedf8b5d8308bb5bfa207d897de5594d55
tag	06e4b5ab656523917b5d41e13afdb2e80559ff50	06e4b5ab656523917b5d41e13afdb2e80559ff50
tag	0f16f22bca71bacc91d2ebd5d58d545ea3b84709	0f16f22bca71bacc91d2ebd5d58d545ea3b84709
tag	10bd742afd4d2d54a6cad35644bac95d1dd7db90	10bd742afd4d2d54a6cad35644bac95d1dd7db90
tag	3bac549b2c5df171bed7f8f4c96aeccdd40826ca	3bac549b2c5df171bed7f8f4c96aeccdd40826ca
tag	46889cd23a705063af05b5b613d87101d40ad65c	46889cd23a705063af05b5b613d87101d40ad65c
tag	568c06491128b4e15463efab146e5e019909a9ad	568c06491128b4e15463efab146e5e019909a9ad
tag	7527753c13fec1500326ed20ccedebccb4309194	4ca6ba0a72259da79c2152fa3790481ec6c14d04
tag	79e91d243b0538953b20cb71ca51da708247c30f	79e91d243b0538953b20cb71ca51da708247c30f
tag	8d3c4f6fba0df7081ca0cb9696be6663e036ab4a	8d3c4f6fba0df7081ca0cb9696be6663e036ab4a
tag	97b4bbd2ea89fc8ce663d791fd1e14ca38f6765c	9c970477075fa05dacdca0fe0428f42ff35b0993
tag	9b4a051e992739087cdd09961e48df698a5ce759	9b4a051e992739087cdd09961e48df698a5ce759
tag	a1379c6d249dc8f0d5697b53cfd72d2e8fb880ca	24092b88871959db174e4721ee945f37a4c28042
tag	b6fcd3d39591238d7b2bcfffd701962517fe4f90	e8877931c21c7bfae66727811cd0f7d35f1d214b
tag	bd517a00dc8a9f7d73321ee850338c70107a1c37	bd517a00dc8a9f7d73321ee850338c70107a1c37
tag	c5cb5132d33b550700f86cccfe72758c939e93bd	c5cb5132d33b550700f86cccfe72758c939e93bd
tag	d4b7c64e72003db62b614374431427faa411059e	5e77ab8ac3e181fa2108913f8c22d87468e9648a
