kind	old	new
commits	c3da2ef36f904e1885a162451b4d71b0d67e2e12	c3da2ef36f904e1885a162451b4d71b0d67e2e12
commits	d0ab75a00a2ad0762dcc9f4d7f010ad748cca7f2	d0ab75a00a2ad0762dcc9f4d7f010ad748cca7f2
commits	7fd11983b6384ea5cc3080d219ab132ccfbfa73c	7fd11983b6384ea5cc3080d219ab132ccfbfa73c
commits	1707024836c34f71b26d0d52d8d3648af3977417	1707024836c34f71b26d0d52d8d3648af3977417
commits	8640345bcc415896dda3d807d40098a388c098a5	8640345bcc415896dda3d807d40098a388c098a5
commits	fe73482dfeffb4c148a9a4a42ba5db6f616290e1	fe73482dfeffb4c148a9a4a42ba5db6f616290e1
commits	8e983764f01ef84d90626910127feec047f32955	8e983764f01ef84d90626910127feec047f32955
commits	b9d4d2893a59d5dc46ca227f03810ef9690c5074	b9d4d2893a59d5dc46ca227f03810ef9690c5074
commits	9d97143db004d2a11d33c63e293ca3843213ed49	9d97143db004d2a11d33c63e293ca3843213ed49
commits	f1fec7fac739f4b0c921b5eec97f9c6a35a3e6ce	f1fec7fac739f4b0c921b5eec97f9c6a35a3e6ce
commits	14110f48870fd79266233ad9902a2252e568ea0a	14110f48870fd79266233ad9902a2252e568ea0a
commits	7f4049c96717b5f67651ce952ec36a478e24d860	7f4049c96717b5f67651ce952ec36a478e24d860
commits	913b2daac12af303caf298ec813fc48a0a3f0524	913b2daac12af303caf298ec813fc48a0a3f0524
commits	71aab31dd8b1be3cb16d516cea873b43c78d7359	71aab31dd8b1be3cb16d516cea873b43c78d7359
commits	25d3fe24e8f87de18075e3429dc54e4a6c0f8d44	25d3fe24e8f87de18075e3429dc54e4a6c0f8d44
commits	745c4f019294eca8a927f451474622c03189a6b9	745c4f019294eca8a927f451474622c03189a6b9
commits	55495b432936dab4c49c7e206d65f22087724d1e	55495b432936dab4c49c7e206d65f22087724d1e
commits	320e491ebdbaa309d30ba76c0d041dedff3d2d3e	320e491ebdbaa309d30ba76c0d041dedff3d2d3e
commits	0800ad1666c13135881d16ec702d471ff059b656	0800ad1666c13135881d16ec702d471ff059b656
commits	85f580e29ed93e9b82164c5075b6cb719e73ab2a	85f580e29ed93e9b82164c5075b6cb719e73ab2a
commits	b6b9701b079e14c5ac15d4c83f9b2416f2c199d5	b6b9701b079e14c5ac15d4c83f9b2416f2c199d5
commits	0c0df6948a51a5d32afdb9156f15db9d0cdfb78a	0c0df6948a51a5d32afdb9156f15db9d0cdfb78a
commits	55aaab2305d2445d3c709cbbe744480bd8126c7d	55aaab2305d2445d3c709cbbe744480bd8126c7d
commits	82008fba0dee899a8d3db5bee97d5be6dd3bf677	82008fba0dee899a8d3db5bee97d5be6dd3bf677
commits	530cbbdf495a872af4dedc6b7fab584bc24a5270	530cbbdf495a872af4dedc6b7fab584bc24a5270
commits	c90f8ecb2a4f277df8f4590eae96dad41ab1a562	c90f8ecb2a4f277df8f4590eae96dad41ab1a562
commits	32ebcc837eb0b6e3fb83b63e752f449f169de30f	32ebcc837eb0b6e3fb83b63e752f449f169de30f
commits	7515c946f4c945a2618e12881e0bcd1dd36e90aa	7515c946f4c945a2618e12881e0bcd1dd36e90aa
commits	74304d9931dc9c13288bce86f21f24c1828537a9	74304d9931dc9c13288bce86f21f24c1828537a9
commits	7462e06dbe9b58306a0cc96bed04c7a8047af20d	7462e06dbe9b58306a0cc96bed04c7a8047af20d
commits	69565d1e4bf712a77a18facfd1038e30168e6924	69565d1e4bf712a77a18facfd1038e30168e6924
commits	f4d03b20cde0c60eca243b297ce1e342b75795c5	f4d03b20cde0c60eca243b297ce1e342b75795c5
commits	8c53c96ff63aed9ca92774f3009d7a6ad9a77d72	8c53c96ff63aed9ca92774f3009d7a6ad9a77d72
commits	f0a0079b43e482811b4b3e6595896b916530404f	f0a0079b43e482811b4b3e6595896b916530404f
commits	6e5792c9d19f7ee2c0d9e279ca1490c1c5030b5e	6e5792c9d19f7ee2c0d9e279ca1490c1c5030b5e
commits	b35285a59c73e128621a7c356cc1b557cb826105	b35285a59c73e128621a7c356cc1b557cb826105
commits	6dcabcc4054a5125fe9b7ff4f22e19c3ad50a0aa	6dcabcc4054a5125fe9b7ff4f22e19c3ad50a0aa
commits	eefb6e29378c0e7ee1b9dbc68a751e10ced66ed6	eefb6e29378c0e7ee1b9dbc68a751e10ced66ed6
commits	a2413bd9d97e711d0d0cdbe8f363ced08402cc53	a2413bd9d97e711d0d0cdbe8f363ced08402cc53
commits	679b4695ceb35b945a0be718fe714ca28d21ef2b	679b4695ceb35b945a0be718fe714ca28d21ef2b
commits	8ce5e6043ec62efa43d37d6d9d2c15284a494d94	8ce5e6043ec62efa43d37d6d9d2c15284a494d94
commits	3ab18a9d1ff405b9ef4433dd043eb2114dfbf8dd	3ab18a9d1ff405b9ef4433dd043eb2114dfbf8dd
commits	ba43cca4db2587b5e09a52115dc60d0986a60016	ba43cca4db2587b5e09a52115dc60d0986a60016
commits	14ad08b80eb9ffe4e433679165c0324fe63d40dc	14ad08b80eb9ffe4e433679165c0324fe63d40dc
commits	414bf940127d7551fcc0b8d78e04a795a02d06a5	414bf940127d7551fcc0b8d78e04a795a02d06a5
commits	92c545726d22b73c4288e62594c39552852c292c	92c545726d22b73c4288e62594c39552852c292c
commits	40b57c22bfc1491450e9e83bd001a6d362867321	40b57c22bfc1491450e9e83bd001a6d362867321
commits	9d6b2a3fb895deada2d3cde4851e19f736c71b79	9d6b2a3fb895deada2d3cde4851e19f736c71b79
commits	794fa9144876ebc3211b7a37fb8c8f7dfa5693a6	794fa9144876ebc3211b7a37fb8c8f7dfa5693a6
commits	586d5bd205851a9a054af950980d4e45f334281d	586d5bd205851a9a054af950980d4e45f334281d
commits	e798e972a181c81fbd86a094dab157dd15d2cd74	e798e972a181c81fbd86a094dab157dd15d2cd74
commits	f0eed595382f2115fcf4d510e23cecc5a0ff53ef	f0eed595382f2115fcf4d510e23cecc5a0ff53ef
commits	04cc00f9dbffad1b743f8a751d813f484e6abd25	04cc00f9dbffad1b743f8a751d813f484e6abd25
commits	91f46036d48ae1e360a2a1757bb0129f801223e2	91f46036d48ae1e360a2a1757bb0129f801223e2
commits	d516b751a08aa89c4c328e3d02df9447391f7190	d516b751a08aa89c4c328e3d02df9447391f7190
commits	359b67682ad12a718fde8489bfae0ece761cdaaf	359b67682ad12a718fde8489bfae0ece761cdaaf
commits	74be77893a48d95686dd497e9f2527e34c7b2828	74be77893a48d95686dd497e9f2527e34c7b2828
commits	4b05377e163e6f5f424426ba4ea6b0449a69b367	4b05377e163e6f5f424426ba4ea6b0449a69b367
commits	23d2b5dcd03385e071ea8ea547ee6faebc2f8663	23d2b5dcd03385e071ea8ea547ee6faebc2f8663
commits	b6e3dc13cf85b6d7d5ec3a6e8e65ea5dbea2a20e	b6e3dc13cf85b6d7d5ec3a6e8e65ea5dbea2a20e
commits	3e444e978021156ab10fad89c5620cb1cc66151e	3e444e978021156ab10fad89c5620cb1cc66151e
commits	0a2a2929116bbc8cb85545ebcfd36ccbc0fa57a9	0a2a2929116bbc8cb85545ebcfd36ccbc0fa57a9
commits	20f66572391f6570d27f3ee6cb6c04d2287262e5	20f66572391f6570d27f3ee6cb6c04d2287262e5
commits	664d043168f3a58641947669882616f9fe886ccd	664d043168f3a58641947669882616f9fe886ccd
commits	ff22d64adf5897ccf5eccf1cd8a1477b7f31e5a5	ff22d64adf5897ccf5eccf1cd8a1477b7f31e5a5
commits	513e54dcae78c4f3d6b6f9035b994e900192484e	513e54dcae78c4f3d6b6f9035b994e900192484e
commits	285a94f65341d2b62242fea295c7261bd37d7520	285a94f65341d2b62242fea295c7261bd37d7520
commits	6893951fbdaa2944a4edbe85fb5379ff7e75d699	6893951fbdaa2944a4edbe85fb5379ff7e75d699
commits	e101b952320d48321cff46d0ea1080c3df381d1e	e101b952320d48321cff46d0ea1080c3df381d1e
commits	ef0509be5024f8eeb8c62640c50111e3600e7a19	ef0509be5024f8eeb8c62640c50111e3600e7a19
commits	71ed252defacb6ed72841d984020e66f835e3cb5	71ed252defacb6ed72841d984020e66f835e3cb5
commits	6e8477093e8946b0b0160dc5169fb52bb4e2b449	6e8477093e8946b0b0160dc5169fb52bb4e2b449
commits	c275ee4ebabb0a3e870a030c58382de707db37a7	c275ee4ebabb0a3e870a030c58382de707db37a7
commits	7ed7d4c6a171800550a41c9d2361b5dd15b7d198	7ed7d4c6a171800550a41c9d2361b5dd15b7d198
commits	748b562a87ba70dad04bd43e1f6681c1686b0690	748b562a87ba70dad04bd43e1f6681c1686b0690
commits	5fb2cc522c92bd61d4d0e051e161372231405c08	5fb2cc522c92bd61d4d0e051e161372231405c08
commits	e08df497cc2a48190d5a28960bb5dc56d3fe2d5d	e08df497cc2a48190d5a28960bb5dc56d3fe2d5d
commits	337cf5280429ec2e62831638a09fb7413fe63fa0	337cf5280429ec2e62831638a09fb7413fe63fa0
commits	1e6bcb5a4eff0856e9b9f62525ff0b48d305fbf6	1e6bcb5a4eff0856e9b9f62525ff0b48d305fbf6
commits	4eb27712a69e3e289a30e0264c739d23fa7dc640	4eb27712a69e3e289a30e0264c739d23fa7dc640
commits	b953c71c799f58a48b92a636f02ab6e873c2210a	b953c71c799f58a48b92a636f02ab6e873c2210a
commits	d9b14b6030a01c28de7476a009b75b5307d4d134	d9b14b6030a01c28de7476a009b75b5307d4d134
commits	35f6aca1b234aa21212af4fb242446af34405f4b	35f6aca1b234aa21212af4fb242446af34405f4b
commits	e10547b6c2659aba05da819d41b72bc5fd096e91	e10547b6c2659aba05da819d41b72bc5fd096e91
commits	56ca52d4b66fd83538d41f3f17698c2c3cf2fe31	56ca52d4b66fd83538d41f3f17698c2c3cf2fe31
commits	c854cb442e6258b4c07b7115241182c66e47d725	c854cb442e6258b4c07b7115241182c66e47d725
commits	9e066967f59d5f9c456895cfaa30f458b5788995	9e066967f59d5f9c456895cfaa30f458b5788995
commits	b9a9d31ba4a51179f686a44d665315df353be5ed	b9a9d31ba4a51179f686a44d665315df353be5ed
commits	7b44aecb212473bec74dad7ccc2c8d41884796c0	7b44aecb212473bec74dad7ccc2c8d41884796c0
commits	bef1f739ec6f86198fdbd68a1af7507b333f6165	bef1f739ec6f86198fdbd68a1af7507b333f6165
commits	e06c444782c705f22c6aecf02ccdb06b6a1b7656	e06c444782c705f22c6aecf02ccdb06b6a1b7656
commits	d09c2a538dce418218972d178bce1d01d9760169	d09c2a538dce418218972d178bce1d01d9760169
commits	6d24f6cf3b982d2257123d437aa0523ffa54ab7f	6d24f6cf3b982d2257123d437aa0523ffa54ab7f
commits	491a2467f7f2516a91966a7742a2b80f20036899	491a2467f7f2516a91966a7742a2b80f20036899
commits	c3ed0b6374d7cfb24321b4d7a72c462250b03bbf	c3ed0b6374d7cfb24321b4d7a72c462250b03bbf
commits	b515dee4da545f5b132844ff3c4d44681bf0ce2c	b515dee4da545f5b132844ff3c4d44681bf0ce2c
commits	17ff91f03b491eae944d8ac3b10ac293ff4ad207	17ff91f03b491eae944d8ac3b10ac293ff4ad207
commits	9cac1d57b0ed3dd89058d0bd861608bcf8cc4521	9cac1d57b0ed3dd89058d0bd861608bcf8cc4521
commits	48885a6db3258b02b4f58e1fcdee190d2ab58311	48885a6db3258b02b4f58e1fcdee190d2ab58311
commits	94accad2463c757b714c7cc51036df8d47992471	94accad2463c757b714c7cc51036df8d47992471
commits	9299ce1f6cbc804b5a236879fd06ee6b14c30738	9299ce1f6cbc804b5a236879fd06ee6b14c30738
commits	47d02adfaffb61539320bb7855df37b1b669bd00	47d02adfaffb61539320bb7855df37b1b669bd00
commits	12128fd38bc467db048cf116f94e5702dbd7df2c	12128fd38bc467db048cf116f94e5702dbd7df2c
commits	4ef5f6454edbe3b538c89e66c5688158bc19832e	4ef5f6454edbe3b538c89e66c5688158bc19832e
commits	09086aead15406dbc2387127cb69d8edc7aee9dc	09086aead15406dbc2387127cb69d8edc7aee9dc
commits	0ed4080e8a0bb651e94e718dea82ccbbc3cad84b	0ed4080e8a0bb651e94e718dea82ccbbc3cad84b
commits	58eba8273c2528ea2f2f2f687f36e459cc5f8504	58eba8273c2528ea2f2f2f687f36e459cc5f8504
commits	af20463372f4bbb5f604d72b54853db3ab3b7543	af20463372f4bbb5f604d72b54853db3ab3b7543
commits	6efae3e50fcd1d8d25c737b820851bf8ff386a6c	6efae3e50fcd1d8d25c737b820851bf8ff386a6c
commits	404554f49f4d159939803f68a9a4c6641a0a5ba7	404554f49f4d159939803f68a9a4c6641a0a5ba7
commits	726a20505d75951148e094b36acf97d4e6d30caa	726a20505d75951148e094b36acf97d4e6d30caa
commits	03ce11815a16db62353965d3a1d2612dc348a923	03ce11815a16db62353965d3a1d2612dc348a923
commits	c2a9d1b4cf49539dc8d8f906bf7e88a04fcb165d	c2a9d1b4cf49539dc8d8f906bf7e88a04fcb165d
commits	2edb5d059401cf3a0a89ecd9ebe1ae5fbde8c2c1	2edb5d059401cf3a0a89ecd9ebe1ae5fbde8c2c1
commits	3aec0e703fba9073382991d95ef074d685f966ba	3aec0e703fba9073382991d95ef074d685f966ba
commits	1db5eda43183d7cfadbd6ab14eb1cc3e79b76dc0	1db5eda43183d7cfadbd6ab14eb1cc3e79b76dc0
commits	4399e7000ebc74a3ad28370add4931d07c3c9cf0	4399e7000ebc74a3ad28370add4931d07c3c9cf0
commits	8ab8c9fa3edf8c14aef22b9462c213f838a67395	8ab8c9fa3edf8c14aef22b9462c213f838a67395
commits	7329c783b8b89f72ec0e4facc3ff42d93aad9f31	7329c783b8b89f72ec0e4facc3ff42d93aad9f31
commits	1fa42ab563931609805d2cc2daf1345a62c9f883	1fa42ab563931609805d2cc2daf1345a62c9f883
commits	d0bfbe3d19aae7be01f90a6611476ac57556d47c	d0bfbe3d19aae7be01f90a6611476ac57556d47c
commits	c077a83254fcfa132c00e93d48289b0c0fc16f13	c077a83254fcfa132c00e93d48289b0c0fc16f13
commits	b149da14ce97eca2cc13a4904af6b9ae7600cd3a	b149da14ce97eca2cc13a4904af6b9ae7600cd3a
commits	42521e79005465b3664b3554feb52253c6732495	42521e79005465b3664b3554feb52253c6732495
commits	aa2b6e750420bf6702521f71ce953f07113b62a4	aa2b6e750420bf6702521f71ce953f07113b62a4
commits	fa925ae9cd3b49dd4e507c56f3c0aa7659b4ef82	fa925ae9cd3b49dd4e507c56f3c0aa7659b4ef82
commits	3dbcee76939420165ec5c30407e19ec3218fb407	3dbcee76939420165ec5c30407e19ec3218fb407
commits	c2f473af1ab279b914c354c740825e827a43fdde	c2f473af1ab279b914c354c740825e827a43fdde
commits	6fbc4cea8062f256417b6f68d285a5e3885bee41	6fbc4cea8062f256417b6f68d285a5e3885bee41
commits	ef72090d1ef15f3972f5d56657a1504d035e52ca	ef72090d1ef15f3972f5d56657a1504d035e52ca
commits	b48d267b1ddc25b6bb423854ff99e5646a7e66e7	b48d267b1ddc25b6bb423854ff99e5646a7e66e7
commits	fa7028374642a7a7d2db1747704c2fb16c0d57b3	fa7028374642a7a7d2db1747704c2fb16c0d57b3
commits	fcd2fe235d18c68b0e1777142bf97748e14516d7	fcd2fe235d18c68b0e1777142bf97748e14516d7
commits	01cf64c3e85a511b02a90ab698773dbce1d517ac	01cf64c3e85a511b02a90ab698773dbce1d517ac
commits	52b63bcd2e17bfa48716eee06282ba61112b35d5	52b63bcd2e17bfa48716eee06282ba61112b35d5
commits	39b8437381064e3e4068d9efaa0d69e0cf712416	39b8437381064e3e4068d9efaa0d69e0cf712416
commits	7484cc68ac9b38769d4f63f48ecd3061af5065b7	7484cc68ac9b38769d4f63f48ecd3061af5065b7
commits	4597c2b83c229f8278007326ae442b49307a8843	4597c2b83c229f8278007326ae442b49307a8843
commits	001d73a73a0638409d0fe821617b9674a0725a3b	001d73a73a0638409d0fe821617b9674a0725a3b
commits	9605e001cdf063483f5df280e6ebb1a1cda93f10	9605e001cdf063483f5df280e6ebb1a1cda93f10
commits	9bfb3232563489d230fd43b77ac5d7645e573da5	9bfb3232563489d230fd43b77ac5d7645e573da5
commits	4abe7b2675503e8ab3baf83d0072d481b4257c00	4abe7b2675503e8ab3baf83d0072d481b4257c00
commits	1362b64e71c89b5e4090a2ca5a75db945880d8a3	1362b64e71c89b5e4090a2ca5a75db945880d8a3
commits	d4deaf800bff922483f790cd94dae5b78ff245b0	d4deaf800bff922483f790cd94dae5b78ff245b0
commits	2adaf05100f9b661e44c84bda0518f74e62debb2	2adaf05100f9b661e44c84bda0518f74e62debb2
commits	fa7b58dfc915a673d8e31d7f76704cca0511e302	fa7b58dfc915a673d8e31d7f76704cca0511e302
commits	3a4623e48d7fe048a7a26926deabc58e0a8df7f7	3a4623e48d7fe048a7a26926deabc58e0a8df7f7
commits	802bcfcfeebad133fcb4737f2cc7d2de914e8423	802bcfcfeebad133fcb4737f2cc7d2de914e8423
commits	7a8df3cdc0020d0468bd38bbde6bb49ea54ef519	7a8df3cdc0020d0468bd38bbde6bb49ea54ef519
commits	7f5669e646f16ac17906a448a48c0bdb6efce5c9	7f5669e646f16ac17906a448a48c0bdb6efce5c9
commits	264e8cc71634798f54ad48ddc41e7772e6e3ad78	264e8cc71634798f54ad48ddc41e7772e6e3ad78
commits	0bd8c995c8f976b6efd0baba66ee5f332787a1bf	0bd8c995c8f976b6efd0baba66ee5f332787a1bf
commits	2972e8a1fdf72e1f9693fd374b7571d32006baea	2972e8a1fdf72e1f9693fd374b7571d32006baea
commits	71a6fb4a0ce044ec990d03648a9820e19bb22161	71a6fb4a0ce044ec990d03648a9820e19bb22161
commits	fc9e01fe71a525727e048437a2fc762345191ea3	fc9e01fe71a525727e048437a2fc762345191ea3
commits	7e14de9e2e7d3eec4604f62e0605afc28194bc35	7e14de9e2e7d3eec4604f62e0605afc28194bc35
commits	91f8d833eb42cab5082bd9c505128fe9a432a4a7	91f8d833eb42cab5082bd9c505128fe9a432a4a7
commits	417e7739ddf9708b3b104de7f21fb1bda0b78f08	417e7739ddf9708b3b104de7f21fb1bda0b78f08
commits	518e6f4dd60efd3a2ba556b210ac729d4238a27a	518e6f4dd60efd3a2ba556b210ac729d4238a27a
commits	e2820e1504f5d48de77abdcb308921f13e32fffc	e2820e1504f5d48de77abdcb308921f13e32fffc
commits	80e3507d34b11b1223221e72e36fb4144f5fc616	80e3507d34b11b1223221e72e36fb4144f5fc616
commits	6d3af423786fb1f8cabd19d35ee18fda68fd67ba	6d3af423786fb1f8cabd19d35ee18fda68fd67ba
commits	80b6fcfbf0c5d5a9d2df0725db67ccf921b15f99	80b6fcfbf0c5d5a9d2df0725db67ccf921b15f99
commits	87a04ee2ae889013b5f5d4fe692717ddcde6eb06	87a04ee2ae889013b5f5d4fe692717ddcde6eb06
commits	96fc8312d0dbee1690a35f21a4b1a8ca73a8d4ac	96fc8312d0dbee1690a35f21a4b1a8ca73a8d4ac
commits	e3a21119b261b7636077bd882c984367a42bbc5e	e3a21119b261b7636077bd882c984367a42bbc5e
commits	ae6aaba8e679f209249c43c713aa729664595283	ae6aaba8e679f209249c43c713aa729664595283
commits	1d21cf66a8e6e3475cca9474b8402ca887056fd1	1d21cf66a8e6e3475cca9474b8402ca887056fd1
commits	09fd557258288d4ec9462f9e979b981f87139cd6	09fd557258288d4ec9462f9e979b981f87139cd6
commits	aa6c83a8eb0064c2da33ceabb1606933a2b8b94f	aa6c83a8eb0064c2da33ceabb1606933a2b8b94f
commits	16078e8c6fc685d075464be85cf5e80e88dac9dd	16078e8c6fc685d075464be85cf5e80e88dac9dd
commits	46a45c64e424b9bdc958fb1716201fc3b02f6f11	46a45c64e424b9bdc958fb1716201fc3b02f6f11
commits	7a7f71b0dfe3c5bf2cfad5b8984a5eb8f439afb0	7a7f71b0dfe3c5bf2cfad5b8984a5eb8f439afb0
commits	bf5a816492c83ae6fbcfaa735657ed507e629c15	bf5a816492c83ae6fbcfaa735657ed507e629c15
commits	e1e3dc4a75db0e2e38ccda0147626f019cd39a88	e1e3dc4a75db0e2e38ccda0147626f019cd39a88
commits	2a2e56a270e9c051a233100a0cb5627812ed59ed	2a2e56a270e9c051a233100a0cb5627812ed59ed
commits	659d9de10005b972cd452741a714e7b7c4203761	659d9de10005b972cd452741a714e7b7c4203761
commits	592e01be81e0d1fc512d7f391945c496241e8b5f	592e01be81e0d1fc512d7f391945c496241e8b5f
commits	b167c2cc884a6d50d1a80c0514865d62ae56b3f4	b167c2cc884a6d50d1a80c0514865d62ae56b3f4
commits	4359f229b784457f91ef7733bb2e9e243aad8354	4359f229b784457f91ef7733bb2e9e243aad8354
commits	67ab1d5f746aebe3a737498d7c299a7558769ceb	67ab1d5f746aebe3a737498d7c299a7558769ceb
commits	5e6daa25dd649a9c5b226eeeb4de375e694e5a15	5e6daa25dd649a9c5b226eeeb4de375e694e5a15
commits	1a9572cf4417ee385e48d4e4571db8c7bafd223d	1a9572cf4417ee385e48d4e4571db8c7bafd223d
commits	22eb522e3d6158b29e5a3016a6b027ee255c3f26	22eb522e3d6158b29e5a3016a6b027ee255c3f26
commits	22877b5b72d52c2f5c31bad70e4f906ce262d084	22877b5b72d52c2f5c31bad70e4f906ce262d084
commits	679f15905f29770660d3d6acd94df8475f9bddca	679f15905f29770660d3d6acd94df8475f9bddca
commits	2499ef7e4eb7909694152bb2d921457bb0a97120	2499ef7e4eb7909694152bb2d921457bb0a97120
commits	c9553044d74584e28c53aada7d425af9ca20c71f	c9553044d74584e28c53aada7d425af9ca20c71f
commits	0bd1e1af6f83a84f46a38052741129bff6fc49e2	0bd1e1af6f83a84f46a38052741129bff6fc49e2
commits	ae2af1a2ed9897b89dbba8814b5488aceb9162cd	ae2af1a2ed9897b89dbba8814b5488aceb9162cd
commits	e3b3684d9c2b93b73cac32939de897850422cb5f	e3b3684d9c2b93b73cac32939de897850422cb5f
commits	fff4117e728aa5c389973a69fb04767d0e6c175f	fff4117e728aa5c389973a69fb04767d0e6c175f
commits	daf84d9081e84e7e2037158a91af3e06afdade62	daf84d9081e84e7e2037158a91af3e06afdade62
commits	37aacab64b7975e7ddcf6f573d8da8c257d24919	37aacab64b7975e7ddcf6f573d8da8c257d24919
commits	79a7a3d53c727fec20bfe646b8f8b35f3060f977	79a7a3d53c727fec20bfe646b8f8b35f3060f977
commits	a8b1aa92942293a3bba5c8ee84f9a6d8b5559e02	a8b1aa92942293a3bba5c8ee84f9a6d8b5559e02
commits	8e58e33223b840e65e54c27f17ddb3a692aaef54	8e58e33223b840e65e54c27f17ddb3a692aaef54
commits	56f83e81250a6ec212d1d2b1a2c1b94d05197dfc	56f83e81250a6ec212d1d2b1a2c1b94d05197dfc
commits	8e4922c1e79fee1e56286bb6812a546ee8c37925	8e4922c1e79fee1e56286bb6812a546ee8c37925
commits	c7e99768faf716023405e4cadbb01d8148045440	c7e99768faf716023405e4cadbb01d8148045440
commits	5fcb8542a6279c85f426f7ef456486f34b3d83a2	5fcb8542a6279c85f426f7ef456486f34b3d83a2
commits	8a3628d5bdfd76a623e9ff992d48716900f15fa0	8a3628d5bdfd76a623e9ff992d48716900f15fa0
commits	12a5efd7311ff3f29e7663b76bd30210c678ce34	12a5efd7311ff3f29e7663b76bd30210c678ce34
commits	088fc74749d260ec6545b4285e08e7eee0928c2f	088fc74749d260ec6545b4285e08e7eee0928c2f
commits	b73de52d25cad74b68e154d18b60f96a109ee5f6	b73de52d25cad74b68e154d18b60f96a109ee5f6
commits	eba1a25fe71dff90b6fc176a71b8ba345bcc5f67	eba1a25fe71dff90b6fc176a71b8ba345bcc5f67
commits	1a48dc4e8799e828cb60ea31351e029320221e95	1a48dc4e8799e828cb60ea31351e029320221e95
commits	4772dba0769c84da7866500c6097bdd33c3e0f0b	4772dba0769c84da7866500c6097bdd33c3e0f0b
commits	ed595b332e2ac3494cd1385511c7df88308f4431	ed595b332e2ac3494cd1385511c7df88308f4431
commits	88299d68715547fbc049d051d07b56643f461f05	88299d68715547fbc049d051d07b56643f461f05
commits	7e502e05e3510369927fb4d0cff26aa2da6fffa2	7e502e05e3510369927fb4d0cff26aa2da6fffa2
commits	d150681b22fb629dbcd66bf605931da4c20b7556	d150681b22fb629dbcd66bf605931da4c20b7556
commits	ed04c735c398ac27ab75bf81b84c225de9ab6e22	ed04c735c398ac27ab75bf81b84c225de9ab6e22
commits	49269ab867cfdec60ebc907d20cf8e6fea4fd1bd	49269ab867cfdec60ebc907d20cf8e6fea4fd1bd
commits	3a142c694d854ee6f690ee6ba221054499fd6736	3a142c694d854ee6f690ee6ba221054499fd6736
commits	11238a7f6f6183edaaf4b9d08ecc7962fb01ad24	11238a7f6f6183edaaf4b9d08ecc7962fb01ad24
commits	4c33f2d87cdb41c5130ed4b88542178f1115630c	4c33f2d87cdb41c5130ed4b88542178f1115630c
commits	6531a60ee060063995d84bd13ea6cc1e223b8d28	6531a60ee060063995d84bd13ea6cc1e223b8d28
commits	b5a9290a224a6f3de17bf9b2957aed1b51dfd2e9	b5a9290a224a6f3de17bf9b2957aed1b51dfd2e9
commits	d79ff463e2769992fceb74de17d71224d813bd0e	d79ff463e2769992fceb74de17d71224d813bd0e
commits	6e19504977728a3143e243f46e937274d7af3968	6e19504977728a3143e243f46e937274d7af3968
commits	ac1a60a19dbf61f07e388f6d7fc800df58601f41	ac1a60a19dbf61f07e388f6d7fc800df58601f41
commits	c9989399cbefecc198f926ac37ff6ca4796f064d	c9989399cbefecc198f926ac37ff6ca4796f064d
commits	e0dbdf67c32c2cb1e994949745cce07b42955c9b	e0dbdf67c32c2cb1e994949745cce07b42955c9b
commits	3c54d7efdfe94d36eeb8906d17b7380070fda891	3c54d7efdfe94d36eeb8906d17b7380070fda891
commits	ffa96f8276d12906ccca430f46ea6263081ed5e3	ffa96f8276d12906ccca430f46ea6263081ed5e3
commits	5ef0ce90803d11d8a0d7c83c916ae1a70840bf1d	5ef0ce90803d11d8a0d7c83c916ae1a70840bf1d
commits	5f74fa94d429caccdbc3ea686adf8b8d1c5d27f8	5f74fa94d429caccdbc3ea686adf8b8d1c5d27f8
commits	ae67c1e5278b411bc197f3e23dfd15ba8fd3d1f4	ae67c1e5278b411bc197f3e23dfd15ba8fd3d1f4
commits	41fce3ffb824b99c2b968bcad3a39b81cfc9192f	41fce3ffb824b99c2b968bcad3a39b81cfc9192f
commits	b0aa3f86399ad593a324d8cf101e047cd92bf45d	b0aa3f86399ad593a324d8cf101e047cd92bf45d
commits	2fae533882c9e83520d0a6cfc5e44c07656b94f7	2fae533882c9e83520d0a6cfc5e44c07656b94f7
commits	23f9651bf23769a7e4b7d17519506b431fd8b637	23f9651bf23769a7e4b7d17519506b431fd8b637
commits	0fed1e878e716e0eeae39170f92bc60fc551b486	0fed1e878e716e0eeae39170f92bc60fc551b486
commits	6e0cbf5ae813499c2c6cc193518db41f096cc4e5	6e0cbf5ae813499c2c6cc193518db41f096cc4e5
commits	b2a5ba2e4e8283521e63237f27d17ddf6361ffa5	b2a5ba2e4e8283521e63237f27d17ddf6361ffa5
commits	da241c2660ec717ae0c96e6983dc3d0b35c26f85	da241c2660ec717ae0c96e6983dc3d0b35c26f85
commits	594c0721d8a1effc38262919800ab2a92396caf2	594c0721d8a1effc38262919800ab2a92396caf2
commits	fb9c9b1db01555dd0c967020e1d1f0da12ab7044	fb9c9b1db01555dd0c967020e1d1f0da12ab7044
commits	c938a91e7c96fc723383fb9103751269358779d0	c938a91e7c96fc723383fb9103751269358779d0
commits	c5d1e7a9426712846100ea77beb3dc581e7d9ca0	c5d1e7a9426712846100ea77beb3dc581e7d9ca0
commits	bf3ba769304ab0238ff0f95b03f4c25d2895db2f	bf3ba769304ab0238ff0f95b03f4c25d2895db2f
commits	509a95f31095655b6105fcb6ace4378cfa9d6ba2	509a95f31095655b6105fcb6ace4378cfa9d6ba2
commits	7cff3eac2a706514455d94a37faac7d73cc5422a	7cff3eac2a706514455d94a37faac7d73cc5422a
commits	70d450a3f6fea4fbdb8d5689d97d7ebf0a74dade	70d450a3f6fea4fbdb8d5689d97d7ebf0a74dade
commits	d6a7ea9cbc98bc7d185c6ba1a9c2bc42b537b8de	d6a7ea9cbc98bc7d185c6ba1a9c2bc42b537b8de
commits	7c1ac7def007d22ad95d0924b457e2c0a7cec289	7c1ac7def007d22ad95d0924b457e2c0a7cec289
commits	acb316039215e5024af0737e88fb3f3186a97977	acb316039215e5024af0737e88fb3f3186a97977
commits	4ecd5e1d312d25af92db2d9e030d7bfa1810130a	4ecd5e1d312d25af92db2d9e030d7bfa1810130a
commits	d5fce4b8431a878df5338258befe930612e70552	d5fce4b8431a878df5338258befe930612e70552
commits	852de56473dbd28cd0aabdc303be3397312acc51	852de56473dbd28cd0aabdc303be3397312acc51
commits	8372b023de41d422290f8794f069d08c4bcd0d17	8372b023de41d422290f8794f069d08c4bcd0d17
commits	2acc8eca29f6df51677a83fb90793c4e0517253a	2acc8eca29f6df51677a83fb90793c4e0517253a
commits	9707a76779b1a3b8f6d1eeca95f0a3e1f19daf50	9707a76779b1a3b8f6d1eeca95f0a3e1f19daf50
commits	c76cc6414e6bf78f9f4d946ca9349ac5eb966525	c76cc6414e6bf78f9f4d946ca9349ac5eb966525
commits	7859935b26ba68031fa2ea5af92f4bc63252a543	7859935b26ba68031fa2ea5af92f4bc63252a543
commits	717e9b7ffff43c13bc2facf4d3e0980533346cfb	717e9b7ffff43c13bc2facf4d3e0980533346cfb
commits	e1839e163a9b79dcc8f798098c37746976798d7a	e1839e163a9b79dcc8f798098c37746976798d7a
commits	8748f08e389abf5133d2b9fb48a2dd7186d9d8e6	8748f08e389abf5133d2b9fb48a2dd7186d9d8e6
commits	1e98fba7245b7630d93350ffc1c965430d8b8550	1e98fba7245b7630d93350ffc1c965430d8b8550
commits	8a4e9b277ddc694e081713fe3faff5ab3fe8765d	8a4e9b277ddc694e081713fe3faff5ab3fe8765d
commits	c8b7fae06013d2543da69cee4aacfbdddba3550a	c8b7fae06013d2543da69cee4aacfbdddba3550a
commits	460091d6175c5e2c9ee79d7ee77be4d43d0207e5	460091d6175c5e2c9ee79d7ee77be4d43d0207e5
commits	a9ee359e911ae112e313e14b2d2ca65b78427fae	a9ee359e911ae112e313e14b2d2ca65b78427fae
commits	afd9d6066bb14d989a62b22a93c0b1101184f356	afd9d6066bb14d989a62b22a93c0b1101184f356
commits	a60edd5589d4ce2349fb0ba4c43816fbd5f91226	a60edd5589d4ce2349fb0ba4c43816fbd5f91226
commits	2189aae721217d443cc7f62a3550ecad9077ae4e	2189aae721217d443cc7f62a3550ecad9077ae4e
commits	301672cd195cdc31011555aa47dcf528b7e815e9	301672cd195cdc31011555aa47dcf528b7e815e9
commits	2af73dcb0bd0ce7c5f8fea8d95096eaf5db1bf88	2af73dcb0bd0ce7c5f8fea8d95096eaf5db1bf88
commits	2288e90a2d1ffb1026184911199fb88956fc987f	2288e90a2d1ffb1026184911199fb88956fc987f
commits	3d996c6e78d9ea800d06f76f9117a43991c2c8e8	3d996c6e78d9ea800d06f76f9117a43991c2c8e8
commits	34e81738960f396e8751c9d6abae6a83e8254410	34e81738960f396e8751c9d6abae6a83e8254410
commits	ad93e094789df21bbbd209e1b93b4a47aadf3c5d	ad93e094789df21bbbd209e1b93b4a47aadf3c5d
commits	5c0ef17e45709092eeb7e9320ecfba4c8e764247	5c0ef17e45709092eeb7e9320ecfba4c8e764247
commits	ed18f1c28951b8a6962590b6b2d9a123acfffddf	ed18f1c28951b8a6962590b6b2d9a123acfffddf
commits	f497863d5161840a48dcd01411581f321b92e846	f497863d5161840a48dcd01411581f321b92e846
commits	c63dc2f51b1962de37c2ad6deb62643a03e7669c	c63dc2f51b1962de37c2ad6deb62643a03e7669c
commits	58efb58c30a0762fc737097a178905eba0122798	58efb58c30a0762fc737097a178905eba0122798
commits	6c5e0084714a4266049a1bef69d5266021125f87	6c5e0084714a4266049a1bef69d5266021125f87
commits	846665d017f3e852c6634757e88e5bcb4cc3eb92	846665d017f3e852c6634757e88e5bcb4cc3eb92
commits	2c12341180753f52fddc1b899edbed67c50afb29	2c12341180753f52fddc1b899edbed67c50afb29
commits	2d45404101dea758720220abe1579c21ed4ebd7c	2d45404101dea758720220abe1579c21ed4ebd7c
commits	3de8b9882fc51d39b047a3366561c46ef308ef21	3de8b9882fc51d39b047a3366561c46ef308ef21
commits	92883277d27297717ad2fd184da9532a8396656c	92883277d27297717ad2fd184da9532a8396656c
commits	778478b0819ce6184d7d6a9480780a5bb0481821	778478b0819ce6184d7d6a9480780a5bb0481821
commits	df451b61cd58c6777689743563825c3d06dfa7cc	df451b61cd58c6777689743563825c3d06dfa7cc
commits	bc88ac930f1fc4c0d03943a808d637c8917fe962	bc88ac930f1fc4c0d03943a808d637c8917fe962
commits	960930bc5c9538c80a3f1ba61869b38377ab477e	960930bc5c9538c80a3f1ba61869b38377ab477e
commits	89fb0855037b53304674fb34e599f59006319097	89fb0855037b53304674fb34e599f59006319097
commits	87a5aa2fdc5a509b0d6ba636cbc2a4c8218412ae	87a5aa2fdc5a509b0d6ba636cbc2a4c8218412ae
commits	ee653354722896069c82205321eb2bf6e0e0b241	ee653354722896069c82205321eb2bf6e0e0b241
commits	4cb26f3d43eab1ec358485de3fbd7d345cd936dd	4cb26f3d43eab1ec358485de3fbd7d345cd936dd
commits	e0896a8a2cefdf2e8a3440acc1c81db489ee1e60	e0896a8a2cefdf2e8a3440acc1c81db489ee1e60
commits	8eab91b0984751c9daedf0bdbc6c2a52b36e3ff2	8eab91b0984751c9daedf0bdbc6c2a52b36e3ff2
commits	515fb743e8b276e4d4959b51c6be7a3512738a01	515fb743e8b276e4d4959b51c6be7a3512738a01
commits	102b3ab9ca580c25878bb280cd3cf256ac1ac7b5	102b3ab9ca580c25878bb280cd3cf256ac1ac7b5
commits	7759bdc1eece50f2fa9ec7dedf8789984f6bb12c	7759bdc1eece50f2fa9ec7dedf8789984f6bb12c
commits	f6086534f1452e169473d0d67028fae53d09e1f9	f6086534f1452e169473d0d67028fae53d09e1f9
commits	07d9af3590d4ef690402974653c107a6e084a9e1	07d9af3590d4ef690402974653c107a6e084a9e1
commits	8cfcd204deac310822e59dfe68e6b6c955fdeb42	8cfcd204deac310822e59dfe68e6b6c955fdeb42
commits	793bf48c24f123729d767cd2d316fb8f926b1b92	793bf48c24f123729d767cd2d316fb8f926b1b92
commits	38fc28f68564b329aeb31e3796d5b1516b79fd88	38fc28f68564b329aeb31e3796d5b1516b79fd88
commits	bd92bab7c49ce1775d5f0cfef59cb6b444e236af	bd92bab7c49ce1775d5f0cfef59cb6b444e236af
commits	3457eea0f837367beff208ec5bc8b431e991d469	3457eea0f837367beff208ec5bc8b431e991d469
commits	5a011dd8b0b04dbd36803a21ad5eae4a78ab0a55	5a011dd8b0b04dbd36803a21ad5eae4a78ab0a55
commits	b503d5a3000acdfef6d853e598084537b73fbe3c	b503d5a3000acdfef6d853e598084537b73fbe3c
commits	e85e103d54472e6b450e478d5e06c59856d00c60	e85e103d54472e6b450e478d5e06c59856d00c60
commits	c4c64cf918d9d07c8aca5965b4fbac3b0a1d39e1	c4c64cf918d9d07c8aca5965b4fbac3b0a1d39e1
commits	0922b76a50049f419e755bc900c9cb67906096aa	0922b76a50049f419e755bc900c9cb67906096aa
commits	5aed4cb15bb852cc115d33cbbbd190062eeb241d	5aed4cb15bb852cc115d33cbbbd190062eeb241d
commits	207eecc836818973c12f884cd2f73e4c53c14f4a	207eecc836818973c12f884cd2f73e4c53c14f4a
commits	10f2fbe0992b6803c75d829132e371c12d5ba86e	10f2fbe0992b6803c75d829132e371c12d5ba86e
commits	0bcb7077751b7166e4561d2e13746cdea0880960	0bcb7077751b7166e4561d2e13746cdea0880960
commits	54e97d6a38a24c8ab6b75942426f54760d4d2ace	54e97d6a38a24c8ab6b75942426f54760d4d2ace
commits	1c904fe34b00dea7eb69e5de0388ba4218f539ab	1c904fe34b00dea7eb69e5de0388ba4218f539ab
commits	27dcc1a56c2ee620e7e16750e5122c8bcc27b98b	27dcc1a56c2ee620e7e16750e5122c8bcc27b98b
commits	c475fee2304e3c054c20725fcb35e38f2c5c3282	c475fee2304e3c054c20725fcb35e38f2c5c3282
commits	94844ead74e013858e66739984d765826043dd3d	94844ead74e013858e66739984d765826043dd3d
commits	c1c54da8db6475e5b4552ff0b3b6fd58e8a65d01	c1c54da8db6475e5b4552ff0b3b6fd58e8a65d01
commits	45d34036f599c47b0eaee5c52cbbde5942122bd9	45d34036f599c47b0eaee5c52cbbde5942122bd9
commits	6333cd7b7a0526949689e0b393646b76d256ea82	6333cd7b7a0526949689e0b393646b76d256ea82
commits	cd25403aa154a640f1cc3bb235029a76ca706369	cd25403aa154a640f1cc3bb235029a76ca706369
commits	2dc6e2cf07184242de909393c5b6b497d2c55250	2dc6e2cf07184242de909393c5b6b497d2c55250
commits	4015d33c954c2500bc4c1376bebb21719d5c40db	4015d33c954c2500bc4c1376bebb21719d5c40db
commits	3b047e8fae650d8aba5cc16f111084fa3d714072	3b047e8fae650d8aba5cc16f111084fa3d714072
commits	edf408b1e687dfaf89e49c1dabe64b9c05119ed2	edf408b1e687dfaf89e49c1dabe64b9c05119ed2
commits	5c385ecd7ba9db017be9e84dffbb26b208d590ac	5c385ecd7ba9db017be9e84dffbb26b208d590ac
commits	89d3fa4d5b152246b23fa1a91f1fcbe701c3e853	89d3fa4d5b152246b23fa1a91f1fcbe701c3e853
commits	f17e856786b89462cc8b4adbe674e721f928c110	f17e856786b89462cc8b4adbe674e721f928c110
commits	5e01898e86f4184125906eeb14268a7a3ada3976	5e01898e86f4184125906eeb14268a7a3ada3976
commits	c41c638fe96adf1c0a49c3b2b9841b6b528da3bb	c41c638fe96adf1c0a49c3b2b9841b6b528da3bb
commits	9c95f9215ca52c3b6fbc3494a3f59d8cf43a7503	9c95f9215ca52c3b6fbc3494a3f59d8cf43a7503
commits	2878487c6753b39cf09d063b170353f6962a8c54	2878487c6753b39cf09d063b170353f6962a8c54
commits	11f6ed68beb906292acfd7aca28185b586844fad	11f6ed68beb906292acfd7aca28185b586844fad
commits	e2069c366feaf43c6628f4b3fd89cb255994e7d5	e2069c366feaf43c6628f4b3fd89cb255994e7d5
commits	ae1fed5759ff0a78aa8d821a42560fe9bfd413bd	ae1fed5759ff0a78aa8d821a42560fe9bfd413bd
commits	b0bac6cd2486e45381b9ee2a90b2987a6ec6bcb0	b0bac6cd2486e45381b9ee2a90b2987a6ec6bcb0
commits	773e90fcf4088aaf5acb30619d6c8ddc830afce5	773e90fcf4088aaf5acb30619d6c8ddc830afce5
commits	919b04954d8f67e3beb4e0b5d40c7fa8ed99875f	919b04954d8f67e3beb4e0b5d40c7fa8ed99875f
commits	0ead58ed64661f1296520fe1db44f248b1371a67	0ead58ed64661f1296520fe1db44f248b1371a67
commits	53bdeebecbde4ae015ff3afcbbbfcf8ff6ef5fe2	53bdeebecbde4ae015ff3afcbbbfcf8ff6ef5fe2
commits	de452299f107437d5af22d86481e783979b9a616	de452299f107437d5af22d86481e783979b9a616
commits	3b939b0d905ef17014714446fa4154aa039055ea	3b939b0d905ef17014714446fa4154aa039055ea
commits	b9488fd1f3b45600c0b2056d034e1fa027c7135f	b9488fd1f3b45600c0b2056d034e1fa027c7135f
commits	edc4233ce0233fc3122133c6f6e154846d1a0d66	edc4233ce0233fc3122133c6f6e154846d1a0d66
commits	bd76621d6b90ef65411dac44a096a18d9d753efa	bd76621d6b90ef65411dac44a096a18d9d753efa
commits	2d10d6004e9e9dfd4d7d3afac8e2e2974a321ed9	2d10d6004e9e9dfd4d7d3afac8e2e2974a321ed9
commits	2a2bb60b1b76f5cbb6dd47003451b76de76576ca	2a2bb60b1b76f5cbb6dd47003451b76de76576ca
commits	0e542baea0fc481daa323b9f9c702041171cf4ae	0e542baea0fc481daa323b9f9c702041171cf4ae
commits	61b1b5764a1c27194e95da9d6a68569565d7baa2	61b1b5764a1c27194e95da9d6a68569565d7baa2
commits	608b2b7fdae2b4cc32134e72857afcc58a24c092	608b2b7fdae2b4cc32134e72857afcc58a24c092
commits	56690d2b4e8178c7d2426da950ed63bc8628ec88	56690d2b4e8178c7d2426da950ed63bc8628ec88
commits	09393fa6161f0f480b2a6dff85d616378077416f	09393fa6161f0f480b2a6dff85d616378077416f
commits	150a4476ff9d73087439742f66568f0f9735f729	150a4476ff9d73087439742f66568f0f9735f729
commits	a5dcd6a0a928019bb1e1e234c55695f652d59f43	a5dcd6a0a928019bb1e1e234c55695f652d59f43
commits	2ec408066be712e9d2eb92914fbd949cb1214717	2ec408066be712e9d2eb92914fbd949cb1214717
commits	06a9005f36c8f236b04484948a9d65d1df4d498d	06a9005f36c8f236b04484948a9d65d1df4d498d
commits	68ea5be0ae91740f22adc91f6485b9f43e98810b	68ea5be0ae91740f22adc91f6485b9f43e98810b
commits	63b4587f9283c1ce85b8381635db4a326064a17e	63b4587f9283c1ce85b8381635db4a326064a17e
commits	cf764ae2d0da8074cd83a08f28bcdb9b6bb2041f	cf764ae2d0da8074cd83a08f28bcdb9b6bb2041f
commits	7efe9f3f2e293cae9bd62b273efe02032afb0417	7efe9f3f2e293cae9bd62b273efe02032afb0417
commits	04b6c81b2b98090b0882ad167161b65632051a7f	04b6c81b2b98090b0882ad167161b65632051a7f
commits	de23b7c457fe25090dc2d25974946c586a62ddff	de23b7c457fe25090dc2d25974946c586a62ddff
commits	84c653703fb3732a0a7156503db46abba3eb76d9	84c653703fb3732a0a7156503db46abba3eb76d9
commits	623e5ac7723c0d7ae4ea5b72daa38f8596dca2d7	623e5ac7723c0d7ae4ea5b72daa38f8596dca2d7
commits	f168bd965b9f17ca7f39be9ed46245fd4b11c7b0	f168bd965b9f17ca7f39be9ed46245fd4b11c7b0
commits	6973df565f3043cf6e2e8ff97b28212122dd11ff	6973df565f3043cf6e2e8ff97b28212122dd11ff
commits	f77220ced93d44f4ab9a65672e39d74ecd1cff04	f77220ced93d44f4ab9a65672e39d74ecd1cff04
commits	7fb5a57b18711a053a9607148907a7f9f76245fa	7fb5a57b18711a053a9607148907a7f9f76245fa
commits	393822446cc1185f9b54a51f55e973034d2ce1a4	393822446cc1185f9b54a51f55e973034d2ce1a4
commits	ca3074551f453e00b7ecea9a4df411bc912ec4f4	ca3074551f453e00b7ecea9a4df411bc912ec4f4
commits	6c2c3bff4196790dce99d1d1ecb4f1b4312f15ad	6c2c3bff4196790dce99d1d1ecb4f1b4312f15ad
commits	f3038bd33a4bbdbca392782145dd87e1e532ad3c	f3038bd33a4bbdbca392782145dd87e1e532ad3c
commits	4ebe6510f8de0e75fd2742684f40b544b836b7d5	4ebe6510f8de0e75fd2742684f40b544b836b7d5
commits	cc4541be64649eb3e4f763d703174aa54085a628	cc4541be64649eb3e4f763d703174aa54085a628
commits	aebc179454e1a117a63e6b29c136accd633b3407	aebc179454e1a117a63e6b29c136accd633b3407
commits	bcb3873758bd9d95adec08bb61fca205281b9ec8	bcb3873758bd9d95adec08bb61fca205281b9ec8
commits	05373ad4c13039955370ed282f39c0b5d62b8124	05373ad4c13039955370ed282f39c0b5d62b8124
commits	31f30e3c6d1e39b3f8b351c8e5b7ae05763055b3	31f30e3c6d1e39b3f8b351c8e5b7ae05763055b3
commits	5bf394c690670c1ffbea50a9b345de9b9fdc9cdb	5bf394c690670c1ffbea50a9b345de9b9fdc9cdb
commits	4902ad38cddc8e5891034fdb00d274a2752fc05c	4902ad38cddc8e5891034fdb00d274a2752fc05c
commits	e095fde1c8ecdbf36ffed7583d9105df8ba2d668	e095fde1c8ecdbf36ffed7583d9105df8ba2d668
commits	8cb1b730e5e53aeefb9f1fc77dc65d1568a14509	8cb1b730e5e53aeefb9f1fc77dc65d1568a14509
commits	bd52ea4fe46c37e6827a5c8a5b8f3dac65541560	bd52ea4fe46c37e6827a5c8a5b8f3dac65541560
commits	03d106b750c28aa08065fe4d24236fd2a21d42df	03d106b750c28aa08065fe4d24236fd2a21d42df
commits	e88a78e6fefcbe4cc1891864c324f40045ffc950	e88a78e6fefcbe4cc1891864c324f40045ffc950
commits	a9607eea5d4700da5407bbd986c47889b7e7f43d	a9607eea5d4700da5407bbd986c47889b7e7f43d
commits	bc95a4f69689f7021db6193144d024ff7e3d9be0	bc95a4f69689f7021db6193144d024ff7e3d9be0
commits	7a576f40a576107ff318dd66b9e4d68f1100f5ab	7a576f40a576107ff318dd66b9e4d68f1100f5ab
commits	4018b6aed42a4b458c01692c287ab0fbe54d3cad	4018b6aed42a4b458c01692c287ab0fbe54d3cad
commits	12d2719aaac9e38d824f8f4188e09673cbce98f8	12d2719aaac9e38d824f8f4188e09673cbce98f8
commits	88025165810b593537d089b016d4310667ea741b	88025165810b593537d089b016d4310667ea741b
commits	6c60e8fc2cb1bfa704f13317c5240c4510818cdc	6c60e8fc2cb1bfa704f13317c5240c4510818cdc
commits	fe7be8395cd900f1c1ca3b18ffe716470dce2df9	fe7be8395cd900f1c1ca3b18ffe716470dce2df9
commits	7c1c29cc51933dce25d81075e6c859dcc756cce8	7c1c29cc51933dce25d81075e6c859dcc756cce8
commits	558ba513c34e626cde99b87aeab1f0f43950f2c1	558ba513c34e626cde99b87aeab1f0f43950f2c1
commits	227bef707aa0e7999f5b276689613790d116b783	227bef707aa0e7999f5b276689613790d116b783
commits	892efd222e4b4423c98bb188404d7c241f271547	892efd222e4b4423c98bb188404d7c241f271547
commits	7fc5af065799fd0767bf4bc739a466b48f662d63	7fc5af065799fd0767bf4bc739a466b48f662d63
commits	e7fabdea4329173a1b9effcf5fbae87e7c8a2c1d	e7fabdea4329173a1b9effcf5fbae87e7c8a2c1d
commits	dd0b20695083ebbcb403ae7366b26c7960912589	dd0b20695083ebbcb403ae7366b26c7960912589
commits	db8ca8077929ab56edea81f96dd18202e35a9d5d	db8ca8077929ab56edea81f96dd18202e35a9d5d
commits	c2a07438824097767e4a59644173e112b8adaae3	c2a07438824097767e4a59644173e112b8adaae3
commits	7c575ffa836dbd3dd523434125513312182c5cd7	7c575ffa836dbd3dd523434125513312182c5cd7
commits	b5c674fed99c2deec99219776cbdbc09448f55dc	b5c674fed99c2deec99219776cbdbc09448f55dc
commits	5febd8248bf0dd08d753d460ba95921485634457	5febd8248bf0dd08d753d460ba95921485634457
commits	9f5343e77d6224360836705a2a8fe82fccbd0078	9f5343e77d6224360836705a2a8fe82fccbd0078
commits	ef73b3d3c18bfa726008421cf48f1e8ff59974a6	ef73b3d3c18bfa726008421cf48f1e8ff59974a6
commits	c7b05c1183fae658a09e249fd45acdeac516a858	c7b05c1183fae658a09e249fd45acdeac516a858
commits	be2b3d3b9d221f5c00da14ea5af307c504f5c86e	be2b3d3b9d221f5c00da14ea5af307c504f5c86e
commits	43d8b641ddf40698e590d17ecd48fcefa9e538dc	43d8b641ddf40698e590d17ecd48fcefa9e538dc
commits	151271132e0cb40109ec9d13eaa4ba31570ece58	151271132e0cb40109ec9d13eaa4ba31570ece58
commits	6c36a09899082bbbc457f42991b33b33309217c0	6c36a09899082bbbc457f42991b33b33309217c0
commits	b961b0844ddaadc4726418ec007c086ec47ebaab	b961b0844ddaadc4726418ec007c086ec47ebaab
commits	4e1e4d61dcac7fc76c99315c438660e72b4b1cd5	4e1e4d61dcac7fc76c99315c438660e72b4b1cd5
commits	ab049f7f4a747cfb35ca2a3a7874d3e9bc195d6b	ab049f7f4a747cfb35ca2a3a7874d3e9bc195d6b
commits	a370c51b3cfb315e39f0ea585ada6321786b9da3	a370c51b3cfb315e39f0ea585ada6321786b9da3
commits	71496e016abb2ba28e5510c1eb4165c32870cc2a	71496e016abb2ba28e5510c1eb4165c32870cc2a
commits	3d4ba1327556dadb1e00c2da7cfb121c963c6e84	3d4ba1327556dadb1e00c2da7cfb121c963c6e84
commits	e0f07cf787199e0739d8913c4ea793c11a6dc881	e0f07cf787199e0739d8913c4ea793c11a6dc881
commits	e0629b82fc700fcb55c2133c20741bf12217c5c2	e0629b82fc700fcb55c2133c20741bf12217c5c2
commits	85e22f860f8782114dbda4a0a78fc4a00edfb569	85e22f860f8782114dbda4a0a78fc4a00edfb569
commits	8c3546a634dfa6ee18e79bd4f862567cabacd913	8c3546a634dfa6ee18e79bd4f862567cabacd913
commits	a1716223fc07387af1494ada86d1441d2d90135b	a1716223fc07387af1494ada86d1441d2d90135b
commits	5b7a5aa129b4c759a3a157d9253f46f3551bf22a	5b7a5aa129b4c759a3a157d9253f46f3551bf22a
commits	171e91299c9a38213a076dfd077dbc939b92ee8e	171e91299c9a38213a076dfd077dbc939b92ee8e
commits	ead12a1cc17de9596a9cedea39d6ac75c8a9a6dc	ead12a1cc17de9596a9cedea39d6ac75c8a9a6dc
commits	889eac14f9fa0c8d25491c01192a18b0f5dca42f	889eac14f9fa0c8d25491c01192a18b0f5dca42f
commits	5c8c6fa1173b5ca305f093c4d74e69d04c926e30	5c8c6fa1173b5ca305f093c4d74e69d04c926e30
commits	23e9f61332218b6f9c84a4c22ad7d92a947f0103	23e9f61332218b6f9c84a4c22ad7d92a947f0103
commits	6970dbd11cd694bfd4316c68207295006804679c	6970dbd11cd694bfd4316c68207295006804679c
commits	b745ca5a0599740cfa6c968dc5c68aa485c603b3	b745ca5a0599740cfa6c968dc5c68aa485c603b3
commits	bfeeaeb1758cad2f5116bebfac2887cf3229fee5	bfeeaeb1758cad2f5116bebfac2887cf3229fee5
commits	5435b136efb50ecc800de645cb0ca5b6cb860f48	5435b136efb50ecc800de645cb0ca5b6cb860f48
commits	3268e95790693f51b75af6ca6eb1280e42692e74	3268e95790693f51b75af6ca6eb1280e42692e74
commits	d0c3af4abe05539ae976c385775a8d9c653c3928	d0c3af4abe05539ae976c385775a8d9c653c3928
commits	d006ad2b763568759fc14e7a802ad030b0d5bdd4	d006ad2b763568759fc14e7a802ad030b0d5bdd4
commits	8e95189b67c1c3b5a8f84772e28ed66182f05ef7	8e95189b67c1c3b5a8f84772e28ed66182f05ef7
commits	2e050636a052a521a2b29ce62f6987baf887c7bf	2e050636a052a521a2b29ce62f6987baf887c7bf
commits	346e70b2f7737e2ccf16054a4fd9397e102937c7	346e70b2f7737e2ccf16054a4fd9397e102937c7
commits	234c5be231195ac907b7df99715713f97030f8f2	234c5be231195ac907b7df99715713f97030f8f2
commits	5d82bdefb9a2cb75583bec08083fca6b0f35736b	5d82bdefb9a2cb75583bec08083fca6b0f35736b
commits	9cb9a15f6e21528d7db61507d8f4eabb62bf460e	9cb9a15f6e21528d7db61507d8f4eabb62bf460e
commits	9d5d40bb08f63e9e099b1f7b575a8c8013c0d95b	9d5d40bb08f63e9e099b1f7b575a8c8013c0d95b
commits	5a96203ecac16e68d7cad6e8879d8a1cc2efb68c	5a96203ecac16e68d7cad6e8879d8a1cc2efb68c
commits	94060e3cc6a0218a798b5e94f1ee50df008d5f6e	94060e3cc6a0218a798b5e94f1ee50df008d5f6e
commits	b3307d3fe181b541a7780ce45b040c6c210fc1a8	b3307d3fe181b541a7780ce45b040c6c210fc1a8
commits	943f7f50963b8028b71b562d74743c1cd9227bd2	943f7f50963b8028b71b562d74743c1cd9227bd2
commits	99b245343722e1ff19274a2c6c9cf4386d34e64b	99b245343722e1ff19274a2c6c9cf4386d34e64b
commits	e39a974501d2839cd523777b45fde46f4fb8b70f	e39a974501d2839cd523777b45fde46f4fb8b70f
commits	5d8b7b3aed41cd297fdfe9bfd880fde76cf102c4	5d8b7b3aed41cd297fdfe9bfd880fde76cf102c4
commits	f744e8d2d07420b58f3b190de4032b3591af24bb	f744e8d2d07420b58f3b190de4032b3591af24bb
commits	a1e298af5a99dbc79fc55d3968ce7863a617b3eb	a1e298af5a99dbc79fc55d3968ce7863a617b3eb
commits	446f5705549641a450fc7327bd4a6ad7cbcd3b6e	446f5705549641a450fc7327bd4a6ad7cbcd3b6e
commits	44d82fa51916794619a6993b0721d03d2f423ca5	44d82fa51916794619a6993b0721d03d2f423ca5
commits	3659a724927dc561a7d330cc3d3a17dd0971d655	3659a724927dc561a7d330cc3d3a17dd0971d655
commits	a38ed15a3c3b9ea0575639ab3ce5c3050bc78078	a38ed15a3c3b9ea0575639ab3ce5c3050bc78078
commits	c70ffd0cd8d0be7787cc8592cf456e23a08acecf	c70ffd0cd8d0be7787cc8592cf456e23a08acecf
commits	2e25c37d5875adcbe0e7b8016d72b1018bb8507a	2e25c37d5875adcbe0e7b8016d72b1018bb8507a
commits	59581f03c85fb3c75f62fd1c542e86b9d7bfd8a0	59581f03c85fb3c75f62fd1c542e86b9d7bfd8a0
commits	60f44b7f438d7716c5b83a6b609fa3f3ee72adb7	60f44b7f438d7716c5b83a6b609fa3f3ee72adb7
commits	0dc35652c7639aa638c03677a0ebf313fc0b2962	0dc35652c7639aa638c03677a0ebf313fc0b2962
commits	98bd7d27b068933bdb32da0e8d6356f9b9bb589b	98bd7d27b068933bdb32da0e8d6356f9b9bb589b
commits	dda7d2dfd5684eb07adcc7f7a7ea80f79ed7ec93	dda7d2dfd5684eb07adcc7f7a7ea80f79ed7ec93
commits	183d9889888f17dff77cc52b77eda4edf4634270	183d9889888f17dff77cc52b77eda4edf4634270
commits	1a9fbafdcd089101ff3bd91174c4db4226ba1554	1a9fbafdcd089101ff3bd91174c4db4226ba1554
commits	44c2eaf132c5d14f942ec7fc153360940922bb5c	44c2eaf132c5d14f942ec7fc153360940922bb5c
commits	3f7f956d6e815050c0b583fe1df5e5ac14b65ad7	3f7f956d6e815050c0b583fe1df5e5ac14b65ad7
commits	cbe35f7e69854e583a28510b3df37f10d42bd4f1	cbe35f7e69854e583a28510b3df37f10d42bd4f1
commits	2f76bdc89f0787924264d3b2e4d5091a25569aff	2f76bdc89f0787924264d3b2e4d5091a25569aff
commits	68f502d8e8d531326ae218305c9c4b4ae3d477fd	68f502d8e8d531326ae218305c9c4b4ae3d477fd
commits	511290352e37d9ab933700a9f0014725ded92f1d	511290352e37d9ab933700a9f0014725ded92f1d
commits	d0f9e6cceabcbbd56497b2c7f96fef7b12e75628	d0f9e6cceabcbbd56497b2c7f96fef7b12e75628
commits	c88dc5ceedc234cbdb4cf1799cc2157c22ad7b4f	c88dc5ceedc234cbdb4cf1799cc2157c22ad7b4f
commits	ba9f98944fefe903d016c4dcc280bea3930ff848	ba9f98944fefe903d016c4dcc280bea3930ff848
commits	81b131bd9af2905f034136ff84be2e2f52591e13	81b131bd9af2905f034136ff84be2e2f52591e13
commits	0e55bb641d6d9c4c1ff4e7e38cb146f06473a14f	0e55bb641d6d9c4c1ff4e7e38cb146f06473a14f
commits	5f4d1d63c3894c3cf398cfbbab91dc85d09cc648	5f4d1d63c3894c3cf398cfbbab91dc85d09cc648
commits	3c808e69d3e321a088e239a6f1119c35011f13fe	3c808e69d3e321a088e239a6f1119c35011f13fe
commits	78dc04e43a0a694e93eb97576ff4cd104913e04d	78dc04e43a0a694e93eb97576ff4cd104913e04d
commits	c7a7c29d88de0a0b0a42cf9203b2df1758314abb	c7a7c29d88de0a0b0a42cf9203b2df1758314abb
commits	3cb2b52334c57c2effbb38e6d637d39e8a9a239b	3cb2b52334c57c2effbb38e6d637d39e8a9a239b
commits	34def3612cbb551f937137ceb6ecd735074ec18d	34def3612cbb551f937137ceb6ecd735074ec18d
commits	2cf0e24c7df09792fc8ddaaf861b98c8d194c00d	2cf0e24c7df09792fc8ddaaf861b98c8d194c00d
commits	e07d3c8490906bbc0d4284f044d869703a1bc142	e07d3c8490906bbc0d4284f044d869703a1bc142
commits	589dbb69147686b2a42547481721d68ac1878b41	589dbb69147686b2a42547481721d68ac1878b41
commits	121eb8099d487de50056498348106a0746fbba64	121eb8099d487de50056498348106a0746fbba64
commits	30bb7a3bda0751bb4b6ebdf6f7499a737a1e6add	30bb7a3bda0751bb4b6ebdf6f7499a737a1e6add
commits	142a31b814f6a5a81e56397b3266487c62c53aa8	142a31b814f6a5a81e56397b3266487c62c53aa8
commits	29ee0f7158c34336455487ce026ce100503e8c6a	29ee0f7158c34336455487ce026ce100503e8c6a
commits	7291274b8be9f646a89ac5fa5ecb0209b5417e68	7291274b8be9f646a89ac5fa5ecb0209b5417e68
commits	f3585a1807e3941df89447d34ef72642b3c79389	f3585a1807e3941df89447d34ef72642b3c79389
commits	d921e2126e977d1fef75a281c5e056af6f69f2ce	d921e2126e977d1fef75a281c5e056af6f69f2ce
commits	3807e37bf1ec7df605a53c2942389625bd6bd471	3807e37bf1ec7df605a53c2942389625bd6bd471
commits	30fd5d25c557e071034a3b7c8e4b46482cfb040e	30fd5d25c557e071034a3b7c8e4b46482cfb040e
commits	e94ae74cddfecf97e9ae5dfd62e04e395edf285c	e94ae74cddfecf97e9ae5dfd62e04e395edf285c
commits	821463963470315c8eec42da78783c54f8bdbd46	821463963470315c8eec42da78783c54f8bdbd46
commits	29bacf16dbd13b1205a167e73a5330864d5872d1	29bacf16dbd13b1205a167e73a5330864d5872d1
commits	2e06bf5a13c43c501a3d61e21d3473ccf41c48fd	2e06bf5a13c43c501a3d61e21d3473ccf41c48fd
commits	7a1d52fe69b2f0d71742545ec134dfb1f9c318a5	7a1d52fe69b2f0d71742545ec134dfb1f9c318a5
commits	c8c970dc688dd73107d9617d71fe949dbf4dfd93	c8c970dc688dd73107d9617d71fe949dbf4dfd93
commits	03e73e6a75242ec17a656890702566178b56b52b	03e73e6a75242ec17a656890702566178b56b52b
commits	dc4340d975b301c10ae55cc3b0f7d42b6d0cd035	dc4340d975b301c10ae55cc3b0f7d42b6d0cd035
commits	3f847f9286650d935b6b898e48b079907a49c5ed	3f847f9286650d935b6b898e48b079907a49c5ed
commits	546e16bb6ddab137b01341a058121d9d3d5b4a9b	546e16bb6ddab137b01341a058121d9d3d5b4a9b
commits	5f4ea754a10e12faeb5dd6e9ace33f4b1029a35c	5f4ea754a10e12faeb5dd6e9ace33f4b1029a35c
commits	b8017bcc173d86a8131c39497707ab569eadf15d	b8017bcc173d86a8131c39497707ab569eadf15d
commits	2db4710be1e7cf5534b440351fcb9f3dee17ced1	2db4710be1e7cf5534b440351fcb9f3dee17ced1
commits	769566bacc65ab0b19c414278be150d9755927cc	769566bacc65ab0b19c414278be150d9755927cc
commits	20cd16a595dc7c4e09b5c8c03a4a056b28fe3bc2	20cd16a595dc7c4e09b5c8c03a4a056b28fe3bc2
commits	274aea72197103a5061915a347e1da508cd6a934	274aea72197103a5061915a347e1da508cd6a934
commits	562587481c1a566777adf338b805553913cb1298	562587481c1a566777adf338b805553913cb1298
commits	feb64000a0ac21fe3cee83b25f10b017f2c14f61	feb64000a0ac21fe3cee83b25f10b017f2c14f61
commits	d1fb4f140cae4a9e15896552170024be7cd8fc0a	d1fb4f140cae4a9e15896552170024be7cd8fc0a
commits	24e94258876b6b2c35439d6c4d34791d33bef200	24e94258876b6b2c35439d6c4d34791d33bef200
commits	c96f534cfc007df0b2235e47e0c5fb4979e19858	c96f534cfc007df0b2235e47e0c5fb4979e19858
commits	de1a4ecfe7701f92ba40296710b32cb048fb53b2	de1a4ecfe7701f92ba40296710b32cb048fb53b2
commits	2f3d0dd4848b433e7be97bf732ba4d32d2d47275	2f3d0dd4848b433e7be97bf732ba4d32d2d47275
commits	b1918a144a171e8b9350b8993e49fe80e5e8466d	b1918a144a171e8b9350b8993e49fe80e5e8466d
commits	710affdb958493030a319c935df43e71c1d9fca2	710affdb958493030a319c935df43e71c1d9fca2
commits	441fbf0ed0f3a9c8658caf6f99a16e42665d2259	441fbf0ed0f3a9c8658caf6f99a16e42665d2259
commits	92ce37b53ac7fe7c57de01a4696aefcec367b7e0	92ce37b53ac7fe7c57de01a4696aefcec367b7e0
commits	4b317a1d768d2f562668152b16866ed412a723f3	4b317a1d768d2f562668152b16866ed412a723f3
commits	90332810a5b7aae9f6a28ac41410aac52aab032e	90332810a5b7aae9f6a28ac41410aac52aab032e
commits	cbe3bde9756ac764693ce16f6d2da18a13b2eb57	cbe3bde9756ac764693ce16f6d2da18a13b2eb57
commits	bc07f16f3bfbce2366f723dc8f4dc4c9cfa0fb09	bc07f16f3bfbce2366f723dc8f4dc4c9cfa0fb09
commits	aefd7b9a39cbd1bdcecec24bd11b8e099fe09ac3	aefd7b9a39cbd1bdcecec24bd11b8e099fe09ac3
commits	51a210f674ad5cedeec4f715893c6e6e2168af5b	51a210f674ad5cedeec4f715893c6e6e2168af5b
commits	d9dea47807575b527caf45470a6a69454aa3a73a	d9dea47807575b527caf45470a6a69454aa3a73a
commits	27654bf3fc58403d933324d126e0a56e86fe9728	27654bf3fc58403d933324d126e0a56e86fe9728
commits	3f3f3cbf612a103accf592e572920e8ee0de02fe	3f3f3cbf612a103accf592e572920e8ee0de02fe
commits	ec9fc887e340bb49676e4b99a79da59692b7abb4	ec9fc887e340bb49676e4b99a79da59692b7abb4
commits	e551f156416cd2b32677437a3e1a1104b210b6f2	e551f156416cd2b32677437a3e1a1104b210b6f2
commits	be49f2982084dcff186a9f791c240300e51d1674	be49f2982084dcff186a9f791c240300e51d1674
commits	0d7428b1e2afa91d0c84747c7e07200ac3649e29	0d7428b1e2afa91d0c84747c7e07200ac3649e29
commits	08458a4ca61f9d7d4402c2c359de78f227d0200b	08458a4ca61f9d7d4402c2c359de78f227d0200b
commits	7685f4bf4d8ef2b641aa4a14febdd0f166f73ab2	7685f4bf4d8ef2b641aa4a14febdd0f166f73ab2
commits	3a74d2f86b9679c474d8ef5fcbbec30f7a876525	3a74d2f86b9679c474d8ef5fcbbec30f7a876525
commits	f45c196f1766b065086834b40d08162c559da06d	f45c196f1766b065086834b40d08162c559da06d
commits	2c23255a25cf276fe052282e242a03e91c40af5b	2c23255a25cf276fe052282e242a03e91c40af5b
commits	7490a1cf3ea7f8c70ef79e4fe2164e683132219d	7490a1cf3ea7f8c70ef79e4fe2164e683132219d
commits	b091ac0c6715fef1938e4558caafa2246f4edf22	b091ac0c6715fef1938e4558caafa2246f4edf22
commits	ad7f84637e1290fe2b3d9d67894891cbcdab9ffa	ad7f84637e1290fe2b3d9d67894891cbcdab9ffa
commits	20acc20607ba13b4b4ff93122e943c4d47ffae49	20acc20607ba13b4b4ff93122e943c4d47ffae49
commits	b6013ca06aa6bd15ca2d804db2836da6104555ee	b6013ca06aa6bd15ca2d804db2836da6104555ee
commits	f51e260d71e27104df1c01b1733456f5742cb9de	f51e260d71e27104df1c01b1733456f5742cb9de
commits	2a1d1c9090a67fa1304667c8739bd736f21eb279	2a1d1c9090a67fa1304667c8739bd736f21eb279
commits	7ca4a24cb28643b5a64990effdb388024de8da42	7ca4a24cb28643b5a64990effdb388024de8da42
commits	fe7fe6d09bf386a0b2b151ea2531af3912cfbc8e	fe7fe6d09bf386a0b2b151ea2531af3912cfbc8e
commits	ef2ac676163e76d0a4990975039a9ed29fe99c47	ef2ac676163e76d0a4990975039a9ed29fe99c47
commits	e6ac9853ebc9de2710a9264287bd2a046161b26c	e6ac9853ebc9de2710a9264287bd2a046161b26c
commits	288f8e6f3984a0f0efd5e280f576ba4e2f50c73c	288f8e6f3984a0f0efd5e280f576ba4e2f50c73c
commits	dfb9af3074dbd1290f6714bbe293da628b9f4b90	dfb9af3074dbd1290f6714bbe293da628b9f4b90
commits	871159ba7060911405362d41a8ef344c3d0b2981	871159ba7060911405362d41a8ef344c3d0b2981
commits	8b948785eff792b12fcdaede39868e77e86d1241	8b948785eff792b12fcdaede39868e77e86d1241
commits	58cfcbe7ac44dff29f845eaa324b14b115feda26	58cfcbe7ac44dff29f845eaa324b14b115feda26
commits	e7ad9bbc7b8d4e94b7158fb91c30463815934d96	e7ad9bbc7b8d4e94b7158fb91c30463815934d96
commits	a8a451030d589c1db3fd4e7615f64308235b0b9b	a8a451030d589c1db3fd4e7615f64308235b0b9b
commits	60fdbd409a8175f56141384f0a6a1785eb34c3e1	60fdbd409a8175f56141384f0a6a1785eb34c3e1
commits	35dad7b530cdee3213d323bb84b3005f0d2cbe55	35dad7b530cdee3213d323bb84b3005f0d2cbe55
commits	6dffaad433e828780ab020034dba9c00eeafb8ac	6dffaad433e828780ab020034dba9c00eeafb8ac
commits	dc2878ad25aee5fc7a3d4b7289523d1afdfd96f4	dc2878ad25aee5fc7a3d4b7289523d1afdfd96f4
commits	414171f34b04517640f12603bfe69d2537938744	414171f34b04517640f12603bfe69d2537938744
commits	30646bfc8421b423ba3eabd347e5e1e04554f0e0	30646bfc8421b423ba3eabd347e5e1e04554f0e0
commits	f2e7ef4c74cef8638706cbfed94e2155fcba9181	f2e7ef4c74cef8638706cbfed94e2155fcba9181
commits	fe6679f1a5d52e4fe9f1a9d8ddec78612703f062	fe6679f1a5d52e4fe9f1a9d8ddec78612703f062
commits	c29fc0a038c89f97ea9517f618af5448c965e091	c29fc0a038c89f97ea9517f618af5448c965e091
commits	61dd777a0e4a74e138503086310c6b34748dea23	61dd777a0e4a74e138503086310c6b34748dea23
commits	ac0131c638ae5ab0593482bffa291a3eae119fd1	ac0131c638ae5ab0593482bffa291a3eae119fd1
commits	f1b792f573aa460c3586a93f77a1b57566aaf1d3	f1b792f573aa460c3586a93f77a1b57566aaf1d3
commits	e05d66d2916d89f0fcada45a83abd007ee35cc64	e05d66d2916d89f0fcada45a83abd007ee35cc64
commits	b22b7f483dab6697e3dcc9e70e7af9464f66235d	b22b7f483dab6697e3dcc9e70e7af9464f66235d
commits	7516061bff1bf3ff65299957453a9d74f3b1ef7a	7516061bff1bf3ff65299957453a9d74f3b1ef7a
commits	4e2b7f5afe0abddae2bc15b668d9c4d9344a8c41	4e2b7f5afe0abddae2bc15b668d9c4d9344a8c41
commits	1748804b160746a7c5f315a60d11de2c6ec7589a	1748804b160746a7c5f315a60d11de2c6ec7589a
commits	fd05e6f372a65f96df574cebf9d720922b75e935	fd05e6f372a65f96df574cebf9d720922b75e935
commits	f99f3188d344c52d8510a98fae210556aeef89c5	f99f3188d344c52d8510a98fae210556aeef89c5
commits	2bd28ef1101f081632cbefd01cc25b26b53316df	2bd28ef1101f081632cbefd01cc25b26b53316df
commits	0394d971a754622845199de2d67c45cf58292373	0394d971a754622845199de2d67c45cf58292373
commits	e01ee1ddf3147fd52d1f1071c93010fb00622528	e01ee1ddf3147fd52d1f1071c93010fb00622528
commits	da353c50de54e82b90da521634b9916be816d3e6	da353c50de54e82b90da521634b9916be816d3e6
commits	59864e0f2e72369d42591943241e21481cacdc00	59864e0f2e72369d42591943241e21481cacdc00
commits	3f0879557f538cc92a8573df6ce2ac76a4eceefb	3f0879557f538cc92a8573df6ce2ac76a4eceefb
commits	051cd5c1d9dfe881775df89272bc71918a081404	051cd5c1d9dfe881775df89272bc71918a081404
commits	3cfe196953a854d795bdaaa5e05e01dc02b4230b	3cfe196953a854d795bdaaa5e05e01dc02b4230b
commits	4f03501f65f4f9687bee1480d4bdc5d9e354d58a	4f03501f65f4f9687bee1480d4bdc5d9e354d58a
commits	da1b50489e4e03c43c921b8d7cea2b2f2fcaf2e4	da1b50489e4e03c43c921b8d7cea2b2f2fcaf2e4
commits	b3e624b0e9d39c7bb4c586bc6255e0d5683a55a2	b3e624b0e9d39c7bb4c586bc6255e0d5683a55a2
commits	e5a0214a1c7c73945c8607b81c1038590c036677	e5a0214a1c7c73945c8607b81c1038590c036677
commits	eb5f8ac5a57b8c52b4699dcef89d3500ba07ae78	eb5f8ac5a57b8c52b4699dcef89d3500ba07ae78
commits	d3b79e9ca53da79242460ceddeb933fc8a97924e	d3b79e9ca53da79242460ceddeb933fc8a97924e
commits	80d8a5564e8d80b48e3ed88a6eaa6280e6f44904	80d8a5564e8d80b48e3ed88a6eaa6280e6f44904
commits	f6c1fc6248c5085b07d3eecaa0b26529d4431d3f	f6c1fc6248c5085b07d3eecaa0b26529d4431d3f
commits	ef1087029c291827d717fc98b9c214d34e8fc743	ef1087029c291827d717fc98b9c214d34e8fc743
commits	6c3be0f4892a7eb123f265865e92971ba180a689	6c3be0f4892a7eb123f265865e92971ba180a689
commits	025348d47a0d12818b76ba1966d2ea376fbd9e59	025348d47a0d12818b76ba1966d2ea376fbd9e59
commits	74d732b08456261f1a85752891c8909000ee7d37	74d732b08456261f1a85752891c8909000ee7d37
commits	38910450876b124735cbdf7388bb1b33f5b618e6	38910450876b124735cbdf7388bb1b33f5b618e6
commits	994edfc8aae67bf4b307830fbc365ec34b401510	994edfc8aae67bf4b307830fbc365ec34b401510
commits	1195dd353c112d26cf2370640c2f9c34cb61df6f	1195dd353c112d26cf2370640c2f9c34cb61df6f
commits	2701f313d3060b7c4a1c48ad2cbdd302c246d1b0	2701f313d3060b7c4a1c48ad2cbdd302c246d1b0
commits	b5bac3591bb9c4f057c40bf8a986f05f72f0e7a2	b5bac3591bb9c4f057c40bf8a986f05f72f0e7a2
commits	0a5c849f7b8373a32bf8b8b97d5f3f97244686aa	0a5c849f7b8373a32bf8b8b97d5f3f97244686aa
commits	bb422eb887a4d3a4b918deb614b1b365d0aa1d9a	bb422eb887a4d3a4b918deb614b1b365d0aa1d9a
commits	53a9c40250e53e1e8c1f591235bdd12dd39b0a6e	53a9c40250e53e1e8c1f591235bdd12dd39b0a6e
commits	8a08bedaa786a750f95bcfabc8c166191a9b6881	8a08bedaa786a750f95bcfabc8c166191a9b6881
commits	48cd3c1cd76f67e1e1908322a944467607b32411	48cd3c1cd76f67e1e1908322a944467607b32411
commits	52c4027844c5e94834727ea0d220b511a5a4f60a	52c4027844c5e94834727ea0d220b511a5a4f60a
commits	291fed992d3fe0a492c371322c53c83895c52920	291fed992d3fe0a492c371322c53c83895c52920
commits	372f9a819011842d5c76a42dcacac24f72847a05	372f9a819011842d5c76a42dcacac24f72847a05
commits	4a8bba54116bb3691dbf95870e69347e6ee0601f	4a8bba54116bb3691dbf95870e69347e6ee0601f
commits	ba05483c823101d2bdce36dc7d63cd2d676abf7a	ba05483c823101d2bdce36dc7d63cd2d676abf7a
commits	ae2fa13d5318ecdbe25f278c434aa4ecb556674a	ae2fa13d5318ecdbe25f278c434aa4ecb556674a
commits	f112d641ce863739b2ad7ebfa1ca667444556de8	f112d641ce863739b2ad7ebfa1ca667444556de8
commits	b75f6893fa7b646fc9be79af9a2bbaed48e0ab0b	b75f6893fa7b646fc9be79af9a2bbaed48e0ab0b
commits	6138748f142e230ee1e4f7e862a072af65c1cccd	6138748f142e230ee1e4f7e862a072af65c1cccd
commits	8394da1d54a559a3db27dec83d682fbb03ca15a0	8394da1d54a559a3db27dec83d682fbb03ca15a0
commits	acc15c6c8fda1854915ea081c00a1778f20468a0	acc15c6c8fda1854915ea081c00a1778f20468a0
commits	d164870eedb00f2ace360685bb4c534f91f1b83a	d164870eedb00f2ace360685bb4c534f91f1b83a
commits	935b985d7f5ab5935ae8fa4b2cc376a0543d5197	935b985d7f5ab5935ae8fa4b2cc376a0543d5197
commits	4e0345220117ec2bcf6cc5c047dbcba80af271f8	4e0345220117ec2bcf6cc5c047dbcba80af271f8
commits	9f9a58220d7ec4bcc7d6b8c006b10bde6795f045	9f9a58220d7ec4bcc7d6b8c006b10bde6795f045
commits	0bfa65197da41ea6176a5b758df6824db4a26061	0bfa65197da41ea6176a5b758df6824db4a26061
commits	568d649689a0dc2a111fb9282b4551e830ada90f	568d649689a0dc2a111fb9282b4551e830ada90f
commits	e8700c11d82a6b1dcb5e29858163cc02d7f9dafa	e8700c11d82a6b1dcb5e29858163cc02d7f9dafa
commits	3f3ea1a0aefbb3c865e448d9d691941d1dca72ae	3f3ea1a0aefbb3c865e448d9d691941d1dca72ae
commits	6aafab64fbe7245b4525cba93213d3eb412de0ec	6aafab64fbe7245b4525cba93213d3eb412de0ec
commits	dddf3d38a072c11f68e3821570421d0f03a61cf4	dddf3d38a072c11f68e3821570421d0f03a61cf4
commits	ed5d5b56cf69c7ba21c62cd1c987e13006a2c09d	ed5d5b56cf69c7ba21c62cd1c987e13006a2c09d
commits	b26496af489cb444a91406fab4a73d9e3602fe90	b26496af489cb444a91406fab4a73d9e3602fe90
commits	c5e0c258c78eae35d2d12ae50ff68550d742e171	c5e0c258c78eae35d2d12ae50ff68550d742e171
commits	6cbf50abd4d5c09bf2bc77f599b205af8057d5aa	6cbf50abd4d5c09bf2bc77f599b205af8057d5aa
commits	4f860ad3a8bc6e35bf66e34f05426329236ac361	4f860ad3a8bc6e35bf66e34f05426329236ac361
commits	6913a54e5d5001c00c1242aa5fd76c8df32b74f6	6913a54e5d5001c00c1242aa5fd76c8df32b74f6
commits	8de16efef111937d55edf34c835ec8f4ea6cda81	8de16efef111937d55edf34c835ec8f4ea6cda81
commits	922c7ce0031258a8778a1121acfc7926cbbf2957	922c7ce0031258a8778a1121acfc7926cbbf2957
commits	3a5ecc89abfb0eaabd8080e9705acb7768b72216	3a5ecc89abfb0eaabd8080e9705acb7768b72216
commits	4c37f86e6f01e530cd1233ccf97072acece9f3ba	4c37f86e6f01e530cd1233ccf97072acece9f3ba
commits	2a7fa775c95150d0c124a3fe714210803674b92e	2a7fa775c95150d0c124a3fe714210803674b92e
commits	24b97287ae7f32dbbe1428edd856db50eadab265	24b97287ae7f32dbbe1428edd856db50eadab265
commits	2482cb0c369e361edf3814f22165377a52d71f01	2482cb0c369e361edf3814f22165377a52d71f01
commits	b81bdc6783431adccdb289194c48ec800925d923	b81bdc6783431adccdb289194c48ec800925d923
commits	815eb53ed979c7de043bee775a7b5126ee87ef3a	815eb53ed979c7de043bee775a7b5126ee87ef3a
commits	30870c260f7cf6bb7de4381ad46ffcb318a4d2a9	30870c260f7cf6bb7de4381ad46ffcb318a4d2a9
commits	7f5d65cc4f39ba962c804520c7e7f185b19a00ef	7f5d65cc4f39ba962c804520c7e7f185b19a00ef
commits	bd47f41ef7b4ab868d48cbc1e4ab2f7988770a53	bd47f41ef7b4ab868d48cbc1e4ab2f7988770a53
commits	129899854b6f1910e97557d580e958ed258caa44	129899854b6f1910e97557d580e958ed258caa44
commits	542a8dfb5302f5e4f8d2220f567c87ef3d79366a	542a8dfb5302f5e4f8d2220f567c87ef3d79366a
commits	e47c51929864ebc8203aa625931d25afb6f20217	e47c51929864ebc8203aa625931d25afb6f20217
commits	2cda35db5c858abf2e34e749708d7d6a8a2d0d36	2cda35db5c858abf2e34e749708d7d6a8a2d0d36
commits	0735ac40266b442af44644aab05a5164162faf0d	0735ac40266b442af44644aab05a5164162faf0d
commits	02ce8f6d4d6e4070ac1d4f373c241cfe2112e110	02ce8f6d4d6e4070ac1d4f373c241cfe2112e110
commits	d2bb3dae48da40629c21533cfe216d69c4e98848	d2bb3dae48da40629c21533cfe216d69c4e98848
commits	9d4e966cc553fad4729b13a17384c00b6f75fd2f	9d4e966cc553fad4729b13a17384c00b6f75fd2f
commits	e0e72cbdad4ec5e50af23f1d8b92a4677f8aefda	e0e72cbdad4ec5e50af23f1d8b92a4677f8aefda
commits	87daa2ea635b6605971ba6fcc2fcf835c024bdc8	87daa2ea635b6605971ba6fcc2fcf835c024bdc8
commits	cb1272898c5980e2fdfe64ecc6dc849e8a618bec	cb1272898c5980e2fdfe64ecc6dc849e8a618bec
commits	8a6bbddbdeeba5c68e960470dbef3005dfebf13e	8a6bbddbdeeba5c68e960470dbef3005dfebf13e
commits	80a4026ab4e893db7dd61445a74eb61edf7589fd	80a4026ab4e893db7dd61445a74eb61edf7589fd
commits	5594653301f5bc1dcd90a3d1041c724f96654279	5594653301f5bc1dcd90a3d1041c724f96654279
commits	c6ed322dc39c42df1e0fbac10c0574030dce8136	c6ed322dc39c42df1e0fbac10c0574030dce8136
commits	a96e67933852d6f50c82bbf5dbac64e89a5ca180	a96e67933852d6f50c82bbf5dbac64e89a5ca180
commits	3519b76c7a7f488910756acb96e1132676f6a05f	3519b76c7a7f488910756acb96e1132676f6a05f
commits	69d71944991a70dc32259dea937b42adc33d9f2f	69d71944991a70dc32259dea937b42adc33d9f2f
commits	c7ab608efacf462c1477e95684d9917a32625afe	c7ab608efacf462c1477e95684d9917a32625afe
commits	b3e9f6b344324a20dbedb54c32b502cf7e711c19	b3e9f6b344324a20dbedb54c32b502cf7e711c19
commits	0e36f5ec529db1d367ccef1ec736862366324bd0	0e36f5ec529db1d367ccef1ec736862366324bd0
commits	3f2a2ecf820a9e40a77ef7b6e98273d8168a26b7	3f2a2ecf820a9e40a77ef7b6e98273d8168a26b7
commits	6e98738bf654e48fd8d140d6f7b8dcf08732a018	6e98738bf654e48fd8d140d6f7b8dcf08732a018
commits	f1c16c8623097eb59c9a6e99508b4e34bb982946	f1c16c8623097eb59c9a6e99508b4e34bb982946
commits	cc08ee131991c31db844b7584424fe1d9e222dc1	cc08ee131991c31db844b7584424fe1d9e222dc1
commits	54403a960fbcac804c5d3a93e8440580b12a5168	54403a960fbcac804c5d3a93e8440580b12a5168
commits	85ca04e2cdb4389204dc2670461d133e0b956fd3	85ca04e2cdb4389204dc2670461d133e0b956fd3
commits	a977318ddb3d3094b22afa37a926c7929383bd4e	a977318ddb3d3094b22afa37a926c7929383bd4e
commits	412f050f58608972b9bd4dae3762b180e291f699	412f050f58608972b9bd4dae3762b180e291f699
commits	970e15a33d095c40d54a40bb617da58b557c1005	970e15a33d095c40d54a40bb617da58b557c1005
commits	822cd1574845587463e497bb967e095d21e782ee	822cd1574845587463e497bb967e095d21e782ee
commits	6fab9c2866997b2583564a1f34a2a69d9efb6e69	6fab9c2866997b2583564a1f34a2a69d9efb6e69
commits	050adbb6cdf7361f7e7179489df08a7f060f28c5	050adbb6cdf7361f7e7179489df08a7f060f28c5
commits	05628ccba446e2242393511f061291f554cc0c4b	05628ccba446e2242393511f061291f554cc0c4b
commits	ed96405a9236f68026c8cc38827594f39cc19b07	ed96405a9236f68026c8cc38827594f39cc19b07
commits	e423f84bf69c62f619ae20a843009b5a94a1e5a3	e423f84bf69c62f619ae20a843009b5a94a1e5a3
commits	4b0fac8ef81c8090b56d0c1feef7e7f6d84d948b	4b0fac8ef81c8090b56d0c1feef7e7f6d84d948b
commits	6da43ce69b05d8242bcde45a679162da4d84e58c	6da43ce69b05d8242bcde45a679162da4d84e58c
commits	2cf1b0f99ff790dd969fbd0090e570eae3a01eb7	2cf1b0f99ff790dd969fbd0090e570eae3a01eb7
commits	7ba1f03c13bc7cb190fb54cb873a915d20e9d486	7ba1f03c13bc7cb190fb54cb873a915d20e9d486
commits	68961d4d394c103f826a0767b7061c77e593bf7b	68961d4d394c103f826a0767b7061c77e593bf7b
commits	46a8408ecee4cedbaa445d90addc211fb4a3531e	46a8408ecee4cedbaa445d90addc211fb4a3531e
commits	c65a6691bf045043ebaf1885f1d7e55d41b9f7ad	c65a6691bf045043ebaf1885f1d7e55d41b9f7ad
commits	e2708a2a93a4115a3fcb2ee73683a166c812c203	e2708a2a93a4115a3fcb2ee73683a166c812c203
commits	57d6e07ac876e528d0e9b30c3a20e385a8900ff2	57d6e07ac876e528d0e9b30c3a20e385a8900ff2
commits	442a951b90af7d93b79646a7c01cdaa441bcb565	442a951b90af7d93b79646a7c01cdaa441bcb565
commits	2df163082127de1d86fa0fd1d00fc3b029624f62	2df163082127de1d86fa0fd1d00fc3b029624f62
commits	b5a7f5ff136d5cdbf4e0f6bb3ad40fa28bfd0791	b5a7f5ff136d5cdbf4e0f6bb3ad40fa28bfd0791
commits	6c995855896f60b55e315555f824b15a898881bf	6c995855896f60b55e315555f824b15a898881bf
commits	e4d064e6b152b5cbd674df8a19f6f81ec376220f	e4d064e6b152b5cbd674df8a19f6f81ec376220f
commits	0100a8a59413df03a96e89a30b6492a7389d456c	0100a8a59413df03a96e89a30b6492a7389d456c
commits	92c0ac90ccff793a91aa9fb786d7ab5c9d3ef205	92c0ac90ccff793a91aa9fb786d7ab5c9d3ef205
commits	dbadb696e0713993c23a73a5da021efc5150fd9c	dbadb696e0713993c23a73a5da021efc5150fd9c
commits	a7819f9b5d852ef23574cb6f4730c13eb99c3353	a7819f9b5d852ef23574cb6f4730c13eb99c3353
commits	724322456281bcdd658412cae68608a8b78d2bf5	724322456281bcdd658412cae68608a8b78d2bf5
commits	e39c153d000ad4fc4087ce8546f95b2b803c9bae	e39c153d000ad4fc4087ce8546f95b2b803c9bae
commits	edf63c53cfbe7f871c9bbc046a2c21dcc17e657c	edf63c53cfbe7f871c9bbc046a2c21dcc17e657c
commits	855925f2a7d46e15bc083eb03cc712bd8b37351f	855925f2a7d46e15bc083eb03cc712bd8b37351f
commits	5f26c7ca61b22884048a28d7e41176232e33bd06	5f26c7ca61b22884048a28d7e41176232e33bd06
commits	1160db67799b8f74c1eeaaa2c53f0020db12bd21	1160db67799b8f74c1eeaaa2c53f0020db12bd21
commits	87b6d17612a4bbc0c99a058be5b9a35f2f4a60ff	87b6d17612a4bbc0c99a058be5b9a35f2f4a60ff
commits	0e7ebca9c13894206d61f58df2b658f6e21c187b	0e7ebca9c13894206d61f58df2b658f6e21c187b
commits	672f285a50f4ff87404c8b6d62c6c8bda21d2560	672f285a50f4ff87404c8b6d62c6c8bda21d2560
commits	f56541d42e762c47ad7a49346eda470e65858fa1	f56541d42e762c47ad7a49346eda470e65858fa1
commits	6492f60af44aa7f9944072f039a5dddf9ac631ad	6492f60af44aa7f9944072f039a5dddf9ac631ad
commits	7f3f0d41639022d505c3b1f86533fe61c11537c5	7f3f0d41639022d505c3b1f86533fe61c11537c5
commits	5dc31f66845b689badd798eef324bacda4602cca	5dc31f66845b689badd798eef324bacda4602cca
commits	ff4ca05e050345907a0843f6824095068aa89dc6	ff4ca05e050345907a0843f6824095068aa89dc6
commits	6a29594ce56f13b30328ed5416f66ea694de743c	6a29594ce56f13b30328ed5416f66ea694de743c
commits	e05e36aae6e1303037e9e7f5f9b164063b6c9465	e05e36aae6e1303037e9e7f5f9b164063b6c9465
commits	dc1347b4cfd22f1d5d3d328086a8c1c88c301e8a	dc1347b4cfd22f1d5d3d328086a8c1c88c301e8a
commits	bdaee39089792341987db5201f05c760c3097695	bdaee39089792341987db5201f05c760c3097695
commits	d986003d59f1c667b959e1faf77fc5875f4f5d88	d986003d59f1c667b959e1faf77fc5875f4f5d88
commits	47f7e7d6b11f791d8620370b523d5b2569b49079	47f7e7d6b11f791d8620370b523d5b2569b49079
commits	3f079631d10bfcef450ca10a63b09064a5bf89ef	3f079631d10bfcef450ca10a63b09064a5bf89ef
commits	cf831cba4b518f9c0fb64ec8a9d76123880b3cbd	cf831cba4b518f9c0fb64ec8a9d76123880b3cbd
commits	250ae48b406d3028f0d96798d933719bb368e336	250ae48b406d3028f0d96798d933719bb368e336
commits	00c2cc48bf135b2e954f0b9a0067a8bea84a8f46	00c2cc48bf135b2e954f0b9a0067a8bea84a8f46
commits	8b6fa16d18ffd45a16efc182f3a508cae56b16b3	8b6fa16d18ffd45a16efc182f3a508cae56b16b3
commits	4bb80ece51a4bd3670d971fc11523f50ee434d60	4bb80ece51a4bd3670d971fc11523f50ee434d60
commits	7aac3e2658321638e63c40e35b4b0b536b94a046	7aac3e2658321638e63c40e35b4b0b536b94a046
commits	4fe3b60995777cf828b43082ed97522ee455061e	4fe3b60995777cf828b43082ed97522ee455061e
commits	ea43ac82e2ebaabfddbf1711ec48667c19f958e0	ea43ac82e2ebaabfddbf1711ec48667c19f958e0
commits	6a136ba1238de4ae91b35a1ab207f5989e0e06b5	6a136ba1238de4ae91b35a1ab207f5989e0e06b5
commits	13229a139264ab05b4886ce93e3a9e557368a1d8	13229a139264ab05b4886ce93e3a9e557368a1d8
commits	e333eef8e99dc51da4aaafdb2c06fd33c8f14598	e333eef8e99dc51da4aaafdb2c06fd33c8f14598
commits	1cd3541f41c21933f45010ca7d7ca951e3815d46	1cd3541f41c21933f45010ca7d7ca951e3815d46
commits	ea18f99b0e8db0a47d97251bf7c4c6dbba7af51d	ea18f99b0e8db0a47d97251bf7c4c6dbba7af51d
commits	0a99a52e058da3a02f86be30537a43489c5137c9	0a99a52e058da3a02f86be30537a43489c5137c9
commits	cb9bc96ab7d7f788a70042e7551b19c6c429d729	cb9bc96ab7d7f788a70042e7551b19c6c429d729
commits	ada58a602f23a4c1fb9cca82111584797680a67b	ada58a602f23a4c1fb9cca82111584797680a67b
commits	3dab153dbbecde0f8b35a476de8b9d01c0071521	3dab153dbbecde0f8b35a476de8b9d01c0071521
commits	f14fbe367cb2c379690202b253df71183464b07b	f14fbe367cb2c379690202b253df71183464b07b
commits	62fc181ce57004270afa68c1c26094bef572ea13	62fc181ce57004270afa68c1c26094bef572ea13
commits	68b63de512df7d72356399d6589db343dc777fbf	68b63de512df7d72356399d6589db343dc777fbf
commits	13b3a8bf54c8145c993e812806464ff487043981	13b3a8bf54c8145c993e812806464ff487043981
commits	c25aafab7957749180850ebeb0eac0cbcf3889ca	c25aafab7957749180850ebeb0eac0cbcf3889ca
commits	eafc3aa11d9589b7b6b7891c66561cadf79acc1a	eafc3aa11d9589b7b6b7891c66561cadf79acc1a
commits	6a9355d9e39899678de90058312a3b85e15bb791	6a9355d9e39899678de90058312a3b85e15bb791
commits	a4bf2803daa5dc2e7974041f8d052f94971e7401	a4bf2803daa5dc2e7974041f8d052f94971e7401
commits	b65c4122811ec0b4d51cace70df438f41da1dc9b	b65c4122811ec0b4d51cace70df438f41da1dc9b
commits	44bec16d7987a5fdc7b23258cfac9bcf0f9c40b5	44bec16d7987a5fdc7b23258cfac9bcf0f9c40b5
commits	e6dc75422a93e7b783a9b6f94f69b13393d47eae	e6dc75422a93e7b783a9b6f94f69b13393d47eae
commits	94211f3bd8c4722c45c4bb7774e53e7e5e7b2d60	94211f3bd8c4722c45c4bb7774e53e7e5e7b2d60
commits	ef22e0920cdad90a84276b9e7c6c7b422ea85b28	ef22e0920cdad90a84276b9e7c6c7b422ea85b28
commits	54805c86f18834380fc4261f24e65359212fc7cf	54805c86f18834380fc4261f24e65359212fc7cf
commits	7ca1fc8bf389dbc8b3c8d2b589af19b4544bd303	7ca1fc8bf389dbc8b3c8d2b589af19b4544bd303
commits	283eec6a6fe17a06ae9c4b8a56c019a5157b867a	283eec6a6fe17a06ae9c4b8a56c019a5157b867a
commits	3779f556eaf495d0fdf5311ed1fb97d08adc89a1	3779f556eaf495d0fdf5311ed1fb97d08adc89a1
commits	feb15742069689294c2bad51900d34fe22de1d36	feb15742069689294c2bad51900d34fe22de1d36
commits	be43e4a881475e2a0207781d6c38013904c1fe69	be43e4a881475e2a0207781d6c38013904c1fe69
commits	15405dd57568275acbb8b65bec9b1442caea2f8e	15405dd57568275acbb8b65bec9b1442caea2f8e
commits	998ee703f420320e9ff909275ec77b6d0988eb33	998ee703f420320e9ff909275ec77b6d0988eb33
commits	b073f587e5f841505e983243c2a40a178eed089f	b073f587e5f841505e983243c2a40a178eed089f
commits	5b30ae05eb85075f5b3ffb0c7b21a670df03be45	5b30ae05eb85075f5b3ffb0c7b21a670df03be45
commits	553269e947beeeb0c7aaeb94215e11aaa3501857	553269e947beeeb0c7aaeb94215e11aaa3501857
commits	0378b30d94f4a5c59ca576ddcc871b8c5bed43e1	0378b30d94f4a5c59ca576ddcc871b8c5bed43e1
commits	17428174158ca22468ea73dfeb780b24e9204c5e	17428174158ca22468ea73dfeb780b24e9204c5e
commits	010111dcf9353c869636f84e04d1ea303f2f1bf7	010111dcf9353c869636f84e04d1ea303f2f1bf7
commits	58a1e3bb34c419dc45ad4605ee354bd5c75b8109	58a1e3bb34c419dc45ad4605ee354bd5c75b8109
commits	c908c75c5e35b4ca00683481400833f925a73eda	c908c75c5e35b4ca00683481400833f925a73eda
commits	abe3d03b5e60ee232029abb2927904bae03f7505	abe3d03b5e60ee232029abb2927904bae03f7505
commits	18a331abe1afa138b975d6fa7b69e0101a7c33c8	18a331abe1afa138b975d6fa7b69e0101a7c33c8
commits	8dd03e2b64808ce71af4d1e7a60ddd6bbcd67592	8dd03e2b64808ce71af4d1e7a60ddd6bbcd67592
commits	0e271f7128a34fe7aa6b1440fc06fa7e8f1ba0ac	0e271f7128a34fe7aa6b1440fc06fa7e8f1ba0ac
commits	109be14a1f17c73784919801321f3c0311f39d38	109be14a1f17c73784919801321f3c0311f39d38
commits	2a32bdcddeb6d2776596f3fcc2db3144f7c899e0	2a32bdcddeb6d2776596f3fcc2db3144f7c899e0
commits	ece73775d31e33b0d815eaf8823df5f46a962e7c	ece73775d31e33b0d815eaf8823df5f46a962e7c
commits	e62f58dffa95b1b28a57a13bc61589bda099a66e	e62f58dffa95b1b28a57a13bc61589bda099a66e
commits	13186b26082ba9f38d6526687793a482d007764a	13186b26082ba9f38d6526687793a482d007764a
commits	5541203f4611ecc9a25a1929b86ba8f8db917c8f	5541203f4611ecc9a25a1929b86ba8f8db917c8f
commits	be6df823321050f12f10a0b4422fa0e740b54061	be6df823321050f12f10a0b4422fa0e740b54061
commits	898107d7a63be966728223721d9b89b41f6b33b5	898107d7a63be966728223721d9b89b41f6b33b5
commits	9c1fbceb4dfe8c81bfd229897db656bc4dcc415b	9c1fbceb4dfe8c81bfd229897db656bc4dcc415b
commits	a6cdd327391e1c603853cabdfcce24ec7f1ab4e8	a6cdd327391e1c603853cabdfcce24ec7f1ab4e8
commits	820e793fd31bf59111112a40c15d158e541ba8ac	820e793fd31bf59111112a40c15d158e541ba8ac
commits	3b143b1a1a088229f683408debe463d94e9db6a5	3b143b1a1a088229f683408debe463d94e9db6a5
commits	041c7e9c7375517f320485cfb46ef8857c89f64a	041c7e9c7375517f320485cfb46ef8857c89f64a
commits	386abb3458f1f995ef76797654121107e05c1104	386abb3458f1f995ef76797654121107e05c1104
commits	ec1ac35adb013ea2644744bf93b8827a75e1b4f4	ec1ac35adb013ea2644744bf93b8827a75e1b4f4
commits	7f12f8c4fce66fd1ad17115951d087dfd22eb66d	7f12f8c4fce66fd1ad17115951d087dfd22eb66d
commits	90c177190eaf6c62652ab438fc47ffcd403c0ade	90c177190eaf6c62652ab438fc47ffcd403c0ade
commits	abd287e9b85e27d587fa1436737e57e0d2fc325f	abd287e9b85e27d587fa1436737e57e0d2fc325f
commits	5f793bfb4148d5b85dc87431b3ac62f5e5093b21	5f793bfb4148d5b85dc87431b3ac62f5e5093b21
commits	31379ea7cdb67fc4d202f7b55cd728fda6cd0621	31379ea7cdb67fc4d202f7b55cd728fda6cd0621
commits	9448fa43a2e2d2fdf82223b4f3c8e2888f6b5150	9448fa43a2e2d2fdf82223b4f3c8e2888f6b5150
commits	733a96f97291ccc8ad680eece57ee270044b9200	733a96f97291ccc8ad680eece57ee270044b9200
commits	1d868fa179e0e8794653c8628fc286f5d63423ea	1d868fa179e0e8794653c8628fc286f5d63423ea
commits	f545b943a46bad9f8bf0c26a8e893dd89fbc81db	f545b943a46bad9f8bf0c26a8e893dd89fbc81db
commits	b3b6debd1f0eb841b773fcf27bbfa8b2dd20830f	b3b6debd1f0eb841b773fcf27bbfa8b2dd20830f
commits	e5fb10f655cde0e33223026b258d68962e75cd36	e5fb10f655cde0e33223026b258d68962e75cd36
commits	0798c047c55301607b2eeb9a7cb8e44f517a7e6f	0798c047c55301607b2eeb9a7cb8e44f517a7e6f
commits	217980864fb4f250bf385a0552990a8da09b4c99	217980864fb4f250bf385a0552990a8da09b4c99
commits	40981cf97fb57a7ddf5baa14eceb6e1ec45bc0c1	40981cf97fb57a7ddf5baa14eceb6e1ec45bc0c1
commits	e69def4e78e2462ee69f1c588c995574b9fd28df	e69def4e78e2462ee69f1c588c995574b9fd28df
commits	90b0ade396ce5e7ff6a500cdd8c43d71c8f136ce	90b0ade396ce5e7ff6a500cdd8c43d71c8f136ce
commits	77452e393498dd7fd41f19c50f59492a1c2fcaca	77452e393498dd7fd41f19c50f59492a1c2fcaca
commits	54ca915f5f2f506c92603ca9267aac2c57ee7c1a	54ca915f5f2f506c92603ca9267aac2c57ee7c1a
commits	56a11f7c25ba1e875546f05b39978c0877b3c815	56a11f7c25ba1e875546f05b39978c0877b3c815
commits	1c7d9ed550082914085ade55871847515a803685	1c7d9ed550082914085ade55871847515a803685
commits	c967ad9a24459dadfca6403ebcf0e00e3153c7a8	c967ad9a24459dadfca6403ebcf0e00e3153c7a8
commits	665241148a92acba25fda8738e85e6b687a1a97c	665241148a92acba25fda8738e85e6b687a1a97c
commits	e2043651ab0af5ca41f422e0929cb9d87572fd3a	e2043651ab0af5ca41f422e0929cb9d87572fd3a
commits	b6b422dd199e07993261af0eaf6a4050e918f3b2	b6b422dd199e07993261af0eaf6a4050e918f3b2
commits	f18da3ac23092c20a278665c38290cb18f4602da	f18da3ac23092c20a278665c38290cb18f4602da
commits	b9c52f5458e80e7f68fb2c29b0153f171af41ac7	b9c52f5458e80e7f68fb2c29b0153f171af41ac7
commits	5f9da6a182cc54f24aff00d72288d6a396362a9d	5f9da6a182cc54f24aff00d72288d6a396362a9d
commits	4bb734699eb6092aef8d240ac8d5aebe88a76792	4bb734699eb6092aef8d240ac8d5aebe88a76792
commits	9645a0d8a18beb076e0bd5fa478f6d28891dd766	9645a0d8a18beb076e0bd5fa478f6d28891dd766
commits	e228be81889aedc8eb88709aa1dfde0756d4c385	e228be81889aedc8eb88709aa1dfde0756d4c385
commits	31ca211865929c4b806ec8e8ba410b48850b9393	31ca211865929c4b806ec8e8ba410b48850b9393
commits	834dc8ad48c2505e814c76df88f690c50446bc9e	834dc8ad48c2505e814c76df88f690c50446bc9e
commits	afe13d861bafea68f5302367dc3167c27d08d778	afe13d861bafea68f5302367dc3167c27d08d778
commits	673e5910a4caa865c863f51829b47f3cf96e0675	673e5910a4caa865c863f51829b47f3cf96e0675
commits	0aff135ab39e080fbcff20fb6e5ed039de78e526	0aff135ab39e080fbcff20fb6e5ed039de78e526
commits	a1c887c73897eca0039bed68acd0366b183ccaac	a1c887c73897eca0039bed68acd0366b183ccaac
commits	f90b488798e64149b4430df332ef6161fc00594b	f90b488798e64149b4430df332ef6161fc00594b
commits	9cad7183b0f131415a7b2b6e66a8b2ffb9e66e2c	9cad7183b0f131415a7b2b6e66a8b2ffb9e66e2c
commits	f39461ae7fefeb1c2ac5cec52069e5a4f198b9ab	f39461ae7fefeb1c2ac5cec52069e5a4f198b9ab
commits	c211db86b3404180a7070600a6d6810a8f82de46	c211db86b3404180a7070600a6d6810a8f82de46
commits	5c8523b2709d57f8c50086825a9854d8fb81ee26	5c8523b2709d57f8c50086825a9854d8fb81ee26
commits	277024578a93bae24aacb823e55cc91cab6c297f	277024578a93bae24aacb823e55cc91cab6c297f
commits	245fad6395d7653acd00564642fb0cffa4e8baa0	245fad6395d7653acd00564642fb0cffa4e8baa0
commits	a7f8171a431b403e2a805f0208aebb2533e44764	a7f8171a431b403e2a805f0208aebb2533e44764
commits	9022672a64002547365c5560eac64d6059bd9697	9022672a64002547365c5560eac64d6059bd9697
commits	cd715d6f4fcf8f99449c80c2d4205740e579d65c	cd715d6f4fcf8f99449c80c2d4205740e579d65c
commits	0fb700c1c901b930d5e1f79d97eafb0b98b48fa6	0fb700c1c901b930d5e1f79d97eafb0b98b48fa6
commits	e5767e02a596315127cf9fd4a95305b92381deb3	e5767e02a596315127cf9fd4a95305b92381deb3
commits	7d346cb1fc990fc99f8587c859ee028c7ef0181a	7d346cb1fc990fc99f8587c859ee028c7ef0181a
commits	f7e3660676e275731018d1d76bde50222365ccdc	f7e3660676e275731018d1d76bde50222365ccdc
commits	d5ea2b67c519fe533f3bd8680269a6f558529302	d5ea2b67c519fe533f3bd8680269a6f558529302
commits	964e779469e90a0cd7739233da98b5cdceb583c3	964e779469e90a0cd7739233da98b5cdceb583c3
commits	70ce3c84e2e6bb159d75a3b4e1df11ebdc0e1104	70ce3c84e2e6bb159d75a3b4e1df11ebdc0e1104
commits	de250be2c7bedb125d7b9056f16ee9990e915f0c	de250be2c7bedb125d7b9056f16ee9990e915f0c
commits	b0a981f20d7b8d4e3edc34c77036e820d60a7c1f	b0a981f20d7b8d4e3edc34c77036e820d60a7c1f
commits	d2e572ac7794bc18bfd5021e9524cc64f2b2c33e	d2e572ac7794bc18bfd5021e9524cc64f2b2c33e
commits	e9f67f4a78d58fce04b646cf3cd0e04293f79e25	e9f67f4a78d58fce04b646cf3cd0e04293f79e25
commits	6eb9040db98564e273ddc3d7f7b89fcd2a67c15e	6eb9040db98564e273ddc3d7f7b89fcd2a67c15e
commits	fc67cc1d910811c4ff556d94ef2ea0b98136b8f7	fc67cc1d910811c4ff556d94ef2ea0b98136b8f7
commits	0badcc8537b302d943e063996efcd9e66b79bbca	0badcc8537b302d943e063996efcd9e66b79bbca
commits	f16f056461df853250956c6c857db2d9e3ec0591	f16f056461df853250956c6c857db2d9e3ec0591
commits	e756369f6e42ac60332cca8ed1540149484df5ea	e756369f6e42ac60332cca8ed1540149484df5ea
commits	e410d58d468903abc37efba4d800b537be573cda	e410d58d468903abc37efba4d800b537be573cda
commits	8bcbb160e00b641607e9da7c0a7ce905b2bf1208	8bcbb160e00b641607e9da7c0a7ce905b2bf1208
commits	14808c7cc1d2318c12ea44a8f211ca2f3ecbaf5a	14808c7cc1d2318c12ea44a8f211ca2f3ecbaf5a
commits	055607a5de14a4449b7bf1697a156c2dd0e32459	055607a5de14a4449b7bf1697a156c2dd0e32459
commits	fe5b2ef65b773d644d0c5495602b757572a97c0f	fe5b2ef65b773d644d0c5495602b757572a97c0f
commits	528018f8a4d29f5289dcbb4cb49237dbb4a3375f	528018f8a4d29f5289dcbb4cb49237dbb4a3375f
commits	61df871bf04e3457822440a1cdf5a01cc7cf827c	61df871bf04e3457822440a1cdf5a01cc7cf827c
commits	cb76b4b024ea0470d6b803ae4b33ea60c5d20601	cb76b4b024ea0470d6b803ae4b33ea60c5d20601
commits	155c8ce4bd565023326dc76f2cdbc1f14f74cdbc	155c8ce4bd565023326dc76f2cdbc1f14f74cdbc
commits	0a95305a5012fe1934908af59d8e02db439ce9d1	0a95305a5012fe1934908af59d8e02db439ce9d1
commits	bbb352d26ce11094a79d4c1d2810f20b51558555	bbb352d26ce11094a79d4c1d2810f20b51558555
commits	133f5cf800100ce4e527882cfad3129ee7d803f3	133f5cf800100ce4e527882cfad3129ee7d803f3
commits	4b1b52a0890e73518309495807255e91ac783f83	4b1b52a0890e73518309495807255e91ac783f83
commits	58252792877f1e5dbd89401b25b49fcb74b8925b	58252792877f1e5dbd89401b25b49fcb74b8925b
commits	6e01a0bb6cd4fae711bd003c22ac52f696a18827	6e01a0bb6cd4fae711bd003c22ac52f696a18827
commits	20d48e6aefbcfac09ce26ce2deb40c197c47c6c3	20d48e6aefbcfac09ce26ce2deb40c197c47c6c3
commits	385bdbe938305ba58dda374c4631c7ab52539e43	385bdbe938305ba58dda374c4631c7ab52539e43
commits	93a69fa697f15df9086065cfd34b3d4b87805b49	93a69fa697f15df9086065cfd34b3d4b87805b49
commits	8f48f045944ec01aedcf879e222fbc59a0f3163e	8f48f045944ec01aedcf879e222fbc59a0f3163e
commits	0ac1954105bd34ed97878c49fc8ddb5ea1a1e8ab	0ac1954105bd34ed97878c49fc8ddb5ea1a1e8ab
commits	f1fecb776aa32b586b0d36224fff61bce3a8e404	f1fecb776aa32b586b0d36224fff61bce3a8e404
commits	9e2b3fb66f4a61ae62660a3361c70e905189d404	9e2b3fb66f4a61ae62660a3361c70e905189d404
commits	0e1320ff252c446c2c98120244cde588bfd33b89	0e1320ff252c446c2c98120244cde588bfd33b89
commits	3653a814f806531dd53a27d0f2f9f0afd6b637aa	3653a814f806531dd53a27d0f2f9f0afd6b637aa
commits	67adcb41edc16bd77eb767023d13055e4dd9e796	67adcb41edc16bd77eb767023d13055e4dd9e796
commits	77520e7478d2a5a100bc6d73bd39e5b6045bbdc8	77520e7478d2a5a100bc6d73bd39e5b6045bbdc8
commits	a61ec99ea9020661f84952506676929ffe947872	a61ec99ea9020661f84952506676929ffe947872
commits	9b5803b41918519acb453c7142ca62c8734b53f2	9b5803b41918519acb453c7142ca62c8734b53f2
commits	cb9d5f3a5c9f3b7ecf7b19b35f9c77a5985c7440	cb9d5f3a5c9f3b7ecf7b19b35f9c77a5985c7440
commits	11efe13465441a137fbeae4a806470e6d666381f	11efe13465441a137fbeae4a806470e6d666381f
commits	2042baff6fe5de11e45d6a2d4085b86b85a3fe4a	2042baff6fe5de11e45d6a2d4085b86b85a3fe4a
commits	15aab0075267dd0e95d0aa95fb6991ca90e90c14	15aab0075267dd0e95d0aa95fb6991ca90e90c14
commits	e38a019ee88bd02184338d16ab55bbb8d81ef2f6	e38a019ee88bd02184338d16ab55bbb8d81ef2f6
commits	a245024738906f731b821e03bf8fd2d0682ba697	a245024738906f731b821e03bf8fd2d0682ba697
commits	1ee1380d405def264d39db392fb11a403d69f6b7	1ee1380d405def264d39db392fb11a403d69f6b7
commits	c1f5acddc6080fa4a0b7918d18f2d63718a3243f	c1f5acddc6080fa4a0b7918d18f2d63718a3243f
commits	aaf26f9593f3e1e8055299b18d7a04312feb070f	aaf26f9593f3e1e8055299b18d7a04312feb070f
commits	fc83b33cfddb2c82a7f2fac4806822e4a9aef861	fc83b33cfddb2c82a7f2fac4806822e4a9aef861
commits	2a93e851079835784548b293b98b5ddadc70e7ef	2a93e851079835784548b293b98b5ddadc70e7ef
commits	efaaa90d0b94a22a6cabb6e64ffc72e3d8251fc5	efaaa90d0b94a22a6cabb6e64ffc72e3d8251fc5
commits	702bea6fec0a4d709d358a80abb548da55a6b2b4	702bea6fec0a4d709d358a80abb548da55a6b2b4
commits	123a8f60460fa0560faab5c8207850d55d223292	123a8f60460fa0560faab5c8207850d55d223292
commits	6db6d2b6dd07bde9af4ba1822c27120845a17a77	6db6d2b6dd07bde9af4ba1822c27120845a17a77
commits	cd0a7b999e744eda50f044d845891c4f497b5d5c	cd0a7b999e744eda50f044d845891c4f497b5d5c
commits	73ee9cad689ac89878bf474a9a314a5ba0ce394e	73ee9cad689ac89878bf474a9a314a5ba0ce394e
commits	0d51aa3304758454470d9db287d38cc94513e513	0d51aa3304758454470d9db287d38cc94513e513
commits	00d8c51007ec9f0ea033a360bfd81461b64c88a6	00d8c51007ec9f0ea033a360bfd81461b64c88a6
commits	30fee2357d715ace454f141dec85dd0537c5adb7	30fee2357d715ace454f141dec85dd0537c5adb7
commits	68d6c1b2a8192fdb12d4746c0edc947f6811c4a2	68d6c1b2a8192fdb12d4746c0edc947f6811c4a2
commits	b7eb25fd7de8b21e7659a1db1d7b8b81f13b91e6	b7eb25fd7de8b21e7659a1db1d7b8b81f13b91e6
commits	aced830b2d60c49e541c5fa01388ec71b757148a	aced830b2d60c49e541c5fa01388ec71b757148a
commits	88dcff438d8f5438f604c7506c9bda696b6ea2b2	88dcff438d8f5438f604c7506c9bda696b6ea2b2
commits	9407f5f54b52837a17d2910d2441f2375fdb87f2	9407f5f54b52837a17d2910d2441f2375fdb87f2
commits	39837428b487ac22af85f8e9025e9cf5c0c4b20d	39837428b487ac22af85f8e9025e9cf5c0c4b20d
commits	45cb5ad7807ab5323bce0a6679191191400d9b65	45cb5ad7807ab5323bce0a6679191191400d9b65
commits	d51636dec5c7c6424211a57711d878e44af8385f	d51636dec5c7c6424211a57711d878e44af8385f
commits	7c46400d69ab89cc1fab702bcdffd398a2437c59	7c46400d69ab89cc1fab702bcdffd398a2437c59
commits	f44ef22521ea273d6df4b8aa43a7a6a34ef03fd6	f44ef22521ea273d6df4b8aa43a7a6a34ef03fd6
commits	0f5ad7b683a0c5942949befeb2c603d23c08acaf	0f5ad7b683a0c5942949befeb2c603d23c08acaf
commits	8af555603566b7820eaa8bbc869ebb7777e94705	8af555603566b7820eaa8bbc869ebb7777e94705
commits	2f71c84815c9c4fd74ff22ad2c0cc48345466e07	2f71c84815c9c4fd74ff22ad2c0cc48345466e07
commits	541efe61b1a7a91192b9cc261ab87527b12074f5	541efe61b1a7a91192b9cc261ab87527b12074f5
commits	759b3ca2784a829913eb8ddb1f95c3919f91078d	759b3ca2784a829913eb8ddb1f95c3919f91078d
commits	3cd5ecb1fb5a4cbac966d8ce40b05f6c2cb48b71	3cd5ecb1fb5a4cbac966d8ce40b05f6c2cb48b71
commits	6faf2fa78de0f0d8cda49bffea2afe2ad1ae25af	6faf2fa78de0f0d8cda49bffea2afe2ad1ae25af
commits	9f26e6a963fec66fe1a89aaaa1971120b4d77db3	9f26e6a963fec66fe1a89aaaa1971120b4d77db3
commits	47c755c06692cf9f0a9ae7b5b08afe679555ab09	47c755c06692cf9f0a9ae7b5b08afe679555ab09
commits	11d51ae21ffe0dfa5947a39b275b84f1e29def07	11d51ae21ffe0dfa5947a39b275b84f1e29def07
commits	d3c20cca94a025aac9ce7b7327b2f49bd87975cc	d3c20cca94a025aac9ce7b7327b2f49bd87975cc
commits	951a031a5d77f2adfcd795d3d6bdc4aac0c33bd8	951a031a5d77f2adfcd795d3d6bdc4aac0c33bd8
commits	6fae2faf7500f60311fe2e623c1c49a3565e0477	6fae2faf7500f60311fe2e623c1c49a3565e0477
commits	1910b8ae6fa66e2f2d5f9a29f4bd2c4f633f3412	1910b8ae6fa66e2f2d5f9a29f4bd2c4f633f3412
commits	ee0ba77b7fe46a0a7c27b5a65ad7cfaefd4b8e39	ee0ba77b7fe46a0a7c27b5a65ad7cfaefd4b8e39
commits	dcb9cd0334b97739e609e04b545223a48def4716	dcb9cd0334b97739e609e04b545223a48def4716
commits	80c8a367bbfd10bb59bbefe3ee9ccc1245d6ff8b	80c8a367bbfd10bb59bbefe3ee9ccc1245d6ff8b
commits	b2898e80ce9699088f789d56ee88858c3a1e9567	b2898e80ce9699088f789d56ee88858c3a1e9567
commits	2b861af0d0058ed0e1e71f80fca12e373f7dde4d	2b861af0d0058ed0e1e71f80fca12e373f7dde4d
commits	02ad3922fea9b6a755e039175118244ba80676ae	02ad3922fea9b6a755e039175118244ba80676ae
commits	f7585eef83e850a2524e78ecb9c252369c6de69a	f7585eef83e850a2524e78ecb9c252369c6de69a
commits	e23a79451b1502dec90b1db12bf532989e86f866	e23a79451b1502dec90b1db12bf532989e86f866
commits	d645d97a0ee189835f7c3846539922ced8739db5	d645d97a0ee189835f7c3846539922ced8739db5
commits	45e5d03f8cb9622b7a5127aa628e723a035f2e82	45e5d03f8cb9622b7a5127aa628e723a035f2e82
commits	4de91ff5ad3caddb8806a71f91063a84e0e79a13	4de91ff5ad3caddb8806a71f91063a84e0e79a13
commits	aa491b8f461fc5d55175e7537b096165522e25a7	aa491b8f461fc5d55175e7537b096165522e25a7
commits	56930384255febf0b17aa4f4f3553200dbe19447	56930384255febf0b17aa4f4f3553200dbe19447
commits	7cd86c4ce1cc710b2693470d4784fd52559b7035	7cd86c4ce1cc710b2693470d4784fd52559b7035
commits	9294d2b79696b0adb03a5ebb83aaf89d253f2cf6	9294d2b79696b0adb03a5ebb83aaf89d253f2cf6
commits	de87273354307fd9a370bbf14e23b626a665fdcb	de87273354307fd9a370bbf14e23b626a665fdcb
commits	f20d7b34476b5c094aa0cd8182e96617b3529829	f20d7b34476b5c094aa0cd8182e96617b3529829
commits	ef8ebbd1d7c73044c01ef0cbe04da6303462b9a6	ef8ebbd1d7c73044c01ef0cbe04da6303462b9a6
commits	64f3b5322440dd6a09380456c81b2fbce0fb4ac3	64f3b5322440dd6a09380456c81b2fbce0fb4ac3
commits	18aa5030f37eeff7f134cd949c6babec176400e9	18aa5030f37eeff7f134cd949c6babec176400e9
commits	f6720ae624050afafac827f1cec014a8ac013555	f6720ae624050afafac827f1cec014a8ac013555
commits	4a534316afbcc3a905984276c8cdd41fedafed39	4a534316afbcc3a905984276c8cdd41fedafed39
commits	44db00e5fd274b4a1f7fa89413ed4f3b9c0628ff	44db00e5fd274b4a1f7fa89413ed4f3b9c0628ff
commits	84cb9b51797d451842a492788a89cf1c31213eb3	84cb9b51797d451842a492788a89cf1c31213eb3
commits	409cb8841eb1a038627355104ffb96f95e296c27	409cb8841eb1a038627355104ffb96f95e296c27
commits	662a6aaf527c5dbc75977d2644e2a895c4a7dc6f	662a6aaf527c5dbc75977d2644e2a895c4a7dc6f
commits	d0c7778e63bd7fbcfa8b72c3dce2da29bf2c2b13	d0c7778e63bd7fbcfa8b72c3dce2da29bf2c2b13
commits	0c31355de9bb265d57660a5330a6f4698a9b248a	0c31355de9bb265d57660a5330a6f4698a9b248a
commits	97e29b1cb11c4d14e065c506c4e02d0be16c58ba	97e29b1cb11c4d14e065c506c4e02d0be16c58ba
commits	4fac9600161aad38255c199f70eb3f4b92a2f6f4	4fac9600161aad38255c199f70eb3f4b92a2f6f4
commits	9ceeab8b239964d49c929a217d9db7bd0f7f487c	9ceeab8b239964d49c929a217d9db7bd0f7f487c
commits	daf9e24fd0af8b994b6863554e1079379c2aec4f	daf9e24fd0af8b994b6863554e1079379c2aec4f
commits	e7f6704002055983199b6747411020e84532a506	e7f6704002055983199b6747411020e84532a506
commits	a01a2eed214cd80a02e6d414b50a7c141ebe6e75	a01a2eed214cd80a02e6d414b50a7c141ebe6e75
commits	69e4b3a2e5003925abb0bfa51bebcc268df789c0	69e4b3a2e5003925abb0bfa51bebcc268df789c0
commits	8046074f9da1cfc3dcc3289fd241d77a37cc0fa0	8046074f9da1cfc3dcc3289fd241d77a37cc0fa0
commits	39016b9e4177fa428776e67aa1ebebb8bd60c790	39016b9e4177fa428776e67aa1ebebb8bd60c790
commits	e63669e59518006f304e8daf9727096ecfa67dfd	e63669e59518006f304e8daf9727096ecfa67dfd
commits	868e06e892c7b0ab8135b311163618ce501a0167	868e06e892c7b0ab8135b311163618ce501a0167
commits	5a154b58ba797e13a7b630d80029a26ae3fe1ea7	5a154b58ba797e13a7b630d80029a26ae3fe1ea7
commits	0e45c511e8e0dc1aaf9bf3023a8cb962995117db	0e45c511e8e0dc1aaf9bf3023a8cb962995117db
commits	d0a2c15d5832c9a92a7b5921582ab0fbc4fdaf98	d0a2c15d5832c9a92a7b5921582ab0fbc4fdaf98
commits	4eecaaba0c7432a3b43cf5febeeba940b397670a	4eecaaba0c7432a3b43cf5febeeba940b397670a
commits	45863522be3589c2a070a2e0be6506b0ee4e9dba	45863522be3589c2a070a2e0be6506b0ee4e9dba
commits	9d91941b1375b313f7e1719ace8c8b9defae39be	9d91941b1375b313f7e1719ace8c8b9defae39be
commits	6c1f0146e37f3cb6233a15ec3748c98af7afd0fc	6c1f0146e37f3cb6233a15ec3748c98af7afd0fc
commits	22b1a50e8b19b0e714d5c1eac0e8ca8bb8395a07	22b1a50e8b19b0e714d5c1eac0e8ca8bb8395a07
commits	81a7ea942cf165e5bdb9d7e282a66572599f7472	81a7ea942cf165e5bdb9d7e282a66572599f7472
commits	afacb0b7817c6dd109068e6d34da1046ef32708c	afacb0b7817c6dd109068e6d34da1046ef32708c
commits	8e4c89e5b513655b9db279b0c777d909d428b79c	8e4c89e5b513655b9db279b0c777d909d428b79c
commits	21932a0f6c42a4b6620e394442697ed16f3648a6	21932a0f6c42a4b6620e394442697ed16f3648a6
commits	610d7e764e2fee56e44100838a4cef899ef6f602	610d7e764e2fee56e44100838a4cef899ef6f602
commits	6e8cba16afdec09f0d6921893b2ffc4e5c3a37b4	6e8cba16afdec09f0d6921893b2ffc4e5c3a37b4
commits	c87a2ae10b9f6cac86a0fa9c3e2d9c1b1520a0d7	c87a2ae10b9f6cac86a0fa9c3e2d9c1b1520a0d7
commits	706512900269f453cfd9e0da2f3befd6ea85420b	706512900269f453cfd9e0da2f3befd6ea85420b
commits	ac55ddfa07fa763b6fb9dcec009e19fd5db8bd16	ac55ddfa07fa763b6fb9dcec009e19fd5db8bd16
commits	c33823660bf2cb3402a172e760b766eac0bb6cce	c33823660bf2cb3402a172e760b766eac0bb6cce
commits	0c37d5a267c719b6b2ea5c20d6030dcbba0c695e	0c37d5a267c719b6b2ea5c20d6030dcbba0c695e
commits	684efc95363cb2a46e0a3ad40d71b78e3064ac9c	684efc95363cb2a46e0a3ad40d71b78e3064ac9c
commits	105d9940a111e66c863cde577a03eee85220106a	105d9940a111e66c863cde577a03eee85220106a
commits	7061ad71f11ff7565e6781b08ccc34478850eed8	7061ad71f11ff7565e6781b08ccc34478850eed8
commits	9246bc05dffb72c89b3084de5a85c8b7f031986f	9246bc05dffb72c89b3084de5a85c8b7f031986f
commits	539ac243b56f2bf6f6cb281a6769dd8ec2ebad32	539ac243b56f2bf6f6cb281a6769dd8ec2ebad32
commits	64df0668520aaff536507b5add8b4dc5d4fb6375	64df0668520aaff536507b5add8b4dc5d4fb6375
commits	620bdde17f7b999c7be2c581ffaed2f7edbd272c	620bdde17f7b999c7be2c581ffaed2f7edbd272c
commits	2770ad96f2508cf52cdd1bcbfe059238c50ecc4f	2770ad96f2508cf52cdd1bcbfe059238c50ecc4f
commits	da95d0f2b561e756724413a7fc834e4e368e49b5	da95d0f2b561e756724413a7fc834e4e368e49b5
commits	10f0ff08aa45e22e7e88ea89b31e221e0b201594	10f0ff08aa45e22e7e88ea89b31e221e0b201594
commits	1da0c8e917852fcf957f28a93d8e1ab341a234ce	1da0c8e917852fcf957f28a93d8e1ab341a234ce
commits	17ec84db6ae9ed62e9a6abe527eb6ac18755d785	17ec84db6ae9ed62e9a6abe527eb6ac18755d785
commits	eab40fe9a2af893fa863b39d4b8092925f6862de	eab40fe9a2af893fa863b39d4b8092925f6862de
commits	36ec0a8da65aeabb9df9516b13936de43f99deae	36ec0a8da65aeabb9df9516b13936de43f99deae
commits	dbb97fe552436b1b47fee0abf9ab8be2915e5e5e	dbb97fe552436b1b47fee0abf9ab8be2915e5e5e
commits	3ffe703df3e0ed05338b70f4f5391f73e367f335	3ffe703df3e0ed05338b70f4f5391f73e367f335
commits	b9f00dedd1a8a5c5b90a32ac3a38b48f3b7924d7	b9f00dedd1a8a5c5b90a32ac3a38b48f3b7924d7
commits	e05d178b3b8409a5347d1ed1972a56bc73e2b57d	e05d178b3b8409a5347d1ed1972a56bc73e2b57d
commits	942e3a505840785d85f085b4e12fb9427498c2ea	942e3a505840785d85f085b4e12fb9427498c2ea
commits	d96268a6d02734ea228c81e30098a175565c9542	d96268a6d02734ea228c81e30098a175565c9542
commits	48aa797f368343bff5e5090262e66bbe7678d13e	48aa797f368343bff5e5090262e66bbe7678d13e
commits	f439aae61f5a2de33d829b2589e589d57f218f0f	f439aae61f5a2de33d829b2589e589d57f218f0f
commits	d4e832fef40e1b84e78a16ed896cfc7844d4114d	d4e832fef40e1b84e78a16ed896cfc7844d4114d
commits	ed15af3e80c47fed8e40812170dd3e5038e2f64c	ed15af3e80c47fed8e40812170dd3e5038e2f64c
commits	b7d1fe6e9f804ce38e1dda815a0f88876271fdf3	b7d1fe6e9f804ce38e1dda815a0f88876271fdf3
commits	f2851adf668d44965914300ee9de34be42c25c39	f2851adf668d44965914300ee9de34be42c25c39
commits	5a5be19b4352699f3a19d44b88e358879e197816	5a5be19b4352699f3a19d44b88e358879e197816
commits	48aae60bea3630bf20ab8c30de87859b23bf71d9	48aae60bea3630bf20ab8c30de87859b23bf71d9
commits	1e1e662f1f8475a1671bf23c4b4ba9a689873be9	1e1e662f1f8475a1671bf23c4b4ba9a689873be9
commits	074796108b88fd3ae8f1c213744617fbd6826f55	074796108b88fd3ae8f1c213744617fbd6826f55
commits	57f627fc708ec8d8dbe08ef241f86ec1734c73aa	57f627fc708ec8d8dbe08ef241f86ec1734c73aa
commits	55f4928a7d80d9bcd28644e8dd429d483515acc6	55f4928a7d80d9bcd28644e8dd429d483515acc6
commits	25e72542066158b39b796a808c4ad2f690f0559e	25e72542066158b39b796a808c4ad2f690f0559e
commits	f005770a30ec507d520c93b6a81f23f0a73c2c73	f005770a30ec507d520c93b6a81f23f0a73c2c73
commits	981fe29dc3f46fc7ae6ae26a470dd836c1f882d6	981fe29dc3f46fc7ae6ae26a470dd836c1f882d6
commits	d933cec42309ca44eb6825f42ba84d980429fa9b	d933cec42309ca44eb6825f42ba84d980429fa9b
commits	4b0a720e833ee6136720c5bc16a7b4a1b3277062	4b0a720e833ee6136720c5bc16a7b4a1b3277062
commits	aa5d58e994d3d69242a75141e737061463594daa	aa5d58e994d3d69242a75141e737061463594daa
commits	121d915bf85b227dd53c5c595941d970e1574ad8	121d915bf85b227dd53c5c595941d970e1574ad8
commits	ee26324bab67fd8e6c0a3ae676aa66502dff1cc7	ee26324bab67fd8e6c0a3ae676aa66502dff1cc7
commits	fbe290579b2c03017ecf8975f65bff64fffd2fd4	fbe290579b2c03017ecf8975f65bff64fffd2fd4
commits	fcdee6ca0ba4cb5297c68a186dad6ba0fddfb937	fcdee6ca0ba4cb5297c68a186dad6ba0fddfb937
commits	50cc51edb8ef4c7211c6a9eaf3f86fda1502a1aa	50cc51edb8ef4c7211c6a9eaf3f86fda1502a1aa
commits	ae374a324e3892d140a0ef49c55db13f186d3ee9	ae374a324e3892d140a0ef49c55db13f186d3ee9
commits	16466d197f18dcb7241f44bf8922997402e88b47	16466d197f18dcb7241f44bf8922997402e88b47
commits	be4464239e18a65ea477b1205bb2219b483ab1c9	be4464239e18a65ea477b1205bb2219b483ab1c9
commits	edb6094fc569a542f879d717604878073b7358ee	edb6094fc569a542f879d717604878073b7358ee
commits	1945f4019c152073051b1c1dedbf88c8ab5fe96e	1945f4019c152073051b1c1dedbf88c8ab5fe96e
commits	00ea1655dfe92c6e5900d8a607de8750f8923d19	00ea1655dfe92c6e5900d8a607de8750f8923d19
commits	dd581adedf27757a69254bcc14dc1b71c92bcc3b	dd581adedf27757a69254bcc14dc1b71c92bcc3b
commits	7d600bdbff7c409a6c398284ea3acac327cf9ad2	7d600bdbff7c409a6c398284ea3acac327cf9ad2
commits	bde399e57779a57d308be75728a7ea983a4abc2f	bde399e57779a57d308be75728a7ea983a4abc2f
commits	2ff84013ba4efeaeaa4d405206320c53ab25c82e	2ff84013ba4efeaeaa4d405206320c53ab25c82e
commits	49a1c7bfb2bc26565cfa504fff1b34ada93ed0e6	49a1c7bfb2bc26565cfa504fff1b34ada93ed0e6
commits	2b7bdba8d763639389a16fe86b70d182a36eaa68	2b7bdba8d763639389a16fe86b70d182a36eaa68
commits	b24c6cfe0e03799cbf885dd2e473b602aa8e9778	b24c6cfe0e03799cbf885dd2e473b602aa8e9778
commits	12b7e2e59bf1734afd59fdb1ea5aaa6dd0f1eb90	12b7e2e59bf1734afd59fdb1ea5aaa6dd0f1eb90
commits	853d9cfad5d17e5aa79d17894057f66c33493f0b	853d9cfad5d17e5aa79d17894057f66c33493f0b
commits	68cd3b6e207355da8007d27c410174b0a2af4eac	68cd3b6e207355da8007d27c410174b0a2af4eac
commits	3d99456724a3202a92cbe639446568aff995b9a5	3d99456724a3202a92cbe639446568aff995b9a5
commits	fcac79a1a24eb86292f2e427f7053f02ad14dc8a	fcac79a1a24eb86292f2e427f7053f02ad14dc8a
commits	ad5a6ed454aa47b39d2fa2fe2b088a7c39d5df73	ad5a6ed454aa47b39d2fa2fe2b088a7c39d5df73
commits	844ec61c6a5d205381904a1f3a9851f8b4e45615	844ec61c6a5d205381904a1f3a9851f8b4e45615
commits	bd734a67c939bd57f6b5edcfc2eeb58b9ecad6d5	bd734a67c939bd57f6b5edcfc2eeb58b9ecad6d5
commits	f41642d08b1432a676eec4f7a663164c7f09506f	f41642d08b1432a676eec4f7a663164c7f09506f
commits	21cb76d02b7e1a868c379a81ec3ac1649a9678e3	21cb76d02b7e1a868c379a81ec3ac1649a9678e3
commits	ef9dbe5b89a0e3cfe6ca2851ef16c3e224f91eea	ef9dbe5b89a0e3cfe6ca2851ef16c3e224f91eea
commits	f2f7a007d766c520982680d4a8afa8201385fbec	f2f7a007d766c520982680d4a8afa8201385fbec
commits	d4be71ea4b2cd0a295da5bd528dd6f2f4384364c	d4be71ea4b2cd0a295da5bd528dd6f2f4384364c
commits	e493c5f81f45fea079d3720d057d1f32f4075133	e493c5f81f45fea079d3720d057d1f32f4075133
commits	d569dbfe0554db6894cfb7b4d9c0af71d53351f2	d569dbfe0554db6894cfb7b4d9c0af71d53351f2
commits	34f4bf50022f2faec3b5681ac8c3707dcf153c3c	34f4bf50022f2faec3b5681ac8c3707dcf153c3c
commits	130b5c63e6b510d2f7ae155ba918d954fc9c6e6c	130b5c63e6b510d2f7ae155ba918d954fc9c6e6c
commits	cf4eb246cd1c8a0b1b290d00f01e8a4d73781ed2	cf4eb246cd1c8a0b1b290d00f01e8a4d73781ed2
commits	dd5b77b032a6540d18dea7591aa5e07a3547a438	dd5b77b032a6540d18dea7591aa5e07a3547a438
commits	0937cf9d537a25aecc6899231e81111bf3403ae6	0937cf9d537a25aecc6899231e81111bf3403ae6
commits	57b14f96ef736104194a5bb659237207a4a74a93	57b14f96ef736104194a5bb659237207a4a74a93
commits	e624fd9b3273518da2141d35bf878bf7fc9051f0	e624fd9b3273518da2141d35bf878bf7fc9051f0
commits	ac0a393df9c82b07079a4d5f924858857bc067bf	ac0a393df9c82b07079a4d5f924858857bc067bf
commits	bdff1448e34d8fe55ca8bbe630ad5b125975f94a	bdff1448e34d8fe55ca8bbe630ad5b125975f94a
commits	c7a71a037c3f82f29d960962dab38ca8dbf70347	c7a71a037c3f82f29d960962dab38ca8dbf70347
commits	1880319722c53a9a4ee0ff82f077597fbd603456	1880319722c53a9a4ee0ff82f077597fbd603456
commits	5cd4082cc8b00c36a705687dc4964abea421a2ff	5cd4082cc8b00c36a705687dc4964abea421a2ff
commits	1baef41c654ceb19e82b4b8a22d57efdfbaeb20d	1baef41c654ceb19e82b4b8a22d57efdfbaeb20d
commits	bdefc4c5f5bb63cea66da5bc9045bd98453201d9	bdefc4c5f5bb63cea66da5bc9045bd98453201d9
commits	c5b68406cc9cf793052d57bd95d69e33c6a8b623	c5b68406cc9cf793052d57bd95d69e33c6a8b623
commits	d144003415e38beca65e548b5596380d1a22935c	d144003415e38beca65e548b5596380d1a22935c
commits	8d4fd181ff4715e742b6a1769b920a063b76e9da	8d4fd181ff4715e742b6a1769b920a063b76e9da
commits	77c14620174f16f74ea9fdfd5459127b919b9575	77c14620174f16f74ea9fdfd5459127b919b9575
commits	70428de7119006c13da09bed788ccd7364bd8d4c	70428de7119006c13da09bed788ccd7364bd8d4c
commits	2a928723ac76bea4554c6b9b4b9e823a8da406ac	2a928723ac76bea4554c6b9b4b9e823a8da406ac
commits	a5d791f11c7f01d92314a40d6231311f405752d9	a5d791f11c7f01d92314a40d6231311f405752d9
commits	e8844852ab9da230affc52fdefb7e17bb228c7d5	e8844852ab9da230affc52fdefb7e17bb228c7d5
commits	30bddfe8ce39d08f0fc151744249740df4e2a58c	30bddfe8ce39d08f0fc151744249740df4e2a58c
commits	c6ba2f0308e5b9530fb54a7873643fae2266e558	c6ba2f0308e5b9530fb54a7873643fae2266e558
commits	20c75165c951b1df3619de84e5ddc3041347dcbf	20c75165c951b1df3619de84e5ddc3041347dcbf
commits	ca2d0543479c83766a8604cdba589004e6fdd082	ca2d0543479c83766a8604cdba589004e6fdd082
commits	2c58abe2a3ab5c57e2806af87c2918d755d0e7eb	2c58abe2a3ab5c57e2806af87c2918d755d0e7eb
commits	f48175425ba6787b0490794b9664f1133b41e6d1	f48175425ba6787b0490794b9664f1133b41e6d1
commits	9c7e16c4e94b09e62ccb4c01fd52ef3464aa777a	9c7e16c4e94b09e62ccb4c01fd52ef3464aa777a
commits	88dd7f09b53d3f8b9743e6ad81a6f2130ab2c24f	88dd7f09b53d3f8b9743e6ad81a6f2130ab2c24f
commits	2bae0414a56d2837f38942ecd8574d49f3c794d3	2bae0414a56d2837f38942ecd8574d49f3c794d3
commits	74884b739e9a0e6e22a95d36a1fc2f5c29930ccc	74884b739e9a0e6e22a95d36a1fc2f5c29930ccc
commits	b4ac812048c958f136f4a59d74c5b21b8402895a	b4ac812048c958f136f4a59d74c5b21b8402895a
commits	22ac413421f1c7eaa831b2dabc73db7d0bfbd269	22ac413421f1c7eaa831b2dabc73db7d0bfbd269
commits	3ab28d66c21e729fcf2e8f2d8570b27ddc224c3f	3ab28d66c21e729fcf2e8f2d8570b27ddc224c3f
commits	68106cc06974a4353f047a1627fe0d263e4dffe8	68106cc06974a4353f047a1627fe0d263e4dffe8
commits	433b80792dede87dfb131e105b61a5def1abf0dd	433b80792dede87dfb131e105b61a5def1abf0dd
commits	1f3822da0dfb297fafbab44f470a5704da25fd9b	1f3822da0dfb297fafbab44f470a5704da25fd9b
commits	9b7d3337cf15a345003accb653841a14980ac742	9b7d3337cf15a345003accb653841a14980ac742
commits	752a742e47a61e37430b5787b1be9590c9c40565	752a742e47a61e37430b5787b1be9590c9c40565
commits	c37bac93deaa8b3e30bf343f3e05389a69f8fc9f	c37bac93deaa8b3e30bf343f3e05389a69f8fc9f
commits	7e8be322708007100b14874c9b25172957b564e8	7e8be322708007100b14874c9b25172957b564e8
commits	790ea1f4b7ffc0e7fb6afe8133d51a8799a733d9	790ea1f4b7ffc0e7fb6afe8133d51a8799a733d9
commits	5a986aeaf49331775582f34cf5f414bb89a2bb18	5a986aeaf49331775582f34cf5f414bb89a2bb18
commits	ef0cc8384712df1d3ff02de3b5f70f3a40b69c17	ef0cc8384712df1d3ff02de3b5f70f3a40b69c17
commits	b25d534fc42bab3239d4ccf7a26ac7fbfa61cf8f	b25d534fc42bab3239d4ccf7a26ac7fbfa61cf8f
commits	cbc72cef8d54d03daf55b58f588878fcbf0ea788	cbc72cef8d54d03daf55b58f588878fcbf0ea788
commits	d6db2f40cbd0c509eeaf8003e4148eb7cab3c33e	d6db2f40cbd0c509eeaf8003e4148eb7cab3c33e
commits	9997b98b8ad0e78774c2f1033e02369c8d986eb7	9997b98b8ad0e78774c2f1033e02369c8d986eb7
commits	1b92ee330c3ab0ded6d3cafa6d8e4416ccd9504a	1b92ee330c3ab0ded6d3cafa6d8e4416ccd9504a
commits	1ea0643ddb06fcc147d8ddce1f7cf0c36f8e8b21	1ea0643ddb06fcc147d8ddce1f7cf0c36f8e8b21
commits	1519c6022dfc5c4bc5c948230ebcc8fe3f69e72b	1519c6022dfc5c4bc5c948230ebcc8fe3f69e72b
commits	c40acf44a812af856a769df9ba51890087ce94fc	c40acf44a812af856a769df9ba51890087ce94fc
commits	708f18b9f4332c6012577cdd4115803080386402	708f18b9f4332c6012577cdd4115803080386402
commits	50438e01b1fba17ee90a9c8244675fbf6b604f33	50438e01b1fba17ee90a9c8244675fbf6b604f33
commits	29e7d3a7bd171ff281161a260c9957f6fbea6d29	29e7d3a7bd171ff281161a260c9957f6fbea6d29
commits	df3ab730fd7db72c12ac7e76ba1ef01b30d46261	df3ab730fd7db72c12ac7e76ba1ef01b30d46261
commits	2401253251a8dc7a52db3a284524f0d9816ccfab	2401253251a8dc7a52db3a284524f0d9816ccfab
commits	5006884e3848e613d492158bbffad53ad2b21be2	5006884e3848e613d492158bbffad53ad2b21be2
commits	bac59b6f54bb823ca7a108373aaf206638d9f7a7	bac59b6f54bb823ca7a108373aaf206638d9f7a7
commits	1b2a3b23a4e8d9e987c8099aafe1a23ee81a92e5	1b2a3b23a4e8d9e987c8099aafe1a23ee81a92e5
commits	445369e3ea0b8aaccf9783850f45e4de2c4bf73d	445369e3ea0b8aaccf9783850f45e4de2c4bf73d
commits	50dc8af1a8dc52937a44d5a7a1b9d455a5f4a28e	50dc8af1a8dc52937a44d5a7a1b9d455a5f4a28e
commits	7ead082ff605cc0abad183a1e56d1a098f65ba3c	7ead082ff605cc0abad183a1e56d1a098f65ba3c
commits	ad53604361e5b0ac1c4833ac0b8fde46901396b6	ad53604361e5b0ac1c4833ac0b8fde46901396b6
commits	6f7a0ea4d56f7f1c22159b59299ad66fc99c7f64	6f7a0ea4d56f7f1c22159b59299ad66fc99c7f64
commits	1c926ed17622ba120eeb6460b72511ce810281c8	1c926ed17622ba120eeb6460b72511ce810281c8
commits	fbbdd7fe3be93a26fc8b758316deb67effff98b3	fbbdd7fe3be93a26fc8b758316deb67effff98b3
commits	8ab0613333fd36e60cb937c8332c79254d8bd958	8ab0613333fd36e60cb937c8332c79254d8bd958
commits	6a193304c30a67af27dd73d8161d3e735fd70dbc	6a193304c30a67af27dd73d8161d3e735fd70dbc
commits	a27a54b8bbe19f932b09c08ce8a7ac164ca43e1e	a27a54b8bbe19f932b09c08ce8a7ac164ca43e1e
commits	c69bfe2f56f9fba6e248252b1edff89c7d16f86e	c69bfe2f56f9fba6e248252b1edff89c7d16f86e
commits	f5baaec1332002f17d416ac05af749bbd030d6ba	f5baaec1332002f17d416ac05af749bbd030d6ba
commits	c4665fde7ae496044bd431c035e5557cf2afd2a3	c4665fde7ae496044bd431c035e5557cf2afd2a3
commits	f58ed6833cdb9c8fe43bb6f53fe4c35dcac13820	f58ed6833cdb9c8fe43bb6f53fe4c35dcac13820
commits	a53a8d4cd56d210261bc12f7e502769ba94a0bd3	a53a8d4cd56d210261bc12f7e502769ba94a0bd3
commits	89eb7d44a1b89d90126f0af2debcac2774f1e073	89eb7d44a1b89d90126f0af2debcac2774f1e073
commits	7e1a083e1497c4ff7d6d111b54655f95ad89998d	7e1a083e1497c4ff7d6d111b54655f95ad89998d
commits	bc2ac8cf2acd45fc9580fa8d4278af436c2ad79e	bc2ac8cf2acd45fc9580fa8d4278af436c2ad79e
commits	46cb96f7c02fef15b0408eed7a03136ec52e81a5	46cb96f7c02fef15b0408eed7a03136ec52e81a5
commits	049ebe47275b458eb9b947e494497eaad08e4c31	049ebe47275b458eb9b947e494497eaad08e4c31
commits	ca0ecbbcafbcd400e6ba50a3f19063b44b4e823d	ca0ecbbcafbcd400e6ba50a3f19063b44b4e823d
commits	b679914a377731fca12be9c2886dbc5682efb529	b679914a377731fca12be9c2886dbc5682efb529
commits	6d2b563352988414b9f1edbef8a2412b22c4bced	6d2b563352988414b9f1edbef8a2412b22c4bced
commits	66ac710fcbd8ba20fb78361c07a115396bc34d2d	66ac710fcbd8ba20fb78361c07a115396bc34d2d
commits	2edeb95c3e2b745c76939e48620b5b9ced8bda19	2edeb95c3e2b745c76939e48620b5b9ced8bda19
commits	63a7f42e3c5846570afd8dbc2e982a96da5bdf68	63a7f42e3c5846570afd8dbc2e982a96da5bdf68
commits	eae47b9b141e59fa2ffef5e4c6b99d1fe61f5eef	eae47b9b141e59fa2ffef5e4c6b99d1fe61f5eef
commits	bd13583a284c9fb254a8c1fed9d9b573c7b73929	bd13583a284c9fb254a8c1fed9d9b573c7b73929
commits	525b1cdda05ccd44d2118ff93d545421afbafbcb	525b1cdda05ccd44d2118ff93d545421afbafbcb
commits	1bea08c966236cadb790d50d0ee52b7eecc46579	1bea08c966236cadb790d50d0ee52b7eecc46579
commits	fc7cb041105bcfb75f24f12d1018c1c44ee5207e	fc7cb041105bcfb75f24f12d1018c1c44ee5207e
commits	16e50be7ac9a1659c71ed1862a8910ace40805df	16e50be7ac9a1659c71ed1862a8910ace40805df
commits	3f496cf8b1616aa0cc141be822ee630dc23567a6	3f496cf8b1616aa0cc141be822ee630dc23567a6
commits	74544736c338bddd5e8c7c134ea03d1e3207c7a8	74544736c338bddd5e8c7c134ea03d1e3207c7a8
commits	c51d6a12bda1c4bfd294ded31a75ce3b19227ee7	c51d6a12bda1c4bfd294ded31a75ce3b19227ee7
commits	11f9c4135c70ca5233b614525d210ff5de590359	11f9c4135c70ca5233b614525d210ff5de590359
commits	b3094ee7c8b4a6ccd9a1aafa8c3e91444b79943b	b3094ee7c8b4a6ccd9a1aafa8c3e91444b79943b
commits	941568b7117bcc46726d904dcf1ccb7b4e028679	941568b7117bcc46726d904dcf1ccb7b4e028679
commits	e5501eae2de26c0e8cf963d188a62f7b5a74139d	e5501eae2de26c0e8cf963d188a62f7b5a74139d
commits	d64bfefdd27568d51384a188d66adf2b0cc3579c	d64bfefdd27568d51384a188d66adf2b0cc3579c
commits	c89881152ce1f1deea3173dea31e6a1d5f086352	c89881152ce1f1deea3173dea31e6a1d5f086352
commits	e9c6f45f7833596416f70b83ecf3224378588777	e9c6f45f7833596416f70b83ecf3224378588777
commits	df39c1e56cf2311900fcddbc6405e53f6689cfcd	df39c1e56cf2311900fcddbc6405e53f6689cfcd
commits	a7aa4728edadd73f3a4c677f3f90bd0837143314	a7aa4728edadd73f3a4c677f3f90bd0837143314
commits	cc76d3d8ef3f083e4b92f8afed413cfafcda967d	cc76d3d8ef3f083e4b92f8afed413cfafcda967d
commits	612850dd3e5f77a49d8d89724a0c66a81f5f5af1	612850dd3e5f77a49d8d89724a0c66a81f5f5af1
commits	ede05d78864965b92e14c566f973fcecbe309e2d	ede05d78864965b92e14c566f973fcecbe309e2d
commits	43b13fe198d873c3e564838cbd9b54abc5e3e87d	43b13fe198d873c3e564838cbd9b54abc5e3e87d
commits	398ea921bf0cf8d82e6a2803618e9f03c1038338	398ea921bf0cf8d82e6a2803618e9f03c1038338
commits	6318d1827d2ceb61e8c948e8e1e11bc71668a153	6318d1827d2ceb61e8c948e8e1e11bc71668a153
commits	4706fc1f005e5f0daeef43eca642101e8e54c745	4706fc1f005e5f0daeef43eca642101e8e54c745
commits	64101a900d4931a766e176f73395792c78d46243	64101a900d4931a766e176f73395792c78d46243
commits	e9b4b6f89c6e70feedf84cfe67c3ce8589f04c97	e9b4b6f89c6e70feedf84cfe67c3ce8589f04c97
commits	ccfb2f8745f2d95e54f3e4a72847342e0a1badd9	ccfb2f8745f2d95e54f3e4a72847342e0a1badd9
commits	e56cf51c7ade7787d91897fa5ed2506c77f7b503	e56cf51c7ade7787d91897fa5ed2506c77f7b503
commits	bb0a9fdc4e7450172a654fd3722a627c46b5cd19	bb0a9fdc4e7450172a654fd3722a627c46b5cd19
commits	2532ffcc80f39cf0c1d06c1c7e2b932c0e5bbdda	2532ffcc80f39cf0c1d06c1c7e2b932c0e5bbdda
commits	9084ecad0be8cbd44a23567c972ad7a853ad8632	9084ecad0be8cbd44a23567c972ad7a853ad8632
commits	d94ed06f0e20ae07125fe94bac7bb21fd48f93c0	d94ed06f0e20ae07125fe94bac7bb21fd48f93c0
commits	242c84778cb895cc4a21f5dadeb7f19d89d0988e	242c84778cb895cc4a21f5dadeb7f19d89d0988e
commits	7abd9213d8eb1d19beca2edd7b0b21e770397762	7abd9213d8eb1d19beca2edd7b0b21e770397762
commits	b4bf20dde4c272565e5ee377ee50c2d6521d1918	b4bf20dde4c272565e5ee377ee50c2d6521d1918
commits	bf4d8d56149ce880e9ae03f8695f7e377f284e65	bf4d8d56149ce880e9ae03f8695f7e377f284e65
commits	7b51fda46b926b26d10db06678a40ad160e86005	7b51fda46b926b26d10db06678a40ad160e86005
commits	3609f8642af2d9adc873cfa7de7123ded2bb48bd	3609f8642af2d9adc873cfa7de7123ded2bb48bd
commits	b134569cc095010ae648aa586c33b40af17fe77b	b134569cc095010ae648aa586c33b40af17fe77b
commits	f5b55b01515ddae05b41d17f689ee4b81298728f	f5b55b01515ddae05b41d17f689ee4b81298728f
commits	5033ef5aee15967f9910b658e6419891d8904e40	5033ef5aee15967f9910b658e6419891d8904e40
commits	9b99820c73d43b1ce0b101d539dfc6707b35e955	9b99820c73d43b1ce0b101d539dfc6707b35e955
commits	b3ce8932c81e8cebf6ad6e4cc48752c531ed538d	b3ce8932c81e8cebf6ad6e4cc48752c531ed538d
commits	410ac1f1876ad0a9694dd92089d7adfa453b4aaf	410ac1f1876ad0a9694dd92089d7adfa453b4aaf
commits	b7a9caa8323b7175b586f30ab76f41bb4f98c37e	b7a9caa8323b7175b586f30ab76f41bb4f98c37e
commits	09a97dfe4b1044042983610c9193b01d5d0534d4	09a97dfe4b1044042983610c9193b01d5d0534d4
commits	7e6d345495ad5b2bcac44214a76bff3d851ea559	7e6d345495ad5b2bcac44214a76bff3d851ea559
commits	34e74c579fc984f41d77252b18ad591dc750e17d	34e74c579fc984f41d77252b18ad591dc750e17d
commits	67109dd23f50034923112b6c9d0a51bafbf95a26	67109dd23f50034923112b6c9d0a51bafbf95a26
commits	7665ac4c1af5b371c98004e7293f0c1e9e148e72	7665ac4c1af5b371c98004e7293f0c1e9e148e72
commits	1a79509fe9a32eabc4ca89cf7bf78e854ecfa9b5	1a79509fe9a32eabc4ca89cf7bf78e854ecfa9b5
commits	1dddd887a152c2962071feaced7c235d3abd2881	1dddd887a152c2962071feaced7c235d3abd2881
commits	d305c806bc7a6ef30227044ae5f0d7300c4f384d	d305c806bc7a6ef30227044ae5f0d7300c4f384d
commits	2389a81de3590cd349ba6743471e52f936227383	2389a81de3590cd349ba6743471e52f936227383
commits	2cbfeae428cff2fd0247722b639cf95e0e959249	2cbfeae428cff2fd0247722b639cf95e0e959249
commits	703d4d2466dcc5c821aef171c206fa61f5fd3e48	703d4d2466dcc5c821aef171c206fa61f5fd3e48
commits	b63265867aa91976d91933bb03780f06ef88aa61	b63265867aa91976d91933bb03780f06ef88aa61
commits	5ff59b7dad8967660ce4d2c98067e9f14534a4a0	5ff59b7dad8967660ce4d2c98067e9f14534a4a0
commits	3676c5baa63d877f5d48b54405e23ce487ba2a7a	3676c5baa63d877f5d48b54405e23ce487ba2a7a
commits	d4f9716b26413e62d41e17ab2df212d27bb84c65	d4f9716b26413e62d41e17ab2df212d27bb84c65
commits	c80238a3bf483c5835da90a53311e71224b9654c	c80238a3bf483c5835da90a53311e71224b9654c
commits	273df9017e152540be9a7df0957743c61b4e6640	273df9017e152540be9a7df0957743c61b4e6640
commits	4693f45d9915f20d11ecbfcb10899dfafdf56323	4693f45d9915f20d11ecbfcb10899dfafdf56323
commits	4cbc6ab717549e9ba721b7446fb6b96322bd99f6	4cbc6ab717549e9ba721b7446fb6b96322bd99f6
commits	e4cb56e081426a2127ca24d1b48d7d9e8e8b4702	e4cb56e081426a2127ca24d1b48d7d9e8e8b4702
commits	ef5ae5f84381381f630b4ed46b824e540026af93	ef5ae5f84381381f630b4ed46b824e540026af93
commits	cb377204ad95296a938c54d34bde822d64b1240c	cb377204ad95296a938c54d34bde822d64b1240c
commits	4dddc55a05edced1636665154c5aec464fc0499c	4dddc55a05edced1636665154c5aec464fc0499c
commits	f5492950eb857239857b0ee3edb058c702ba2854	f5492950eb857239857b0ee3edb058c702ba2854
commits	e3bbcac23cf4f0dd67e7a4a845ee49dcc6b25dd8	e3bbcac23cf4f0dd67e7a4a845ee49dcc6b25dd8
commits	e667aa8b1b3388db6950b4845a96a7d5c2063b10	e667aa8b1b3388db6950b4845a96a7d5c2063b10
commits	753d2708aa3dd6066baa416937fd4b57c316ce0e	753d2708aa3dd6066baa416937fd4b57c316ce0e
commits	3d65baeefa3b57cc6934d4daddd325f64ca6abe8	3d65baeefa3b57cc6934d4daddd325f64ca6abe8
commits	a6fc3e3b59ca849704d9b500d522d0e969e83715	a6fc3e3b59ca849704d9b500d522d0e969e83715
commits	a7b85047ef4f5d49a77ff2bd01b6dda5014c09b1	a7b85047ef4f5d49a77ff2bd01b6dda5014c09b1
commits	3eb2e3a398ba517b09e716470de0bfd863da3d02	3eb2e3a398ba517b09e716470de0bfd863da3d02
commits	fc91c3a80a2ac4f25ec0d9b72fd3e54de5fbe07f	fc91c3a80a2ac4f25ec0d9b72fd3e54de5fbe07f
commits	b6d7678e51559417346d154db9b553299ebe0618	b6d7678e51559417346d154db9b553299ebe0618
commits	15a520e3acff868867f9351b6745c52ae637ff2a	15a520e3acff868867f9351b6745c52ae637ff2a
commits	6244dcc0003b695d7d42b13a3959dc2e3efc0d4d	6244dcc0003b695d7d42b13a3959dc2e3efc0d4d
commits	11d35dc6a017a53b11070ecc583ad7d1a494cf6c	11d35dc6a017a53b11070ecc583ad7d1a494cf6c
commits	0dbb09ddacbbf34493e6906298a727b02bd67ab1	0dbb09ddacbbf34493e6906298a727b02bd67ab1
commits	056dc0bff9358c82bce9e30ce09731c5876b99fe	056dc0bff9358c82bce9e30ce09731c5876b99fe
commits	e90404f65b37b480c2f78e1b3167ec0df75a451b	e90404f65b37b480c2f78e1b3167ec0df75a451b
commits	ea927bcb367cb666e170b64618327adfa9d08b89	ea927bcb367cb666e170b64618327adfa9d08b89
commits	cf686c767f8f64214a48df92223cf9daf14f4aa9	cf686c767f8f64214a48df92223cf9daf14f4aa9
commits	43fc4ba4f142f6ef1242905901a534a960b1f780	43fc4ba4f142f6ef1242905901a534a960b1f780
commits	0383f16fe3dea0d1dffa014741609ff1270f7dad	0383f16fe3dea0d1dffa014741609ff1270f7dad
commits	182e3e14fc7d58a214195716599968ca3ae5be9c	182e3e14fc7d58a214195716599968ca3ae5be9c
commits	5840490332c09437c15851d5ffcc6b6522abbf02	5840490332c09437c15851d5ffcc6b6522abbf02
commits	ac34dc1695fe019eef3389ad439494e7a168fdf3	ac34dc1695fe019eef3389ad439494e7a168fdf3
commits	fc11c2ff261ef857324a3793c67dfc8b4ed270ec	fc11c2ff261ef857324a3793c67dfc8b4ed270ec
commits	80054266fa7c81bfc6734d4c7ddf7203975bbcfc	80054266fa7c81bfc6734d4c7ddf7203975bbcfc
commits	41b4fb458d9f5727415bdc73d7298a169a1df4c2	41b4fb458d9f5727415bdc73d7298a169a1df4c2
commits	c121137c32be9572beab421d7c46f0d37ec1b6d5	c121137c32be9572beab421d7c46f0d37ec1b6d5
commits	79170125214b7dcec4c4a183981eff1525aa4554	79170125214b7dcec4c4a183981eff1525aa4554
commits	58dbe383306fc6571a55c83882ea3a02b6c3a720	58dbe383306fc6571a55c83882ea3a02b6c3a720
commits	65d93e4b285d755e9134cafba2052994f730d41a	65d93e4b285d755e9134cafba2052994f730d41a
commits	e8ce80db0b40522182f0f4d010dba6687a03b065	e8ce80db0b40522182f0f4d010dba6687a03b065
commits	49affbab7cff9c46a50ea5528f04f6435378c731	49affbab7cff9c46a50ea5528f04f6435378c731
commits	bb5b75b274dd744d32cc94ad24a00fb4ced66099	bb5b75b274dd744d32cc94ad24a00fb4ced66099
commits	103bd0ce011b885db329d668fc29f81fa39eed7f	103bd0ce011b885db329d668fc29f81fa39eed7f
commits	93774479643ea6f7462cec43d85b8e36363f6a4b	93774479643ea6f7462cec43d85b8e36363f6a4b
commits	35d0d4c4f90e7be01274db2688ae6c2e4cb9b5b9	35d0d4c4f90e7be01274db2688ae6c2e4cb9b5b9
commits	3e5e9672fc5a8db2f6461d8437217862f9d96f47	3e5e9672fc5a8db2f6461d8437217862f9d96f47
commits	a8b69c7b031c73e56be85474f685b69dd69befff	a8b69c7b031c73e56be85474f685b69dd69befff
commits	018d0c46efa5060986e25079c2d4178fa36bc07d	018d0c46efa5060986e25079c2d4178fa36bc07d
commits	a7dba101830d5052d47b58ded5451b8b7e5836fd	a7dba101830d5052d47b58ded5451b8b7e5836fd
commits	3b4b2e205de77b2746a791d099b3455a7f845c12	3b4b2e205de77b2746a791d099b3455a7f845c12
commits	69b1a62450c6255bee2713fd7c2c7dfca58f7b67	69b1a62450c6255bee2713fd7c2c7dfca58f7b67
commits	5cf99c5d2ad7a6588f7a3d7296efa9f1d5d3dd55	5cf99c5d2ad7a6588f7a3d7296efa9f1d5d3dd55
commits	63eb700ce1d6d6127634ab67926183b7e5837d64	63eb700ce1d6d6127634ab67926183b7e5837d64
commits	7d9bea22f3842fce1be5f0415b0197407001efda	7d9bea22f3842fce1be5f0415b0197407001efda
commits	d7536324c753c0be747bde995cef5a4b205e639a	d7536324c753c0be747bde995cef5a4b205e639a
commits	77c3a4402805b79a55af4ad63141fa45d1430a4d	77c3a4402805b79a55af4ad63141fa45d1430a4d
commits	41a9d01c29346503d3b35c08d1bf08150c5b8991	41a9d01c29346503d3b35c08d1bf08150c5b8991
commits	23050543df9a429bc8755b908f3d5cfa356eef66	23050543df9a429bc8755b908f3d5cfa356eef66
commits	aedccded9ac40a51c89113d715dad737142cd608	aedccded9ac40a51c89113d715dad737142cd608
commits	a1e3edd7cda93df69dd1ca6ab4ad2c98d246c8be	a1e3edd7cda93df69dd1ca6ab4ad2c98d246c8be
commits	4803df208bce2ab376b28b4d97b9dc41dc0519d9	4803df208bce2ab376b28b4d97b9dc41dc0519d9
commits	2171763d0175dd5b433858008f26f8b693a11506	2171763d0175dd5b433858008f26f8b693a11506
commits	8501f960a81b3775f001729abc035cb3f3ef60e6	8501f960a81b3775f001729abc035cb3f3ef60e6
commits	f3c7c2ef3704df40ba6c47fdf4a8bd9a8d02fb12	f3c7c2ef3704df40ba6c47fdf4a8bd9a8d02fb12
commits	0ee0e43d47c287f0eea88d6b36d67139be1ef9b7	0ee0e43d47c287f0eea88d6b36d67139be1ef9b7
commits	70c46a3d6f1ff904ca4d908fb7e073a2f2fd0f74	70c46a3d6f1ff904ca4d908fb7e073a2f2fd0f74
commits	f8f4b64070cd34864ac59f851f30e6212d7bcd3d	f8f4b64070cd34864ac59f851f30e6212d7bcd3d
commits	f4f4f5c1e22bbaf34a626e423cf28d63dc1a3cd0	f4f4f5c1e22bbaf34a626e423cf28d63dc1a3cd0
commits	37da35c8002db3bad88f89c0a8281e7b0383b5e5	37da35c8002db3bad88f89c0a8281e7b0383b5e5
commits	677caf4442183b0d35fb69b6590efdb588670f4c	677caf4442183b0d35fb69b6590efdb588670f4c
commits	d1a86ed497fee927074d3e0ce906057b81eb5583	d1a86ed497fee927074d3e0ce906057b81eb5583
commits	5a3ce6dfdf5e777ba866765873d36f3993a95fb2	5a3ce6dfdf5e777ba866765873d36f3993a95fb2
commits	70ebc23e248d548cebbc102d7c57593416e914d6	70ebc23e248d548cebbc102d7c57593416e914d6
commits	82373d70a9ee276aa33227f18eda455cc573a56c	82373d70a9ee276aa33227f18eda455cc573a56c
commits	c6a879c4032e63be75b21630988fece5c1eec0ef	c6a879c4032e63be75b21630988fece5c1eec0ef
commits	600973c8ffa3ca529b1cf31f71b418eeb69f5b6b	600973c8ffa3ca529b1cf31f71b418eeb69f5b6b
commits	015a332a79d2dc9ac9a1745c3bf8f8a531517d31	015a332a79d2dc9ac9a1745c3bf8f8a531517d31
commits	356bea27e8a88a9de215e088a4974a183359418e	356bea27e8a88a9de215e088a4974a183359418e
commits	85c5e504982e3a66fe798d1d659f7e985db4ed77	85c5e504982e3a66fe798d1d659f7e985db4ed77
commits	485b9f826f8c7a6726e867fe7d0e1e4e49a19e29	485b9f826f8c7a6726e867fe7d0e1e4e49a19e29
commits	7b62e01df9c0181d7276aaff05a589713743bb46	7b62e01df9c0181d7276aaff05a589713743bb46
commits	fd74089f62ee26584d4cf0ad848b935952ec192d	fd74089f62ee26584d4cf0ad848b935952ec192d
commits	63bc8ab81483da5bb81cf7dc32074c0306d3cddd	63bc8ab81483da5bb81cf7dc32074c0306d3cddd
commits	c58717b936e792c644c1e753813e6f3f01febe7e	c58717b936e792c644c1e753813e6f3f01febe7e
commits	7de65532c2842f4a1dbe94eaa27d00d7fba35d2b	7de65532c2842f4a1dbe94eaa27d00d7fba35d2b
commits	b5f243a6f0acaef599fb01e3e4831441854e09ff	b5f243a6f0acaef599fb01e3e4831441854e09ff
commits	88acad2743ddaa93731ea2b49792759df0f1e3a0	88acad2743ddaa93731ea2b49792759df0f1e3a0
commits	1fce4dc586866d224743cc8f8cf6e0a512302fb0	1fce4dc586866d224743cc8f8cf6e0a512302fb0
commits	16664a7ed038db12cea0d5db5aa4cd9080a54529	16664a7ed038db12cea0d5db5aa4cd9080a54529
commits	999898cd627a8970c01b60932a8d3abe4941db85	999898cd627a8970c01b60932a8d3abe4941db85
commits	dff0855342757af0bb2010b244b68ef1349bb427	dff0855342757af0bb2010b244b68ef1349bb427
commits	afdf7077538e018dc6588df4ac262e426292222a	afdf7077538e018dc6588df4ac262e426292222a
commits	3ad0103f54af9dd9e8a157d8933516ada890de40	3ad0103f54af9dd9e8a157d8933516ada890de40
commits	6ffb0dd9276f8ca299bdd33eaf93724cd6cbedd8	6ffb0dd9276f8ca299bdd33eaf93724cd6cbedd8
commits	755aa15dbbcad489f0e22bd0b9ce317959645d6a	755aa15dbbcad489f0e22bd0b9ce317959645d6a
commits	a7bc8402139e2d2d69f9778c37e7763cb8acc921	a7bc8402139e2d2d69f9778c37e7763cb8acc921
commits	68bde934cec45520bd4e1fe86801d3a4b6c73132	68bde934cec45520bd4e1fe86801d3a4b6c73132
commits	21fdeb27cb781c79fde201f4590adddc15b91539	21fdeb27cb781c79fde201f4590adddc15b91539
commits	5726f49db22333d82c5c8ff1c2de02ae7526f898	5726f49db22333d82c5c8ff1c2de02ae7526f898
commits	cee5620a61967baf5979c936b1791aca2bf8ce83	cee5620a61967baf5979c936b1791aca2bf8ce83
commits	fd4cbb0887b44bb95d740e76a0edc8abd7e221f8	fd4cbb0887b44bb95d740e76a0edc8abd7e221f8
commits	d90a4fc0432f37cc6be0cdd1bff0f6e5964d9a0a	d90a4fc0432f37cc6be0cdd1bff0f6e5964d9a0a
commits	ee35bd2d40800bc77d971f855e716cb250d94f1d	ee35bd2d40800bc77d971f855e716cb250d94f1d
commits	6e3bee9587d1cddc2fd6081797b69e4abf037484	6e3bee9587d1cddc2fd6081797b69e4abf037484
commits	e2a445892a02775098aa9e240a9002cd131980cf	e2a445892a02775098aa9e240a9002cd131980cf
commits	7f1d42dc24e5881d32fdaeb7fc8cc2c40936b3e0	7f1d42dc24e5881d32fdaeb7fc8cc2c40936b3e0
commits	5c9c1d95314b460c2f0dbca3632bf7ca64cbd863	5c9c1d95314b460c2f0dbca3632bf7ca64cbd863
commits	b36328116b916404fcc14c9d39d666e5c7f72df2	b36328116b916404fcc14c9d39d666e5c7f72df2
commits	cd7f5e1de058c55b7f431c896e0ce390233932f9	cd7f5e1de058c55b7f431c896e0ce390233932f9
commits	a80f74d074cce5423ad37260985156858de3dfff	a80f74d074cce5423ad37260985156858de3dfff
commits	872f7d154eb190c90de6c2cfa37f7ad24da02030	872f7d154eb190c90de6c2cfa37f7ad24da02030
commits	9e25f3a8184a3c85c424b0288a60e370c4d0539e	9e25f3a8184a3c85c424b0288a60e370c4d0539e
commits	a2dd5f5ff78ac5465436f039877766b2350f6c36	a2dd5f5ff78ac5465436f039877766b2350f6c36
commits	bbf1fc2fb667901522202708f3a00880a9dec315	bbf1fc2fb667901522202708f3a00880a9dec315
commits	523b569d2e86f5137dd39f750f49091a9aebc810	523b569d2e86f5137dd39f750f49091a9aebc810
commits	889fe42ba2dc4b6e400c3b2a262a9bdda834792f	889fe42ba2dc4b6e400c3b2a262a9bdda834792f
commits	ef5626838e245d48c649030c81c4c04d86e1ed40	ef5626838e245d48c649030c81c4c04d86e1ed40
commits	a7bd82c8222b645d5ac06d3cd5cb453c13a5765b	a7bd82c8222b645d5ac06d3cd5cb453c13a5765b
commits	dbf9156bd364428ba31c6a02c7293bbd8e484c4c	dbf9156bd364428ba31c6a02c7293bbd8e484c4c
commits	aabb1ad6a84d354d5f8ef850053bb78675e1d899	aabb1ad6a84d354d5f8ef850053bb78675e1d899
commits	f74925c6b93b4d65bf7500b4746c01be9b26afa1	f74925c6b93b4d65bf7500b4746c01be9b26afa1
commits	ce18deb1c83e11e15c3563e995ee17240e90cfa4	ce18deb1c83e11e15c3563e995ee17240e90cfa4
commits	a740b76b05e809d0be24281f81eddb261f510e44	a740b76b05e809d0be24281f81eddb261f510e44
commits	601665077fa0f731e23d0837fa5d912ea38f1465	601665077fa0f731e23d0837fa5d912ea38f1465
commits	598122eba4cc4edb3c049b0573735016f931f03f	598122eba4cc4edb3c049b0573735016f931f03f
commits	f9c962a7871ebb4d01d3c4371766d574bb6e6bfb	f9c962a7871ebb4d01d3c4371766d574bb6e6bfb
commits	410bf806fcae91bea76a6dca9b2543b280f4e728	410bf806fcae91bea76a6dca9b2543b280f4e728
commits	418edf3b206be444ab632852319fded1593e88f7	418edf3b206be444ab632852319fded1593e88f7
commits	1eeeca6738d9e6a55d1eed0fd46b9d343c815652	1eeeca6738d9e6a55d1eed0fd46b9d343c815652
commits	580e7db0b0823838f0fa32b59de75f1ca5082550	580e7db0b0823838f0fa32b59de75f1ca5082550
commits	aff6d78cc11b6ab470be8ca224eb2b1df99c8b6b	aff6d78cc11b6ab470be8ca224eb2b1df99c8b6b
commits	eb471fabd7268eaec6182c41222e2883365377c3	eb471fabd7268eaec6182c41222e2883365377c3
commits	91d84e6a348d246dfb503ab010c0e58cae5ab968	91d84e6a348d246dfb503ab010c0e58cae5ab968
commits	08310b78b0d57a592a09737e34ca12c904b706e5	08310b78b0d57a592a09737e34ca12c904b706e5
commits	251292ef1fe3c8030e90ee62137dd3ba53d069d0	251292ef1fe3c8030e90ee62137dd3ba53d069d0
commits	06ba2d928b62899f200006eb85831120459b2005	06ba2d928b62899f200006eb85831120459b2005
commits	70cf5a3bd19c042c71332f950dda61e14ecc3290	70cf5a3bd19c042c71332f950dda61e14ecc3290
commits	296c45449933945ab47cf0882f53e007a82d5d83	296c45449933945ab47cf0882f53e007a82d5d83
commits	a54bf03590f7d3f0d86a533b5b1ebd3fdd32b805	a54bf03590f7d3f0d86a533b5b1ebd3fdd32b805
commits	f16dc4acd54c4b394b2623785b0d00badce8a1dc	f16dc4acd54c4b394b2623785b0d00badce8a1dc
commits	bedce329db9f482f05478c35aada2ecae45a3772	bedce329db9f482f05478c35aada2ecae45a3772
commits	5f23614fe7de935991175240102319ea474d5186	5f23614fe7de935991175240102319ea474d5186
commits	b25203f228d3c8ac9e88a11807a6c4592aad066b	b25203f228d3c8ac9e88a11807a6c4592aad066b
commits	46833aa85b743f4d92c086a70a90ec71965cd6b4	46833aa85b743f4d92c086a70a90ec71965cd6b4
commits	57ec51b0b722799ae9762bb7678e4d593c0765f8	57ec51b0b722799ae9762bb7678e4d593c0765f8
commits	b56c684a280400847a93b6823dbffa02a2eb373f	b56c684a280400847a93b6823dbffa02a2eb373f
commits	9fc2255bd80f1a71ede8c70f8e1c436fd8d54257	9fc2255bd80f1a71ede8c70f8e1c436fd8d54257
commits	fc71b6803daa43cf00e68bfad9ddd8a7db2f674e	fc71b6803daa43cf00e68bfad9ddd8a7db2f674e
commits	f502a659a5d00df188a33789ae68a222964251d7	f502a659a5d00df188a33789ae68a222964251d7
commits	299afdc66b9f6b839f632fd8448f3bca3ea21353	299afdc66b9f6b839f632fd8448f3bca3ea21353
commits	371d5c3f75d41259fd31bee97d97c740fe354d5b	371d5c3f75d41259fd31bee97d97c740fe354d5b
commits	133a7ade5ac75aa8efa56986b20213fc12687a39	133a7ade5ac75aa8efa56986b20213fc12687a39
commits	af4caf2b013a11cd77166f5b71af81e9bea4b9ed	af4caf2b013a11cd77166f5b71af81e9bea4b9ed
commits	d5cd633d9baad53750470db630ed0e6a77830391	d5cd633d9baad53750470db630ed0e6a77830391
commits	618e4fba36663d6776f40690aa9820672a9b6ab6	618e4fba36663d6776f40690aa9820672a9b6ab6
commits	7b2271274ed9b8622e37d18639e1821d9a5165d8	7b2271274ed9b8622e37d18639e1821d9a5165d8
commits	65d5c2dc213b6b22d7903028aa71fad939f025b1	65d5c2dc213b6b22d7903028aa71fad939f025b1
commits	b80582a1057d2bba1ec7220b0cce6d9aa251a101	b80582a1057d2bba1ec7220b0cce6d9aa251a101
commits	e4e6d6ffa75f53c6cbdbbfe2b2e64475a4879b26	e4e6d6ffa75f53c6cbdbbfe2b2e64475a4879b26
commits	38f30b6aec98856f98a226f882f3462be1cf2d79	38f30b6aec98856f98a226f882f3462be1cf2d79
commits	93547547929a6c34061a4237ae5753f50c047739	93547547929a6c34061a4237ae5753f50c047739
commits	c8d56b7cea5a37e6d6f63500e5424e335a9a60ce	c8d56b7cea5a37e6d6f63500e5424e335a9a60ce
commits	275fde8941c932c4fd9fef61d186bf4b87c47b02	275fde8941c932c4fd9fef61d186bf4b87c47b02
commits	1a5deee735eacda93f41a6a78c021338010e7f18	1a5deee735eacda93f41a6a78c021338010e7f18
commits	cf76e29140ab7b5c32c39a1fb4c4c62870e9c527	cf76e29140ab7b5c32c39a1fb4c4c62870e9c527
commits	562be97db32cf216163fdbebb40245a959822ee7	562be97db32cf216163fdbebb40245a959822ee7
commits	5771f1924f1ee87509959437aba0a6e2ef379888	5771f1924f1ee87509959437aba0a6e2ef379888
commits	92c5cd13de99aad1085a2c44f1b7950bd3e20813	92c5cd13de99aad1085a2c44f1b7950bd3e20813
commits	dc479adbf42fb9cea6efffd958b60e3ca7243ad8	dc479adbf42fb9cea6efffd958b60e3ca7243ad8
commits	2d191ffdce6ee67c739ae51fbe9fce003b4a84e9	2d191ffdce6ee67c739ae51fbe9fce003b4a84e9
commits	a5b69ece20d76e0197f6bd9beed26261985a888b	a5b69ece20d76e0197f6bd9beed26261985a888b
commits	1f0981f0b4b44bdd19ab22532780868d9d29c88d	1f0981f0b4b44bdd19ab22532780868d9d29c88d
commits	2daa99c9d727623108c856b1a5f231278148458e	2daa99c9d727623108c856b1a5f231278148458e
commits	a858c0a8ae08eda7c7f434f9ec65bb2fe6811c45	a858c0a8ae08eda7c7f434f9ec65bb2fe6811c45
commits	a5e0d396968bda2163c602461686e8f5695ba96d	a5e0d396968bda2163c602461686e8f5695ba96d
commits	508ef62d7111f9ce8770bb2f212cf3060a38cab1	508ef62d7111f9ce8770bb2f212cf3060a38cab1
commits	c5ccb445ad8eaa730884b255153f2b8c27870a01	c5ccb445ad8eaa730884b255153f2b8c27870a01
commits	b67d491f3784e2286f7a07b17e2b531aee4dbb9e	b67d491f3784e2286f7a07b17e2b531aee4dbb9e
commits	3a4d9988b880339de6b79613570d5ffec28cc713	3a4d9988b880339de6b79613570d5ffec28cc713
commits	db16b0c310650166f3f7e785431595fd9617c667	db16b0c310650166f3f7e785431595fd9617c667
commits	771d6bf545ad315645d4c1b9b3a0af577f33c20f	771d6bf545ad315645d4c1b9b3a0af577f33c20f
commits	c51f08e9e2961ebbc8b384d261d3495f766c74a4	c51f08e9e2961ebbc8b384d261d3495f766c74a4
commits	4c154668f21caa690e764340850be4d54530bc2c	4c154668f21caa690e764340850be4d54530bc2c
commits	0041d8a0962db102c64e2d2e3e408193d311fbcf	0041d8a0962db102c64e2d2e3e408193d311fbcf
commits	adf8ced30cad25cd5530c1ac21bf2144799ba558	adf8ced30cad25cd5530c1ac21bf2144799ba558
commits	d85f0d7111ce7acfe0bd851de959f51ab1079da0	d85f0d7111ce7acfe0bd851de959f51ab1079da0
commits	3d43be478bf7ecd98aedc1e7f6719391fe54b63e	3d43be478bf7ecd98aedc1e7f6719391fe54b63e
commits	bc362d935e69ef000691083ed0a2da15e21b3aed	bc362d935e69ef000691083ed0a2da15e21b3aed
commits	64cde863b389c9bcd0811cfdf38f9f2c517105e8	64cde863b389c9bcd0811cfdf38f9f2c517105e8
commits	4c5ed48cbf3e5a404fdd0652be22edacc728cf40	4c5ed48cbf3e5a404fdd0652be22edacc728cf40
commits	b8f19d673668444f0a482af4a2593c0316d8c0a7	b8f19d673668444f0a482af4a2593c0316d8c0a7
commits	0168e14bc1e22890000bb0902068eeb17a7ea3ca	0168e14bc1e22890000bb0902068eeb17a7ea3ca
commits	982226f6c49e7f383c235010d3798262a29d8665	982226f6c49e7f383c235010d3798262a29d8665
commits	3d732f342a936559f935c286fac0f7b89bf950ef	3d732f342a936559f935c286fac0f7b89bf950ef
commits	0e0e93c59229255db32a94a68e2c5e3aa848dad4	0e0e93c59229255db32a94a68e2c5e3aa848dad4
commits	6b7cbbdd45b1aba811489136787994bf5d4008db	6b7cbbdd45b1aba811489136787994bf5d4008db
commits	55cc34677c791176064fda2cbc5c31b3625377d9	55cc34677c791176064fda2cbc5c31b3625377d9
commits	7797bff1fbe58359c472c345007d8fb134126331	7797bff1fbe58359c472c345007d8fb134126331
commits	ae608d816e632b18777bf5fac9ba9d446e1ff50d	ae608d816e632b18777bf5fac9ba9d446e1ff50d
commits	0df4434c963a72d6b36f56f6128ae9b6603a245b	0df4434c963a72d6b36f56f6128ae9b6603a245b
commits	50e499c5c2dd40e325040037187ff818e5eafd3e	50e499c5c2dd40e325040037187ff818e5eafd3e
commits	d460c928dc36aca6231a86393e1845cd6484f251	d460c928dc36aca6231a86393e1845cd6484f251
commits	e25ad5bde2cbd20bb97583c381d797aeeb26d083	e25ad5bde2cbd20bb97583c381d797aeeb26d083
commits	e6321b96cf00b9e6d136a4e7511d1dd8d8f1668f	e6321b96cf00b9e6d136a4e7511d1dd8d8f1668f
commits	d554455ee796aff9604fdb21f8f8b4c7e2e7a095	d554455ee796aff9604fdb21f8f8b4c7e2e7a095
commits	a4e7fdfad9a9f758f814a3e494d44e0c4151ef24	a4e7fdfad9a9f758f814a3e494d44e0c4151ef24
commits	26c3b85d6b883052c125c3a2b183d81b93eb95a6	26c3b85d6b883052c125c3a2b183d81b93eb95a6
commits	9cd091c92e78600df935fe941d8448832114b390	9cd091c92e78600df935fe941d8448832114b390
commits	3b6eae263a4af1e3a97c60330c1edfeede81e688	3b6eae263a4af1e3a97c60330c1edfeede81e688
commits	2f005f92d99f4141a266b08cbe79e773c0e16f22	2f005f92d99f4141a266b08cbe79e773c0e16f22
commits	75bac01ccca139f195ba763e2ac5687ac58b0cb1	75bac01ccca139f195ba763e2ac5687ac58b0cb1
commits	237e91b8f4f384d246eb5c1db271ac23c0f32868	237e91b8f4f384d246eb5c1db271ac23c0f32868
commits	4b95a72effbdd5f5397ddd773e5c5ff3d7c8e5e8	4b95a72effbdd5f5397ddd773e5c5ff3d7c8e5e8
commits	ee9cdaae2b3a4c21dfc61a5ca734ab11372b97fb	ee9cdaae2b3a4c21dfc61a5ca734ab11372b97fb
commits	fe73e2e7bce461379de6d9a27f51dd1cdb5a53d1	fe73e2e7bce461379de6d9a27f51dd1cdb5a53d1
commits	5eb8870f5f4cae15ab8f64addeab8fd9e1e93645	5eb8870f5f4cae15ab8f64addeab8fd9e1e93645
commits	a5d65fb7e5a0fa3c3738d37e5337df4642ac0a43	a5d65fb7e5a0fa3c3738d37e5337df4642ac0a43
commits	37bf08885803f304a6dfa234e78a4fa7c03ed86d	37bf08885803f304a6dfa234e78a4fa7c03ed86d
commits	065a4a3e4535200bd0fd9572c482de3e0fa2bf06	065a4a3e4535200bd0fd9572c482de3e0fa2bf06
commits	4ae58fda47f022ae6cd247f9cd6132483e5fa6b7	4ae58fda47f022ae6cd247f9cd6132483e5fa6b7
commits	6734dcc710fa68d5526c9e06814bae0c7bc43262	6734dcc710fa68d5526c9e06814bae0c7bc43262
commits	c2756433085b1ce4670bffe123aa411159a022a4	c2756433085b1ce4670bffe123aa411159a022a4
commits	e21d77f1b6b81cf024368f85699adf200c237638	e21d77f1b6b81cf024368f85699adf200c237638
commits	4435010464ae01b1158bda65f4ed8e6cbd290b8c	4435010464ae01b1158bda65f4ed8e6cbd290b8c
commits	86c030531a10e47994787abb77dac5fff1986428	86c030531a10e47994787abb77dac5fff1986428
commits	98f07e87f914814c65b6d27bdc0d404cea519f20	98f07e87f914814c65b6d27bdc0d404cea519f20
commits	a1aaf4e292aa0f79aa251893035d01fe2fc7b4a6	a1aaf4e292aa0f79aa251893035d01fe2fc7b4a6
commits	d02d1bae21d38d5bca1fd1998ebcf3d0bcc64be6	d02d1bae21d38d5bca1fd1998ebcf3d0bcc64be6
commits	3dd9171e68baab1a94e8e4c1dfa7f353a13d1da7	3dd9171e68baab1a94e8e4c1dfa7f353a13d1da7
commits	8693ff22b36919a3efd532f618538cca5ba99916	8693ff22b36919a3efd532f618538cca5ba99916
commits	aab2d8a5384bad799dc62fff47adb99c24208674	aab2d8a5384bad799dc62fff47adb99c24208674
commits	4eebab5c2cb328b47b6b3399d639510f8c042144	4eebab5c2cb328b47b6b3399d639510f8c042144
commits	dc831fbd9e4135c3cdf00c8a0191007456f8822c	dc831fbd9e4135c3cdf00c8a0191007456f8822c
commits	6fc7f01e5cea96bb680d3c3d097c7a51e08cd0b7	6fc7f01e5cea96bb680d3c3d097c7a51e08cd0b7
commits	70c80c202d68e4923f8598fd0e246598ed428dda	70c80c202d68e4923f8598fd0e246598ed428dda
commits	7aa76872bdec980a81510e8f003c86a615923163	7aa76872bdec980a81510e8f003c86a615923163
commits	37eafedd922e73f2b72ee4cc4864df76fc73ee7c	37eafedd922e73f2b72ee4cc4864df76fc73ee7c
commits	b4e34cc0f5503c30d8f17ecd91788fe351378d5d	d77505e20c3c60bfafff7483dcde76657d8ee5be
commits	3ddd87df7b833e1c99d3aea910f3af07a2d39bb7	197f9d16883596e9411a08e6b2464922ac92fb75
commits	0759728e09bbc7f2c6feac849bb57b016e932d6a	0759728e09bbc7f2c6feac849bb57b016e932d6a
commits	678f69b8ea28473030d1370dc3d268eb7dbc44f5	678f69b8ea28473030d1370dc3d268eb7dbc44f5
commits	b1557d38aa6614954cb0985b92035f8f8d030e5d	b1557d38aa6614954cb0985b92035f8f8d030e5d
commits	fdc21831a82733c20f9b2f337a2f20db8a0d7f97	fdc21831a82733c20f9b2f337a2f20db8a0d7f97
commits	bdae29cd5e78df049daa97296d147519e1810475	bdae29cd5e78df049daa97296d147519e1810475
commits	c9a30f28cea1402efdd564a2076d633137899225	c9a30f28cea1402efdd564a2076d633137899225
commits	406747f17adc705b54294de949be761450cafc9b	406747f17adc705b54294de949be761450cafc9b
commits	7c6a6cc62451471e69ee3863c3e5cc391ec247ff	7c6a6cc62451471e69ee3863c3e5cc391ec247ff
commits	af5b3fd3e2c68fa6ae117e4691583adba5da4c0a	af5b3fd3e2c68fa6ae117e4691583adba5da4c0a
commits	c6fc356fe63b8e7f442cecf6117a741bec0874ba	c6fc356fe63b8e7f442cecf6117a741bec0874ba
commits	b3334624a17e59a5958e909355ba28345b8b011d	b3334624a17e59a5958e909355ba28345b8b011d
commits	636c92ea3a7764f70292cca95a5d25a4de71a516	636c92ea3a7764f70292cca95a5d25a4de71a516
commits	f24bd0fc4d0bceffcc54501fa4842280af229f9f	f24bd0fc4d0bceffcc54501fa4842280af229f9f
commits	7a3665261c5e0e8d81a1d018ad9bd8aec206597c	7a3665261c5e0e8d81a1d018ad9bd8aec206597c
commits	291beb2a75a412e60e2b1c3c1436eb8875247421	291beb2a75a412e60e2b1c3c1436eb8875247421
commits	284f53ced36adbc66aa43a20831a6a94477db26c	284f53ced36adbc66aa43a20831a6a94477db26c
commits	f8d91706ccf4eac01465206edf01051dbb314d0d	f8d91706ccf4eac01465206edf01051dbb314d0d
commits	2b4ac245929b5fa93f19df88811cf48df27028f4	2b4ac245929b5fa93f19df88811cf48df27028f4
commits	68c82cd1560dadbbffb33cbf91319d88af13f316	68c82cd1560dadbbffb33cbf91319d88af13f316
commits	3b54eec721e531955cdfa5f56ca1aaeebba58765	3b54eec721e531955cdfa5f56ca1aaeebba58765
commits	b86cdb57458bfc37c704b29f0d8cceec809f71b0	b86cdb57458bfc37c704b29f0d8cceec809f71b0
commits	a8ea700913fb42f9b2f3bc264112817c909eba13	a8ea700913fb42f9b2f3bc264112817c909eba13
commits	36054d38e9bf7e986906dc12e9daddb3bdfa2c17	36054d38e9bf7e986906dc12e9daddb3bdfa2c17
commits	458456fe695eb83729399f60e153ef274986c917	458456fe695eb83729399f60e153ef274986c917
commits	203843c875858c571613cbed9dcf7e863d2b2e34	203843c875858c571613cbed9dcf7e863d2b2e34
commits	2ebab5b560c0dfb8c895aff2d0e4fe70fc69ec67	2ebab5b560c0dfb8c895aff2d0e4fe70fc69ec67
commits	4d179a4fc3a33831afd6750ba53bf1fb319ad4ee	4d179a4fc3a33831afd6750ba53bf1fb319ad4ee
commits	a6b81ab77edeb1c5051b0bf3bb6819e2b0737853	a6b81ab77edeb1c5051b0bf3bb6819e2b0737853
commits	c9ffaf24dfe748abc9b74a9a82167d73ada656db	c9ffaf24dfe748abc9b74a9a82167d73ada656db
commits	4bb1a83d7412383dc98aff1d7768ae5fe8d5d9fa	4bb1a83d7412383dc98aff1d7768ae5fe8d5d9fa
commits	56e2b463473509c7ac1706cadefaa0f2bfb76bdb	56e2b463473509c7ac1706cadefaa0f2bfb76bdb
commits	6cb63dd440ac62ee18c93102446eb9f458a58055	6cb63dd440ac62ee18c93102446eb9f458a58055
commits	524d4dde5085cd2170eafaf6cb716b81e944608e	524d4dde5085cd2170eafaf6cb716b81e944608e
commits	e0f176f63bb6a0e24fc6cdf0ed712aef9324b6c3	e0f176f63bb6a0e24fc6cdf0ed712aef9324b6c3
commits	fc86c94f53dc38ee768435708fcbe6e98565a294	fc86c94f53dc38ee768435708fcbe6e98565a294
commits	4a0f2fc7240df88453e5159d466aa8193c374821	4a0f2fc7240df88453e5159d466aa8193c374821
commits	fc6fdf25081095a32995e9f2843b4bc342ad4b1c	fc6fdf25081095a32995e9f2843b4bc342ad4b1c
commits	04a3835c78bc7c5318ef953a399285c54e4adb27	04a3835c78bc7c5318ef953a399285c54e4adb27
commits	b303d10f6bc8f260b5f816e724168990fc2b8850	b303d10f6bc8f260b5f816e724168990fc2b8850
commits	56281255d3d5e191b385d4f6cd09277c79ee31a8	56281255d3d5e191b385d4f6cd09277c79ee31a8
commits	a72c5065e1992ea6416ecf993e6f12c17f266127	a72c5065e1992ea6416ecf993e6f12c17f266127
commits	5d21a703b54002d9b6480e688facdb0c40654417	5d21a703b54002d9b6480e688facdb0c40654417
commits	eab7a0c2a5e02f05ceb2c44f572c6f937dc2779d	eab7a0c2a5e02f05ceb2c44f572c6f937dc2779d
commits	0c09c1240e3e48de7ef6a0db46952b83221ae04b	0c09c1240e3e48de7ef6a0db46952b83221ae04b
commits	a7d9f425c1e56ac4009e59b00b670965cbe6acb7	a7d9f425c1e56ac4009e59b00b670965cbe6acb7
commits	5a0c01f41097207105fafad5735c6ad9f3e81b7b	5a0c01f41097207105fafad5735c6ad9f3e81b7b
commits	23f1cd1948070a6f74e8d4c988adc4c84dd52b5e	23f1cd1948070a6f74e8d4c988adc4c84dd52b5e
commits	31ad584fd4a14dcd531be359198de2b86a624c72	31ad584fd4a14dcd531be359198de2b86a624c72
commits	61aa518cab6d8c6c74701f738dc3ccd5ad8bf745	61aa518cab6d8c6c74701f738dc3ccd5ad8bf745
commits	9b4f7ad8676e95beb846eea0736753c1808b6e7b	9b4f7ad8676e95beb846eea0736753c1808b6e7b
commits	269642fd057f0a6641803e2298c73a947c9ffcd4	269642fd057f0a6641803e2298c73a947c9ffcd4
commits	5bc70feaab0f855cbbd75bb3e798afa101cf94f8	5bc70feaab0f855cbbd75bb3e798afa101cf94f8
commits	d4b91f4435230be8772c73db6bfb0e5e7c4819ec	d4b91f4435230be8772c73db6bfb0e5e7c4819ec
commits	1d5d8d4ec7fb117cc353cf5a88f6473e77cb25b3	1d5d8d4ec7fb117cc353cf5a88f6473e77cb25b3
commits	24378817edbfc676bac75f4c751f2d073fd17849	24378817edbfc676bac75f4c751f2d073fd17849
commits	082196c169b09ed477dc02a0a01f81d0bd21b47c	082196c169b09ed477dc02a0a01f81d0bd21b47c
commits	2dd10d0829e425af4e6704e988188cc7f0846027	2dd10d0829e425af4e6704e988188cc7f0846027
commits	3aa686912fb59e23974563ea54e51f1061f34da4	6e9f88def64237a040389d231057f45d414c3f41
commits	98fb5f04d4782ba828c3cd4cf7a8e237fa725d37	cf303716330f9475b19792c836fbb906b083783c
commits	750752c1c2f293528d4d834b87fd89d6e226923d	f7a24d1a2f219861f0cd13db15dfc74a741de510
commits	0cad8e6035bd5c0c93623bb313e908a4611b94c4	b3e87c8c41cef44d80e951293b81942aacfcd4ac
commits	2211c936a1a3f9a5b7d277310550ae066c1e74c1	c8c372a4671c9a88a9d434cba3e48c846eaffdd2
commits	b1f8c02310b4c41f724426451dd597535da3bac7	c7c53678bcfb7483de0cfc2cb98b66dffb21d412
commits	3ae5c133e70061cb0199c1b0d558b9d4790f8173	41289f8ae13ae29d41fbd5c147c1ca19d5b0524a
commits	bd7099a471c5ff3c907bac126ca4dc715c01822e	30975ce5ac85bebfa08d4ccc6e5ae24c506560d3
commits	2ce7b99eefb560a18e401182785a4b1f4ae8cede	233c584b92f0a96b3e59e1e58d78cf560e5c0fcc
commits	836a6b943d67be2e0cbca8c97f92afb3b74def20	9511a60645d34614c9b9f84b7ef5cd26f3a3e7a5
commits	0e02191e6e9455f02013a23a5bd7da34a96dfdc9	956155d5692354b828a6a620df82940ef90af3c8
commits	ccc3743a8458f5c9dc07327d13781c21d3415393	492d7fa01adc3b82f443dcb19232f11e7289de18
commits	a311924b5f950839b312431ef43b07300011bae5	8719e9dd5408d270f26bf0e7050f98efc227c182
commits	7da93cb8c7ffdc65184a52973ca9154d4c65c72d	3b2bbdbddd499ed5b153fb7807324a7a4fe05521
commits	3e9ecb9f4805730b08a2deb305fc5df94be1e10f	6d146fc10dddbfb8d040f3c33144c8991c3750a8
commits	15e313d1680978c8008bb6e5ac953dc5d421836f	7703331bc7134c8a79948e618a05069363b49c00
commits	f24f90310be462075b20c68ca6bd2d338d928bc0	dfceadeb90ce9c6f5749ffe77d531ffcafb4eb10
commits	9a4b94c393d14aff11b6148967ff480a48457a8d	ea97db639e9dbeb2279ea513699ddecad266ff2f
commits	d2ee3baa5e42e29348fe150b03f08462d3e29ad8	6e11a10d0340ab0a5ce15edb0295c391c39e4c01
commits	92de42a388f6b3e106e1548784980154ae0a71be	a324be9b3d50a3c9dd4687e62cf866a7d3f1947c
commits	e211964316a32e2ee97e11a1f212e29cff4efc7e	9bbf1cd1a1da8dd033659fa3900b4bec0de1c2de
commits	ccdd04fde3ffd3797b8fac53525bc5d06b7432c2	101e2b81bb8539c21ebc86fd5320691b32ccb1dc
commits	4102e16aa3e42c5fc65469a2ae007f24c283404e	2742d173a2c29170d7132a28d74dddaea10e7445
commits	54df9ab33c0f78c26ea2be08f7123eb8951da8df	0cdfe8ad77b8c88551dcf2392a1224e205955c09
commits	93535a8381a097aea604bf0f9678a99544bbb251	4c3d65f90b6f3abfa035b09f2e58c873338986b1
commits	ed48544d99ae3c90aab2b034e3ac79d60968f68b	13ed1b9c4a56ac2c48877bbdcb1b3a812ec76ff2
commits	5327d1839f598e2beb01c76d17118b3c144d1e71	3b3d44c4d0b9022a22371d603860f89caf9cf984
commits	2054da27c18fed1782408b8b8b09c09439643c39	6e3d50cdde752364e515b22ae641e007dbd378ca
commits	6807c23159af84da290eab6e8dc22b9a3a1497b9	247622f8fa10277c7c79c061130099c11ec76782
commits	bb9395f8df93106695aefc62c1ea4ab612833975	00729855f2fd9c59ae46265460134158d8b52666
commits	90b7032bb79d06d7c1f37b1456ada29321ab8bd1	ae6bf973582470523c80338804402eb21244a5c7
commits	7d2ff308107a532d26e770b2c7ab4e31a0a10e76	7f1b1d06a64dd0bf5a4596233987f4910f08b894
commits	d5ebbfc758631aaf904bc21123be41c6616061ce	f13876944ec733c42dc021bf6a084bbd18f46443
commits	99e5e0bfaca28fc5e68a190082a3c307f2537a24	5e14975f7a49ee1e895d5044bb1a40c4ddcfe96c
commits	bca9075e2534aab15f074b6280e735e608842954	f5b1e40eb03786060c15581df2539c11192ec3aa
commits	509216c2d202a682573e5283f87cb35e30ca4a75	f61510e4ac1a4a0b5753b151a567cb46622d9d77
commits	de22ef6d979e46e33cc2299a164f1a5c5dab6b46	15cfe352f4367a648c0a73648c7dec0095899ef6
commits	73c716d9d2324a45839b9375bbfc3c1b4e6348f2	86269a15e86364a0a2d8496ab568915de70e68ce
commits	fb2725f7f264e5ad9ec634ebe112272798e630dc	6ef9847ecb230014d8626053394ed1d9f2c091e9
commits	c08b819754a8c2961db7c60133585e3e04583f9b	6faa48016cfd4157a47d795df48bcffe560d1034
commits	94644f1638d6b3ffb9c8de00371918483f1b7078	8f99a789fe9c20e71253a10310906d1994fb799f
commits	72e2d7462c61f43e3af4808fa11f9af7edb39579	bff61cc88d0a9b92e463be782e070a6e24c94eff
commits	99b1c532b8be127feebc1b07dd64c082ecae8cc8	da1ef57bfb9a511c288557edb10d944d2a7a69b7
commits	7a6437994d748309259f2074c9e05226fb59cba6	d7727c0ad3f327f707a199452833df6fad915fb3
commits	bf34de47ff4f0f782638ad8d48f7bd2d23037999	bfac003e536816aa3581dc09b3d21ae20c5f58eb
commits	16890c6c37a97f512b3c6e45a432446732884061	ba87cd071b29a2b1d385c1c273c35fbf39afd43c
commits	f121fa3cbd7dbaaf3527fe21a6ec90ae57e1cd58	d99b335a91e5f75467d96fbfed46044fa3221962
commits	e50c647e1f6a3b3d1b88b8e1207efc97ec9be264	cf557ca32884807e8588c53290d54576fcb04527
commits	82f60bf78538b0a0a23b6014a856b552c99c8638	a99e1924ffa61f6ea7d6efdb2d02f83655aa3c49
commits	f042770a610ebaad3e7687ab2f6f0822aa0d85e4	36f1d19874254902e3a0872d287a18ee43cfb6c2
commits	45cd461a09285f0488a50e560e5feef1de92c0e5	3af6480c00a3f3d6a6a1b734030edff8964eadfc
commits	81d7aab667ff3f216de31a0a7ecb4124fa4f1ec6	d9e3b1b0b3da8b4f0bc3932417bc809494b203a3
commits	e2bdbf322bbd2b2aca2fb37af7c3079395cc3b2c	1399606dec714957100bd33c3b36d621f9e95141
commits	eb147559edc4a5f76e911d76a81b4b56b06c3001	11568f9b52ceda87fc4c9e75066b0d7909da6c13
commits	d1b8ba44ec584c67fb05cec0f51420ca3f2ff7ac	4ac20ca5d0d49c2a0bf70619a198939536aab318
commits	7263c50fbdb4c5806edec218900807bbaf4bfcf7	7263c50fbdb4c5806edec218900807bbaf4bfcf7
commits	d9f883b446e3de3f86b2204a1a5d32c2594a86b1	d9f883b446e3de3f86b2204a1a5d32c2594a86b1
commits	a657a4edfe542a14c8e9f13abe7feaa232ded56e	a657a4edfe542a14c8e9f13abe7feaa232ded56e
commits	f6507b99f8201ec2d99cc33db6296780ce87415b	f6507b99f8201ec2d99cc33db6296780ce87415b
commits	117d266c3b6307376a131070e7305700a9bd00e5	117d266c3b6307376a131070e7305700a9bd00e5
commits	8890f1af4364018fca594afb15755b850cfcfbdd	8890f1af4364018fca594afb15755b850cfcfbdd
commits	721ff54ac89e5c33a8a37a06ee18adf7eb1443b9	721ff54ac89e5c33a8a37a06ee18adf7eb1443b9
commits	44927f213b325ca8eecb801434795e43a0a166f8	44927f213b325ca8eecb801434795e43a0a166f8
commits	0511a0d4d2db3c1f54c2dbe4654503745ca9c5bf	0511a0d4d2db3c1f54c2dbe4654503745ca9c5bf
commits	939846abf3f596e7c9fb962ce50cc3ad26c463b7	939846abf3f596e7c9fb962ce50cc3ad26c463b7
commits	fa8296c4c96a21de0c998a88039395cf8017641e	fa8296c4c96a21de0c998a88039395cf8017641e
commits	5c6c4b0ca8c2c87402301b209b529f689815e5e3	5c6c4b0ca8c2c87402301b209b529f689815e5e3
commits	59ffe3d3f7de611d047db7a475ba2bd7502b948c	59ffe3d3f7de611d047db7a475ba2bd7502b948c
commits	c95041f5fd184eab48a74071ec093c93bd81411a	c95041f5fd184eab48a74071ec093c93bd81411a
commits	476cd6f37a6e735cbb2b42afb1ed61bceda75adc	476cd6f37a6e735cbb2b42afb1ed61bceda75adc
commits	cbfc02bd6720a3b270d11800dfa1bfd2b76d80fd	cbfc02bd6720a3b270d11800dfa1bfd2b76d80fd
commits	074f288b7558cec0e21f1740e1d3c05d92428d84	074f288b7558cec0e21f1740e1d3c05d92428d84
commits	931586056f94cbb9de1d193aa2d237d3bb1c31b8	931586056f94cbb9de1d193aa2d237d3bb1c31b8
commits	2bd80dc12a526d8ebb52bc9ba1f309bd6511b5fd	2bd80dc12a526d8ebb52bc9ba1f309bd6511b5fd
commits	a6d9e61b48f18a7e9f3f43dc7ef969f2508a7e80	a6d9e61b48f18a7e9f3f43dc7ef969f2508a7e80
commits	388872680f850fd9b4d3872d86406fb24d2dd703	388872680f850fd9b4d3872d86406fb24d2dd703
commits	0d0011ca55ad11ee9690455d0ace1a5f538f82a9	0d0011ca55ad11ee9690455d0ace1a5f538f82a9
commits	9ac8468ff2589b21cc6548be80c30ad3b465104c	9ac8468ff2589b21cc6548be80c30ad3b465104c
commits	ac87e80d78bd133dcee5ec9cbb63a1d178fd62bb	ac87e80d78bd133dcee5ec9cbb63a1d178fd62bb
commits	544249c7bb66ddc3e0a694ba19a40c8c7638998a	544249c7bb66ddc3e0a694ba19a40c8c7638998a
commits	aee6b64602dc8f560b13887a1e2b43ee1bf7ea92	b377a9abc8156dba522ce5ce01aba17508d9da67
commits	60c76538ee030a25f242ccc2f2a5917ba639f486	60c76538ee030a25f242ccc2f2a5917ba639f486
commits	4744c31d7a5fd264af1fcbf6fb8c35556ef43994	4744c31d7a5fd264af1fcbf6fb8c35556ef43994
commits	b4c844b87700e51ddc47ca5852462d94cfc380a8	b4c844b87700e51ddc47ca5852462d94cfc380a8
commits	b042e6420422889d3ae549a2503245dd0d5ec884	b042e6420422889d3ae549a2503245dd0d5ec884
commits	bdd838a27b2a64d5f73bc35029b3b941bcc58fa4	bdd838a27b2a64d5f73bc35029b3b941bcc58fa4
commits	d0a941d2d3f21fb8f9c15ae1a112a3d3a703028e	d0a941d2d3f21fb8f9c15ae1a112a3d3a703028e
commits	77a8ffcbac21c1b571a21ff6cbceebc00d32849c	77a8ffcbac21c1b571a21ff6cbceebc00d32849c
commits	3795f5f9c91f8dfcfd4eef2656b3e592e032d0a8	3795f5f9c91f8dfcfd4eef2656b3e592e032d0a8
commits	42428c603cb138a95dabfe3d39584ddc6427d25d	42428c603cb138a95dabfe3d39584ddc6427d25d
commits	af176cb8d10819bf1129054cb17550c36dee071d	af176cb8d10819bf1129054cb17550c36dee071d
commits	0934fee94a7ae2d2425072e12a56b9b06424e065	0934fee94a7ae2d2425072e12a56b9b06424e065
commits	f6aad7707760cb4f5816279dd3a067060aba2849	f6aad7707760cb4f5816279dd3a067060aba2849
commits	c9824594a9efb62bc4bc4b9ecdbc298fee84d806	c9824594a9efb62bc4bc4b9ecdbc298fee84d806
commits	d89e04e50386192367fa41e447707a9cb8846e11	d89e04e50386192367fa41e447707a9cb8846e11
commits	c27e5110a51c1746d8efd41a7995192117d3e00d	c27e5110a51c1746d8efd41a7995192117d3e00d
commits	44284e2f3c8eee74d027ce767f1e1dbb58c54334	44284e2f3c8eee74d027ce767f1e1dbb58c54334
commits	f82e0c2084dc70bf1dcfb5abb955df84f609e3c7	f82e0c2084dc70bf1dcfb5abb955df84f609e3c7
commits	517a8b312b5a12100c7926776c5045e17e938708	517a8b312b5a12100c7926776c5045e17e938708
commits	f10a868fa6eeb8def692ac92429a066d6d6cb5b9	f10a868fa6eeb8def692ac92429a066d6d6cb5b9
commits	24f9c636e3f49cbd3dc2ab69b5f2693402432a6b	24f9c636e3f49cbd3dc2ab69b5f2693402432a6b
commits	2c0b0412320e721e6bde1b25a17223dcf56e2601	2c0b0412320e721e6bde1b25a17223dcf56e2601
commits	4c212bf894b2e85f2f0f3c8002aa91f35b31e117	4c212bf894b2e85f2f0f3c8002aa91f35b31e117
commits	e2d68e3e9d22c392c0b707b410128541f1c6be88	e2d68e3e9d22c392c0b707b410128541f1c6be88
commits	c6b15a98cdf99fca859e02ac44e564ceb06b157d	c6b15a98cdf99fca859e02ac44e564ceb06b157d
commits	0d16238dfe5760abc0616a95afda1caa7e8ff313	0d16238dfe5760abc0616a95afda1caa7e8ff313
commits	ba7e03de11a20ca9731aece60f45aae486363843	ba7e03de11a20ca9731aece60f45aae486363843
commits	6edac162e7d3969b46c5843405d8071869f5b3d5	6edac162e7d3969b46c5843405d8071869f5b3d5
commits	f42887314bc9a44c1241e7cd2ac8d74c61c5542b	f42887314bc9a44c1241e7cd2ac8d74c61c5542b
commits	94fb71e138633f4ac4ffdbba89d5ec956dcbf301	94fb71e138633f4ac4ffdbba89d5ec956dcbf301
commits	42de401c15322ba8f64b07af33f9ec6e3e2c44aa	42de401c15322ba8f64b07af33f9ec6e3e2c44aa
commits	4d60289ea6f03e5bc09c3de8ddbdf4842df2eefa	4d60289ea6f03e5bc09c3de8ddbdf4842df2eefa
commits	a2d55d4fb2c042d97f43620b39828b9a48bd3325	a2d55d4fb2c042d97f43620b39828b9a48bd3325
commits	f0a6366ceb673864d9989d5dc6f230c0e9adf079	f0a6366ceb673864d9989d5dc6f230c0e9adf079
commits	1c9f75b573eb8158267542e55259ce4b931af654	1c9f75b573eb8158267542e55259ce4b931af654
commits	a77de2af2e4eb47555cfc7f771126930aebf8eeb	a77de2af2e4eb47555cfc7f771126930aebf8eeb
commits	c9111cf95c59edf91f08e54c32c8cfe85e2df117	c9111cf95c59edf91f08e54c32c8cfe85e2df117
commits	a8f002c092d9bd05db2568e6aa56b32e94ea146c	a8f002c092d9bd05db2568e6aa56b32e94ea146c
commits	d212996a43e8d9599aff92380524ef93eb275d1d	d212996a43e8d9599aff92380524ef93eb275d1d
commits	f504b5397aa8fbd71fed09dc33349d7e0134fedb	f504b5397aa8fbd71fed09dc33349d7e0134fedb
commits	519c99ad858c13385559c5c926d416b0365ac8ac	519c99ad858c13385559c5c926d416b0365ac8ac
commits	1bcd55edfcf9c03329682381b658c8741aa63f45	1bcd55edfcf9c03329682381b658c8741aa63f45
commits	07e6c6dc198ac7b5cdeb5369237ca2dff49cb092	07e6c6dc198ac7b5cdeb5369237ca2dff49cb092
commits	016aab4c7d34c45136f8f235db93d7e1791cc01f	016aab4c7d34c45136f8f235db93d7e1791cc01f
commits	0ac4a08817968cfd5d62cbff7f035c9e2da1a619	0ac4a08817968cfd5d62cbff7f035c9e2da1a619
commits	255565577dc87c8b592b65078c21354616a1ccad	255565577dc87c8b592b65078c21354616a1ccad
commits	ed6e1d17dcbed1bc62181428f8e9cf09bfd13105	ed6e1d17dcbed1bc62181428f8e9cf09bfd13105
commits	e4fad416dc1775953394baa6d01a3d7d223600c5	e4fad416dc1775953394baa6d01a3d7d223600c5
commits	6752516c507f8bd40da25643207f0563b5115887	6752516c507f8bd40da25643207f0563b5115887
commits	7574a684af22ea90509693e1fc7d890fc6e61160	7574a684af22ea90509693e1fc7d890fc6e61160
commits	59d070abf0bb71b17f3dd6604c20ccd3a73be828	59d070abf0bb71b17f3dd6604c20ccd3a73be828
commits	18d34e6519bd0a60a01cd7dd91269425dd7d67d1	18d34e6519bd0a60a01cd7dd91269425dd7d67d1
commits	31a0bcec3fa73884985ad0fcdac766abb97d5a00	31a0bcec3fa73884985ad0fcdac766abb97d5a00
commits	a01801a34748a7b016ba2e55b223479f68cc2fcb	a01801a34748a7b016ba2e55b223479f68cc2fcb
commits	a4575d01cba51922e7ec5197701a053d2ed8424f	a4575d01cba51922e7ec5197701a053d2ed8424f
commits	f594fd17e044b2efb8439d0787b11191985f5bed	f594fd17e044b2efb8439d0787b11191985f5bed
commits	84b5b574fc1654fd0e8c50dcb98c74e857dbc0c5	84b5b574fc1654fd0e8c50dcb98c74e857dbc0c5
commits	e447ba3c28c11191b02050256823ae85d6dbba93	e447ba3c28c11191b02050256823ae85d6dbba93
commits	ae33bf07ef802543c984daee630dd0d18fb84387	ae33bf07ef802543c984daee630dd0d18fb84387
commits	d59570ccfddc2c72b9ace0003c3fb1b4a25575b0	d59570ccfddc2c72b9ace0003c3fb1b4a25575b0
commits	0faa918dca125b981c6669c875e2526ba26f01fe	0faa918dca125b981c6669c875e2526ba26f01fe
commits	00985910ec38337d63f813d6048ac2b2a13fdc6a	00985910ec38337d63f813d6048ac2b2a13fdc6a
commits	231c4d0d0361d3a30bd4380239105435bb9b9175	231c4d0d0361d3a30bd4380239105435bb9b9175
commits	b8fbbb46529fc34d8750fe35ea1506dfeb5614dc	b8fbbb46529fc34d8750fe35ea1506dfeb5614dc
commits	9ba4788ad0ea5331ba050c9fa004b7aae83468ec	9ba4788ad0ea5331ba050c9fa004b7aae83468ec
commits	70b54650ecbe6414e1ca9b5f6b67ad10cf60728d	70b54650ecbe6414e1ca9b5f6b67ad10cf60728d
commits	1223551ac5d4cca56072f22a0dd3de94efabc32b	1223551ac5d4cca56072f22a0dd3de94efabc32b
commits	eb92da845b8473420b58359d970c7c3debc0f971	eb92da845b8473420b58359d970c7c3debc0f971
commits	5e2454fa50efaf6ba1352ed89f59353ee8181906	5e2454fa50efaf6ba1352ed89f59353ee8181906
commits	4d635904d301ca31fb197826de20ea3fa9bc78cb	4d635904d301ca31fb197826de20ea3fa9bc78cb
commits	5becded4f57dc3260541baa165912f3a570874be	5becded4f57dc3260541baa165912f3a570874be
commits	be64b43ee25c8a9dc53004a8dd50f335a87db76b	be64b43ee25c8a9dc53004a8dd50f335a87db76b
commits	018d1faf9d7f018a40004b5b2a29aca0da948279	018d1faf9d7f018a40004b5b2a29aca0da948279
commits	dc5844b7ce175a1bbb4019269ab110e775f48846	dc5844b7ce175a1bbb4019269ab110e775f48846
commits	e469ff2d2e4b32b17f6f60b5642632699ce720e5	e469ff2d2e4b32b17f6f60b5642632699ce720e5
commits	46ed447923360c78526cafe1110a179334228ebb	46ed447923360c78526cafe1110a179334228ebb
commits	ba5a1f5767d11d9f1d1bc3807438b504be7d44e7	ba5a1f5767d11d9f1d1bc3807438b504be7d44e7
commits	f482b9f5d9f05ed8303823058ad371849bd71cf8	f482b9f5d9f05ed8303823058ad371849bd71cf8
commits	d616f086673bb29edb0d2375db3d4ca99e0b523c	d616f086673bb29edb0d2375db3d4ca99e0b523c
commits	b90d10fb81702504184cc4f13d048b4b7b4db4b1	b90d10fb81702504184cc4f13d048b4b7b4db4b1
commits	c819cdebfd014d83cb5992d165bcfeb82db05c29	c819cdebfd014d83cb5992d165bcfeb82db05c29
commits	915cd5e7d05ffaa6514863815396242b0cfb511a	915cd5e7d05ffaa6514863815396242b0cfb511a
commits	894b2dbe45c3cd00a65093f65584fcb709d76dd6	5433407b5c7f74b0dc23ffddd8161df34702083b
commits	7f856782f79df567638ecbfcdec109f73883786f	25ae02370ec6c8e8a0006d6e551234bf489e3981
commits	0f3cbf3ae85cd90b3bc1c31dc09b6fa16870a343	2ff408d4eb1468c6b0c8126e60f253de0a504aae
commits	cf020e0c90480d31760d06f3b698b74de3377c63	297386f392307943c1a93f1c881f0a0de8be7b12
commits	bf8cba20b7c6e951d740ce6988665ba8a7efb7b1	887ec8a43dbf6d0d57461f8ad58e97eb295191c2
commits	d12829a654bd09b8a3956a8725257a7c26234a11	84d8810db0125a441bd976775e3fd1b1516d26be
commits	85ab13b08ccfa9ffc3f02767c252bf44a74f8b5b	f40cbf327144177778e2c81a3ad6ba6fb21b9282
commits	c0d5a2427bbe0eda13b34a62573e821befb0d2cc	41668c4aeb6a412dbac71a43e3f0c02d6c33824d
commits	3186cd27010e849b3cf7449b1a802476fc294690	e8a0c6ef079f5451fd74dbd6b7c4625f01aa297e
commits	1e6c3c83f37b42477a1f8256039195f5ecd894c8	bfaa35a65981a9e1d0d0a94350680475cc53bda9
commits	2b506c3e19eb01e3211121c54c122335717c2b7d	a7b50b8736b1508639b8757ddcd233b5b3aeef6e
commits	689006d8fff41494b4877e8655e5d896a854eebe	cb5b5f79aa8cf24bc15cb2aadc62637fb302fe03
commits	8b9db07d802f22f8924ccd62bd86f75c105c8ebc	79ad46b5b15ab1b1cea6959fc15bda77ee233d55
commits	ac9db7b69f7022b0f56931c23268fb32fb31ac82	ebb22328d4f693d00ce2110bdeca57b1494769f7
commits	db1c66fda2b37ba338781181183ef5fc79f0bebe	f1868f18bc37099e6b80db6f56dbe41dc50caa08
commits	60749e049f4debfd9128c76f381b01fc8eb33f7f	88aee1dc790e54bc7ff9720cb0601cc357c8f953
commits	4ef0760ccbc1d1cac6d8d2eed86e87bc051352ae	e6ff80f793bad0cabd0a676d94bcdfc60929b950
commits	74546debf7637694682397393a713c17d6aadb6c	11e4c70936640b3c132a7664b7f46f5beb7c0d4f
commits	289512474dd0de36e43c689a0569b306bf150fc0	e92bbc051cc1858d07330fea31ece74b2156437f
commits	3b4f33be0d6042900090f571bb632918112eb3bf	5af299f6e953e515209a514496560bf42dbe65d4
commits	da88d454eac96999792469bdf3a834e942d851a7	5fdeac509bdbe7eae0a56ef4e09d310410dc579a
commits	3184c16e256d79d2b602da34a0b0ad38bb8012bd	e3fb5d94c6502b4ab6c8873bfb495aa269bc3460
commits	10e06dd0e66f13cf925fb6901a1b926df15aeb7c	774a213bd2c681ac74c5734d76e21fb443c9c3bc
commits	19860e30b7a8a8d46e33b08c601888bd6f8cf162	f70da8ad178e82b464f0d2af01781bf35473b50c
commits	6338c71963c67e5672ca1bd6cb605b1d645d4717	9fe8f8eea8ac32b3d8ca4356bf1adfd3c2635755
commits	5216298ed8e5e4cae443cf93775316a6dbb103ba	802a7c0d4ab97c101696813a152ae83deff59d76
commits	80cdcc653ab34e94052096f09c2171e7fa5cc2f9	54efacf6748946a30a3bc56a6162fa9f96ef883d
commits	ca85f0de1f8c680d13492a082872ca5d72e4b76f	7a20508e2cd3341f91e419ea17318d965f31264a
commits	cbb073ac7c6ec0be00c2e583dd278ec9fefa1f24	0165ccee99c511ed77192237f92e4b5f813fa91f
commits	d796e2d226ae2386bf6db0799e28ccb0e1944460	6c099f902582078e484cce297a43dcf4cd1f4bf0
commits	7e7c0c4f3ecae03829682e5aa583942fae8dc2bf	e0ea625a655a977e4fe379f2eda8e2e28e19f4c7
commits	ba911d93f49c2d96128266aa56ccb1a00600d0f7	64b0f3f57d9555901a1beda8d3e0296cc1dc7b8a
commits	a198dbb843ac80272602acafab81c30171903c7a	decfc354e00269fab33cc9b278cba1b9b81b4a95
commits	05eccf78a4f867f02461a06940eeb11bd11e7c75	a0c33cd40c4746918567cc8b20cf1165e99bc1b7
commits	afbbfdd6b3b0ea2b49380100a5cd23b988606087	4bd28754c299253870b9c35083fbbefd5e2f3445
commits	d7190d62fe598667954356fef726cd598d9d4b24	4aca531f56244a04c9133d6b9ed90567f6488019
commits	57d8f36f6efa3367b6d9d89581e65f93944c83d5	81634cbbced12d0746b03a06817bb89a1e663106
commits	6588f362106c300844aebb0d3f3cdef0f1dd2304	c16f5d81394578343fb250aa1d4d5b0d25204450
commits	b281047fba8d834b407a02be7d532ec7fd3c11e7	b1c0f5624a23975c7c72977acfc8602be322ddd3
commits	568044157ad768dd2f9aa10a9ec5f2eacc15e806	0d2b89bcac15d1596e7312e01b93277b6cedc2f4
commits	1f66cce0a889b88ecf3bb3afa10754ead8e9e664	bd0a15c04a7fee738994fc1d9cf26e744f9f7619
commits	7a8b83ec5130f2c823dcf857c43daae3a4d1d6d0	6c751801f9bb6bf14c42250f69ff17bda2ed1485
commits	45b27cf9e7a17c82fff2de64c0f91f86f54ca0de	bed722b3d4b25e13e076b28436f23b150374a885
commits	3ef591583653b21c71ee88e3f8feba57f49b155f	11f1cc79a07e575ddba9e93039d0c5310b488b4c
commits	2d7190c224d81f9d39f1111797697c75205490ca	eae1787194a34ae86de761d78f1852f36f2cffd7
commits	91c334ff1ac04a59dc4a62359a01356a9c706c4b	c2961bdae83c30a8f17bf4923fe69a70efd14669
commits	a56d96e0bfca62f80b393a3b8c4ddf99245d973a	d51fa4be6bf9a1a297e78fb160aa255d73806f9c
commits	bba10a0a40ac3e44e6ad17ddc91e0c9331a846ea	8a13199ddd9bdfa194cb75137b0bec55693a77b0
commits	dcb4e379794856c42fb5df4dc4d5fa8a2ea36dbb	000e0ac0b2109fb8e6750f76d5130ebf03d9358f
commits	7585ad6902132d7cf3510f6c07d55b4659efd823	f15d7c2f48e31f38c91a8549eeb34e55cfe281ae
commits	3be0bc7b0fdd6ea1b1dc73e956b4c23567d93d9d	30f30fb064b40fc35c60acff15e8a616521ec04f
commits	7aed6732ad582cf4dfa2061208f04083c3ed92ae	2ac6534b5fdc80aaadc9dbf60f59fd239b18463e
commits	8325a4d477d299d60bfce8faae9d1ba4f346e9de	7097d744e03800ca98d3e62820c788803d31db72
commits	2545b0c1f192e2b3209212de0f52419894a4f533	1fddbdf516fbd46f73d2221b1645af199122d7e6
commits	54e5f60bd56089488de1c7a76b34fb65add404eb	2c5f5db06dc6354615fb0566a00bb31b870c2cd4
commits	3d67bfcac01769d3cc37e2e8992e2000016e6eec	faa4bfd0ca237af82d1105b2d3eb496bfc9e4d98
commits	bd0ebcfc1b061762cc58bb89bb13e0b871a6d159	7747ba120b71620b66e72088b13864c893b4e764
commits	5367ef09952afe038729f9443c109f94ac03f7dc	80e380ee2e9d762264a5a0a774473c8b997029c0
commits	7ce7c58ba282bbda2fcd13480f880900fecd8328	26ca002a83ff7df72d886a473e70fa2a8a618521
commits	9f81f7569f097034b78f63d41aa3e56fa4ca84af	51c0c4ce7de34244e59c6be8f12cecc0e2611e59
commits	3c96aa62327389c3c552390f589abace45b1bebc	a686e7e3539d2e233971627938f6e74cb3e9c5f0
commits	1c8a0f8929297d733bf82123e312850ce8611389	475ea589cbd8a8969e30156cc06453a1f8b08450
commits	91a374073714c091a42d192a985d4a3693ae17d4	76d94e7834661105bf7dcf9fa9dbf9a876db8726
commits	d4bff0d814c1c54679671fc2017eeca8a695b508	9ff84e12b8ea15edb04b972a8a85598290d154c3
commits	a6af13e1e72b4b72cc5aa5945f44b0aba932b827	fb14f2c8614c38cc974a7725143fdb454d73da3a
commits	f5b58b3238e0e152bc5bb023b574cbe80618f3d2	27583aaaff8fe2166e926eabbfc87eafff0366fc
commits	f490b5dc19bc30e9f747089ce60c29aac83616fb	df75cbd2381682b61e424d5b9c3247be33e992bd
commits	8e57c22101263364ec5f46ccbc60a24f81ba4958	3a234c191aaac01ccfdac925ae6127aed503922b
commits	71f3d9ea8151c4c583489a29a20af90d30852582	ba6f82220c9d3c3c614e10cde6033253b9aaf2d6
commits	861ee2dfdb88a53f87dbb768fa0752822a4c36e6	1490a9e15386f4e7d5b6be8a071b52e9214f03c3
commits	1b4f2c8411f4711efb880e38bdfcf230b12c87f3	5714da128edf457cca0781ea9c4c27c00480ee84
commits	6df188e03d43a73a00353bd114ca05806d6b8bc4	82121e2ce50c8aed923c8c83c057aaedd79c2924
commits	6a5b39d2ca22a57075e9a91c0ca65c2f4b964c5b	100c4a01fd8f05734fe1cf0fbdeaff479e2ce90c
commits	c08b6c692964ee1816edf699b9b1508b17560e67	08a6e740ec752946de29eecc27da8640a4c2abe4
commits	0e9cd5f0397d83a9b89000829e1da2735b696d9d	83b30e6c20a9d63466dd0496c8496a63d761b220
commits	31b19442cdc38e34ea9a8362c9582a9be7c2ce1a	36ac35fe3d86d26b5e07a200300d8022d5cf5c79
commits	6c91782af2ca39b1e7a0063ee58e4d6f7b510f91	872b22fab08e71078648112025c1e4bd70d81016
commits	f69941c1953494d24e7244dd155f326fba2c9cef	9438d6252516046a0f507969dcfc7ae65abe09c3
commits	05bf489b92ddbfc589dc22ff1ca672c2e7559ba7	142ebe129a25a9a89bead590ebf0028f9b9a8544
commits	47e482a28346807327f20076fee7427712bd4941	08b4e201e711f285eaf6c33fe39de184dc7cd278
commits	6d961c47d8e65753432f1120d1449b9917634823	4101f51c27178d64f07b64b59a6576ac67c9a6d1
commits	a789d43a976a063958e080461bc53d16ab756795	9762fda8b3756f56c9da3ced53c84793c1c14764
commits	765c0659c830ce46f2d76f325b9752ca5a280fe1	78ead02c49847673ed8d108216361307fa4220c1
commits	8dcb0d5c9047673fdc2be799f34c0d24f17389ea	0720a98164469e46d8e02422abe39f34faa7b6c4
commits	4212ac5259001cce4bef9a5e7c7062660ab12bea	3adcc2888f468f43f93162e492404e165881b141
commits	8050b4a948959958fd363b2c211061b01577594a	e352100565857e2baf2d0c6c36a475738dd9f331
commits	e0cb23d333881c47c63c5fa092595a12d50f783e	a3e5a93e194a53f5191f6ac1547ad4b247054561
commits	a58667a74cfbeedf2e08d736f2596e88d38ad824	e205a9ea3522d7fba30b22551c69c370ed112dfb
commits	ebd31734577011706743aa15e93d4ce756b16950	74fe545994bed31d72aea46c2bbe0f8aeefe6178
commits	71afc7df7014b971303219b936e2745af3b25500	c750b661f4d7b89b608b2ab675f0f09f47d2aa5d
commits	e712f0fb7c909ade0effe988b787f3e82e2217a7	d0e23a6b862766475794aa606df116cfe6a36b87
commits	b79ce4410310ffd8cadfc0998e8c0d0def3b68da	d5e24497e880991b20505e5beb45212c30074cc1
commits	e8259bad624affdcd69287dc1bae1624fe84cd87	b8ac6f041f714873a51d33c02a386f9439fc6f34
commits	aa6220b4bafefacf9182ede299a0c3ab5856b834	c704581e239ff84a19c66bcfecea334e878998b8
commits	48ed06f50cbf6c582b8849020dee97281d25f673	2c2149d9b6e8f036c77a2a8bdecc673d85d4f987
commits	570894dedf4bd8ba81bb98481a9dcb4b5c731eae	1a393476c75d79ed858618000ff5e09beb9099f5
commits	d1d471fa68d77ba15369187ce97dd4c528dd2e09	8856bda13f916b22963e5248f6c811e8fcb8df16
commits	80f1fa2a5f656a383a92d26cd61d8cdaff050eae	208549e32d184402930dca5335271ba764deb329
commits	a993cebe2be30bc958549c429fa36483b5ec9472	19b39d522a6aceeba81a284e8995682578473da5
commits	36050b6eec465c6144c731e029bacc55ae9ee3e4	cc43a98a5bde018a2d1fa9d5addb331f01b37cd7
commits	a8be83488df25ab104efe512049ce9787d5707f2	a8be83488df25ab104efe512049ce9787d5707f2
commits	cc5b62f076597a1833438febde08702a9525e0e1	b7f2e74acdb9a36e9ab6861522006859c82446d8
commits	0f2f095dd3879a5f895dfb1b4d55fcdd7f516477	ec4830515bab828214cefa694db93efa191f4e27
commits	dabf339f2b279f12058551043ff458b217f2d5fe	84abfc541e277865442fe50bcf9654e0074dec0b
commits	400de1f990ce63e8fad79edc32f81b055da420b9	39d2508fe8aa1d4a9f41e2305dba8718006dbb2f
commits	7789234e083ef0a14c28659da597ce834c3c556b	61b54b4cf41c90271b3035ebb37faa6ff6fca262
commits	0206b733710c8879ca7cf705324eb60aae87c363	7b00ddc1386cd4188187a9aad062fe375fb0c462
commits	cbfd7ae5b2c380622d8410a6c1f847be3b01ddac	58f3f43c731a8636a235cfca5e14f17a0aa421f4
commits	972ecc676c1bf5595414f335bdc9c915bc819f3f	b57506128449f06acb58ecba0e54a5d72f190570
commits	3a995135e3a7df49b4f771e3d37f5c17f106ecb6	3c92a690eb3da59f3eac5e5445aa3a1aabfcbbe1
commits	1043f22e7a4e323de7b134da95194051edb63006	8d5fc6f5e119e24b64a7c345e0876e66adfe22df
commits	977bbb89d1abd54e9fa6a36f4dffee8af6a1e3cd	5cf0a883cdd5da90dcc4a95e79db75e7290303d6
commits	2f4895338a05b58bb4f23688a3b48169370d02bf	fa2f73f73d008dd3fdabdf972cf816657b4461c5
commits	63f8fbe91e096e3817dddf20a889695f50a948ff	a2bf9b5d3e7c503af93e57130f916922847dcb87
commits	02a9b5a34c2f72347d7edae59a3c2003b10839b5	1c84f256da809886cca9e6a59ca999d9bfaaf3b8
commits	cab780f18e1b033c4bd4e44db4bcbfc968331735	1702e7646c89a30bb1efefe018fad935da603bd9
commits	7b530a8bfac6f703661a17fbde88dbdd439c8af5	a396a2a3f0cde664074991d6dab8f1d72078cef7
commits	12795242d4e4f834f6f0f50c6dd875a0ecef1576	6e34909185ff84676f6a2904eb0ed015a3de5915
commits	397ec36100c55d6812dbbc0f7d4b19f08c4a28d9	02cc8cf9a48f6766cf1ef7606c4153e9b29c175a
commits	b69f0f762486d8b07ee4a7c4f3eb52836c541945	3d806c6cba06214a71e395c9c7063c149e9224ac
commits	1dc0637caf58c3f7a92d87f4c1ac60e32fc216fd	295cd8b1b6ee07e62a9b6fcf7a1d67ee7682a49a
commits	312aa3895a1c85bbfa54865b502226a65b89c4dc	4fe391378f4e34a0798247bd22fa9ecc9168457e
commits	20973fcac3d0d31e030260348210fa945e320154	8055a8b6fa6d9c32efc62e395e846174742f3429
commits	136c958bce0e0be7c72e2481d54e8ad3811ef2a5	bc894dc82d3a8e090b38f49165cc0785ced9667d
commits	66339006f2fb0f50268f8959b5992ce894280bb4	a2132fcf515c383c6aaeacfd57fec5d335d4245e
commits	eba2d57f57a4876b948bb4736fd1412baca295ec	28b06ae156b68648cfc879d312374566ac585de8
commits	0ebbc3db616d1382d5a9b33635e68eb380861e35	76791035a0a127adc547db5eff3aea1facddac06
commits	79d5fb8412b531b6d1f4e7a957f78f22382a9273	bbd7e2a467e5c35bd6af308f45f829d7d48bdb74
commits	ccbbdc6efbf832dd347658aa4018813ec5e2acfe	540422879d7826213b447d3b75e3e4a8afcf1b4b
commits	a89ece224dd52f551f8039f709b2f19dd954b111	cf537de546e5ab3a4af9badce68bf42b211903a9
commits	4253966c8e7a6d85c5de9607cdf4a58d3c54c038	426e50f57061b25b66d294e2b4a5b9d049b9acf8
commits	f31d854966db3fe05bbee29768542f2129406dc6	efe201663a3cc9ee5ef5d2f112b2d580c9db9442
commits	2a9e3f246b37767d5b938649e535815b79f6f430	fa67265d2df57ff6cba8865e07c2dd7fe5aa589f
commits	ee6c990e7f22bba1058fbc5bdd2a4ef32f6ba42a	084a347348cf411a47ac72a72e9ddf4386f93aaf
commits	05483cf3594d47db2609957ce608a47011f62f3d	959cb49f5f9497a6d30daa76b17da734a2d2431c
commits	02a0329442beb7a54827d3cd3076bf0a96ce1e68	00535647070b2375da6e29e63357270863d07085
commits	b3b7d6c0be232d42e1492cb81b2a9b953db004ad	017cc3d97f0ef4e3df9675d5dc6602790b3f0a1e
commits	b49414cdeb3e810b6b253e7ad744fb8b0d0aa2a1	cd4b3d7def83e32ff8f120a96b7fba65b5056eea
commits	ab4e1d32b7e20ba7f68a13f123fce473c9490928	0fe1c656c261ecdb88e93a7b96eaaecc44560133
commits	78402e52bfde3536d1ca2711990f367f92b8c3eb	83685cf0119922509cd2c06dc83c362e16232d93
commits	e178e07311606cd0980fdf8d482f6a2e2e41ee8c	eae7adcdc0a9b6f70aae05fc319ea974d270a214
commits	d83f0efed392e25908f71e60f7aa88840d87b71b	e371476927ce64ccfd84587dc4628c9f21fb6888
commits	6610e081075e61709b7e1103c679c44021d0d352	495e885e426fcbde7c49377af63a6d21536e0618
commits	e5b5f88e88e2f89610946f36ab3e71149a62cd6e	e5f67ca6abf01793f33a2911f7722a3495f36e8f
commits	f8348f0b8c1445185fc9c253ec595cea29d3f332	3fc5231b8f677e5cd33b94e960ec697ca4cfa326
commits	b92223301cb86ffcf71a2445c8f9cdaeea0fe67d	ab79b4a933761820b672dc9af8adbcc4a3200905
commits	614987d009c4f1e628762f3cd035ac1fad1481d7	4efcf90498ad3e27fd65d212ba439b5e1413d01a
commits	13467eff300a1372be2b7fe2280cccd416e19c40	5b3baf998296bde71805978e3987f597e61392d2
commits	f8de97a673da32fc23f1b27f07ea423a5ba115d8	86793d525695bd3487c8d3788ae53087bb23af1e
commits	e9317831ed80e26c87f2db65be19458bd67b22cf	15daab7a2953c6a07e0bbdab30d6a4ee736c6344
commits	11cbd49c8ae8704facd1aa7215eb0282eadceaae	97b1d68ceaf30753cb01e699f5815041c34bf5c3
commits	c439078ed2a772401aef04bad7b2f310361ea928	cb8e3524e64fa4b31dffd6dfe3e8ef1da3b6622c
commits	3eeeb956e52d0aa4823409b02fec9b7d1af3b858	41cc425e2e2dae86c35be491e336298bb207ca10
commits	c389a752d8624405aa92bb30349a726886f669e3	45d4f71385ee2ca82aa84a2e09f67b76df5e6929
commits	5445c01f645d80776e1e94d68ae3d5f13cf27113	eaf95173ded91b3d08cb58c56deb17482b769869
commits	8ce6e8d11bf83325285bdc7f430f232f11e53c35	6dd16630d96f4c76f826dfbb94ff271a08f1b864
commits	2b1768074f65c03b1f3460760a6f99be9018f16c	a370c6892b993032a3b80595a7f55ba1c994ca7c
commits	c97aa4c537a6c5a23ecd0bf6e8a66b5f8794c188	9a76d8f3ab3fb38218278133480220dabf96e9c6
commits	bd4218f994f0c591a5ea6d5d1836d57c25c81024	30159ac5c497dc23b33fecab8f2410d1b110ac2e
commits	3bb5c0a461127b16075ca13c81c8056777785395	7179c5c2bc7012415e519119b92359c81cd51e41
commits	73b81cf7282c3e8f3118c8fb65b6afbc8693294d	0611601f3054937529375245fd2dfabecb16a6ab
commits	712703b1b9098e3be509a49a7d190374e8d4dfad	631f7ff00dbfbf3534933c3f61eb773f01a747a5
commits	3904130aae580112ff151cb7c38cfa4dcd154fc2	3d8844b43c9fd9a6d01aaf20c48c8e1080233224
commits	fb28ecd5e29d7e94b77f5056bb9f248848a733ea	226b4383b97705d384b3c6f8aad5666291421d5b
commits	6d5eef7aaca38d6ad10eb0aea660cd8492002a7f	73cb74c035374a30efdc94b708a9fd8a52b937f5
commits	8ea76a8217903724fb2b29858bff135d72641e70	a2dc01ff131c0c5b58221cd5ec3d9fd4ac620311
commits	8dca954bd193f139af22bd30029c4f53c4fba9eb	dc4804e419b7e2037d830fc5cdcd50cfabbc6245
commits	c29e3ea56cec09f8ff53d9df659bdf92ee8ed785	2430c72fdeaf11b7bad17b23eb796a405b0fb445
commits	3028e45b6ef3112b6a553037e7c0563e6412eeb2	48d4c464dc74224296eea2d6de6ba304189ad8e8
commits	7256ee00350387f30dd4441c1c6abe96adee29b3	b2556f45235d86586e7cad23db4bee8a78879c46
commits	d0da5c6774372bae7845cc99859e929d4f5a422a	97556616dbb3ed3cc30e712f27dca4d587ffb5db
commits	55317404e906decb057777dff5c8e77731847367	59d12b4e7f580450298bdc52bd94c70f50d0155a
commits	c85690450cc95eb3ca9da3a2c944cbbf3b435572	6abdca920117c35c001b22e90fdf10c04644a3fa
commits	78884216fec47c291a9d131f8966d359faad4316	b0cc4f0bac58c0961b0fdb476afdf9138c908753
commits	7db262c66b66dd3a9c4075294625be7ef5772bef	10970eef5907cb7452fe83c27310c4dd71fc31c9
commits	ea011841a4977cdb7f3e0479573b994e882642cf	f949e7bdaaeca9c5d5e9a2085a569ce42311bdcd
commits	229726b3697ab24eac80102a67a1c5d5c3c54f3f	415ee2dbee149e90ee2513ba6eb2d66d5107d694
commits	3a94744583a13ade4520ebf134d37b8d7ce64b9c	ffdaa69dfd6a135c18c773a425c9c335aacf169a
commits	e6d97d8d16f7d9043da1cbc31a1b92f19d5ce33f	2f38de3d850090689abc694b953afe431af6de9c
commits	8e356f2cfa6b9033c0f6ecce723c6276a7cfbbdb	44d641f150b98c732269fe4e4afbb9ed844d7d8f
commits	3938bd0bc2a838028651b4549dfbd7db2b04d741	21aac7fa815c3c532c54bac487319d82fde691ac
commits	25691506cb8e004d6b8932e49b07bb13012b1297	c7878f0aae3c342127d1b28b069a35bbfc6f77c1
commits	ec9adca03c6b7bc382305544a7e3b40af1ac21fc	a5ca26869497fe7eca32b5cf5bb3cb35defe1c9b
commits	04a55f8ba60a2b014b02e094a8261c1b6c5f3490	050d5916a35b56b67f324082c6b43d7697707d5f
commits	944ad099ee553ca860c8bd3fa10a85647bdd098c	633e5cf79625a93d1fd544d9e17454f73b90f26a
commits	114c9e98c7ded43ac7f26aaaad3476fde710e5f8	0782d29eb029a88860afbb655ac48a9d07c14c26
commits	4ec67a5eaa94d34d3aafb8e41243e7f37eefb05c	cc74c6770c9bef0b11ad77dd89aaf8166b077a8f
commits	197502afaafb07b3d4d338ce4cbef6e6b9051045	5a6c314de1865673b85d3cfa5159c986563d530b
commits	10dd6f7d3c0e244f9ee0226265e38a83b9eca1e5	85b15eac6e44d38a3432db943a0439494885b1a2
commits	1e77b300137eadbbbfb25c880a1a3da81573a0af	9664c4a19199e8497d0c49598675721ef11b54e5
commits	de01ba9c0c6d1e7922c1e8fcb1959a26f869d131	b2d81c68d6eb6dfac2f701ad5fefc75c232c5776
commits	33bab9a188cd33a8d3fa0f4e78a28685385f77a3	3a0da885e09f321a31b92d495e37212799c0461f
commits	556886da8418b39bbc506146d97572f019821515	cd927afea0294569962a11b15d1d498ca36ff6e9
commits	2ae6a67777fd26f7fd6f0d621fc7347de8a329e8	f9c08625818b7e779fedf414e6f71d227cd5987d
commits	1dae3aef61923ee905a7fc84c30aa955feb37d1d	bb8ebd01e495ead05a9e221f75c9cfa735653777
commits	e3979b649aa6f987761f6718775298a878bf57e7	153d9e5cdbfbcf785ac3e814f2a9681096fa0b5f
commits	34c9be2a2b327477eac996a7024224d04311ee94	6a7b822422c020820b0f218d056120b36daa10a4
commits	6f10fdc4a15b67f089c08050daa18428c21211ad	242ec1866819619c756d8ead190be81685ec29f8
commits	53ba4bb322b6def5772582a5d07a351001620bb2	02aecc8d1277217aec0143be86d62c0eeaf2324f
commits	94da680c4b8f9f639562abbd49dd2a2acace953d	50aa9a2e73f368314a384436bb83856576e6da59
commits	02ee9414644d87e4aa21d35390fddbb3296d8988	1ecf28cbeb460b3c66dcee25e2df8ab93959b3dd
commits	dbd2b2e32dcda8a7d1847ecfa26004d114355e1c	4220e3136455cc272fc86a034431521d88754001
commits	ce14bbb5f162c61037020de5607b6e02e58ca717	8936af09bf116819e6a6635b2af9672171d9f68e
commits	bc8d73b0c803ceeedd630d5ca2f22728c1e95619	2c085ec0a2d2c0248e5c9dd7d39ffd6c11a9180d
commits	1e30a15706350695df7e0c3b33fe2d9f1c8d835d	27f062b64685851b20daccbe4b524fbc76e49d47
commits	0d16cb9c633e4df0cdeda2616250c07679a0ea27	e582659dc90ca53654fbc19a513cb034c5212897
commits	03d5ca705ebb6ce42a2543f41e56e12ae0dc1f1c	a30fa2bfea14edfa3f37d49f4f6c99f7c2f5317b
commits	9ef394295516b9e17fc7739af791ba42c8223112	c60930dae1c662b9e2d83a280d3d4ae3574b0a78
commits	7b34af27302ad362e7774a8221f23e6f01cd7432	fbdd6546ba5fe73499d5f13698103096df72207e
commits	5c542807ebfae2afbda87af7830854a75046729e	ef1d808c0653bbaec196ddc5d6d4a6fb63e3e8ed
commits	5492eb006cfa183b6f9f59f24596ca925d2d5c29	8194969b6c6c174fd11094fbfeed00de53a0b253
commits	afacf13ba8aed34cff2f399e1ab436eb06733fd8	fb66ab37f4e894c8a62df925217a6c52f1c9693f
commits	5bde35df0db9cd9a51c1d623f6112edf03920f0f	faf45f52559bcfa4391bc3675db690b7bfd52358
commits	aac17e36837eb4d36ae6b11787bb925c35486a8e	28255bd5d41412a078ff4cf979dbf9269abe0f78
commits	857e1c932d752d324a713814e7183551b9d6627d	acbcbfdbd42d9cb18bdc18c8650825a67a6d93d7
commits	dc83c22ae0767100569ddf768ab7b92554257efd	d4058ba8c0a98bd279cdaf0b0ce470f424648a6e
commits	c43207edd2f32da756bee70b9fd792b71baf92e6	47ee16f7ebcc66e4cad14884c7c30f7d45420da3
commits	52ee6528660d913643a1cc5aef9adbee1f601bd1	2f7366891f9acd05fe3a3150633298650b86d42e
commits	388292678cb019305f266402dacf0d848b3efcd3	ed3dee60a2e5b4c6b83dac0c5aec1e9e04201036
commits	35cd4d771e1cd4c1b242d32bc19b309adb929c47	fec00e211cc788f47920f16c95fe242e5ef44d2e
commits	036c8d5674b658f95799228e4eb935e5d81713f2	c24081ece1611f3581ae0d2b17395e0c8733e3f6
commits	e031339a0e8e6721b0a2832f26fb470a75938e1f	205e49e5208ca36b3794180fa9d5954539d5de16
commits	9919ef40c9bf9ef32534fdde169a7053eb33574c	49c1f1f904dc99c2f504129928f9da229386e584
commits	6b3bd52aa044e1fcdf735706e0ad215fbdec2b9f	14bc8a54a258b136c7ed20fbdbddee55c3f29d2d
commits	af7be89a646aa8c8bae91707af7c221271764776	c011746969d4e343b2361633f6b4216a127517b7
commits	e38e8fe8879ce60b2d5424c53f9fbbaaa89b3c9b	e772734435b9f88f1dd0fafc9187aa23efc03ddf
commits	2a2bad7ffa7b0fef81fcb993697a5c4bb05c54fc	968af7219543eeb26dc3f1563915799dc07d6a04
commits	a9ac35a1e5c4da7520895f5fbceb96309731b270	71d05636f357338bfdc6019c75664b00267bafab
commits	727ea17f67a52ed85a6e948da2c79f32f0b162f2	76f772a9e81b951823a0beec15ed3ea2fd56c461
commits	df4e0cb24e7b4e07bffe426e3409f2bd610f98e8	badf2f26967bbb455697c76e2fb281174ceb1fbf
commits	f8da96df121ef924d8aee3e13c1530849dececfb	2e6c33bb2bb43c5d60277827d818b4daf836f8b2
commits	b95fc5b8f17dac8475166f39ee311624f7b8557e	d89374a817d0bf2d00c19650bca1aa40acb9c316
commits	2bbcbb83a38de881499bbe5002c52b23ae41c335	6a9317e9a28b25fa988ed961b10e473afb1044e0
commits	bb8c4cb637aa19f9d0dbb63d165197cd3f5c262c	5d142fcee0aded4feafe9a817139b2ffe327f293
commits	99ac35c4ca63bb0d9603d9ca49853013cb09953b	ca416d146700d50db8eb286171a8fbb11fa8c61b
commits	a49121817cf2ab00e14a368db208c95fbf385a7d	d7fef63307df1dcdb26287f6f447f5a131f5068b
commits	dc8a24dbcec7ca260c779fa8d45519be6c868b44	cf366af1559ba850ba0b2d5de847acfcb1405fae
commits	23282897ff326c5c5a1a8fa17985799d7486f14f	66e54635fae355430047ee4836c25375bf0c303f
commits	239f9844cd97128048ea3ab50ed77aaab008bb08	0c80ffee510055a4fe34e5874f7ed6d8b1f3d691
commits	bc0c5b289b95315a928d1a58902d472080892a8b	79032cac1cbb04fc8e794a1d81c87e7051fe8e57
commits	cec6a3d62d77339d71f1f5b45a34a73ac96bbd76	e524f30cac41b1bbdbf6e2a91f56263312f975c2
commits	9482edecbf79441a5b05800a4d4a06e909f1487e	9b045dca630146353973ae3997ddaad13d4a35b3
commits	54fe404de087f69a4c3a7682ffdb61884dbf167c	c9cb3ea135c810f9567e98dc3ab1d73e86db4e3a
commits	0b530fa3e8d5b6156c07d702def958c3cdecc970	fc10a4567f0d768d8462b23ec1f095f1032484d7
commits	caa043e7b91339ec611a9a6732d86df217ab0d7e	1ef645f48b9721b047efcba258ac630b834218b0
commits	796c96a28c205b4beaaf3f0a815807ae5527ba9f	9679616b1e4525c906f7e976f659d87a692be3ba
commits	0c1cfebdeb3a1e7daf91b73689f78a9c454ef2bd	6b38065b1ac8f2fa158a9fc64ee5c7ee0a89dab2
commits	93f20f53b8b126366d2897997e51ed0dbca11a47	9e38800ae552e70e7e4c6e5eb04c69ea0bcd5ed9
commits	263539f96113a4c6943264880af83976891ebfe8	8fd05c95db98ecbd70ff3253f6bdae8a161cfc42
commits	7eb32f1cf1888b0520c82de65fbb69fcb8109a69	9c46bf299ee00971c989ea62aab32669182dcf95
commits	7b1bd3e4a3e9730bd8930020caee84722436d575	9ee6b66af8f3724d66a1b73bac590203eaf4eb95
commits	c2ad5c461bb114a82d27adfe1dc63e03fe10c946	84e6357db5a73805d210f9e7d0ae2e42fd8b8274
commits	9e15d98a7951351b71ce9ebb85cd20576cc6cf7f	5c4ef03054b4460db29bbce3c267ee4ab4e8dee0
commits	c837399136ca6650aff88b5b37a1179c47c59746	354a04101e29d3c1fdf6eaaf651265ddc2db72d0
commits	a8b77bbbb13fa4146c8a70bbb7c7a4fe2e13a8d2	bf5db4086af29b5812101f8d08a364d283cd4be9
commits	60c065348d27ffbc916b4d788fb284df73bb099a	8fd5f152c1e7827f8fa6d3bd05f889554850fcb0
commits	0355b46c22295203e4b887daa44eb6368a5dd0b3	35540f95bae7ef6fed3f08263579dd1d4a7ff95c
commits	3a64139deff18ded710428823f7e5eb602820194	171c52d9f03a64db8135d6408f573e0013c30b19
commits	6407994760ee28d76f2376ed4f41a18ddcfc808a	58b358b5dabd20fe0bd02efdd33c4e33e9f5c4db
commits	c1bbf0243a51066bb4ac464795ee041b5a03e389	6bcf047c8e9a7bf36b6174f868e96130e1e48383
commits	8577742ac1394eea3d49f459e7c44ccfe802595a	01a4686c8a272d74bfbee84e2340ef0926e2dd64
commits	81f89dd4d665079f0e23594b6492d2c156b0598e	ddf783d454d6564d582bfd7883e63c81a94453e7
commits	f59d06ca54d2167dce5d197642650b0972401588	9ade7d00ee36334b6fb28c29a9bd2bd098550601
commits	9135e085d90c9ae50364e83be1fba1e6ef5571de	14d28f0ae82a71a75354c01ed5544e7fe3fe74cb
commits	2aa7ec8fa22c9d9b867e251d0998921eafd5e362	ae1fbfefd966159bbe12c7b380473821b77ea019
commits	481510238dfd90ccb241110b46d18d143bc2ad1b	6fc6cca4d74c51184e60b152cf176a88bc481101
commits	417ede5f65b126b73d63b2dbca28b62c601adfe4	3107c422e0b76b1b5667e1d7032f2fdd9949e9db
commits	b4e103ab7eb8bfcf6558c64790b7fc0f9a3f8f93	a762635ed73dbfcea9f7fec64b540f2b6a0db3b0
commits	60d7335a60afc81c714790ffcfddab6ab0f91d5b	2dfb8a40579ac09b2c016a5cce30d7f681ffdec9
commits	9fac92af1e8ac9df9e3fd4260fd2db683375afa0	48e7679fb64ff38068df3492d19e591720258c16
commits	33766406fdc16385e12486ad38963a22669f05e7	57d73f015880f0d828921ca5c0e52dfe7ad011e2
commits	86d4c69616612c43b2291c861be604a234d84843	63f9fd16d293a4bb3a783886de449cdf51dabcbb
commits	da3920661668ad76be60efc63f41b0340d961dac	8fc2bb5673f888b6b8887488055f84d068dae5af
commits	90556fcba82b2b120d588e5c5a2d404e82ffcc89	9743c8c2e37ed099fcab48fff0d385068151127f
commits	5c2152207b49eb3af39ac11fcc003a15959a7860	ddc342ce44ca3e3ce7d46b4f8c4faabc024cfb3d
commits	a33e0b80dc45bd1549c0d1fcd51b741b6bee9bdf	d0e9f5a610248ad9651313ea4e9dc91d69e7f0f3
commits	8d4db37624814fd63d5af27927886b4f8379becb	414248c39a3e3232d89b80c4d6285622e13da797
commits	892d1ed3289d06e224ea12b78d06c7d165f0fb7b	f0fe8b63b829c6f6ba9c683b28a92019697e3708
commits	b561bbc8c482b0afe6098b4b32770c7ea4af6d6b	5f1044428978b6742bebe6d9964d495682d7894c
commits	01a4db73c61c4ce4f96307227deebf599c806e17	3f4dcd32e8265661273f4d8b4bde89abfe37876e
commits	cab45cd3e952a1ed3f3a3d2d1a443c019ec7acb4	8c46c4cf2c18955c86366bc42ba20fae2312cf2d
commits	c5d3038cd87aef81da2f68e4ebe7727cbc470b7b	9e5a2c127fb194fc3fa95d5c8f52a54f3d64cad3
commits	4be51c99c76c19669f8ae2b32783755375adf02c	67c579808760a703b104f4dbde51e2c755e0a11d
commits	3bb2825bec1db3dfeb11280a55992d59289c740c	ef615b425c9a472befd8e99bcbb28d4f97bf83bd
commits	ee5de01d4a6f670333de176e0247f93e329fa09a	557a096b86801979690e0e6ae430a57177cd5e9e
commits	e34f836c17548d78c8c17ce9d44ac367e6c5c8a4	28843919cb0a7ca675f11dd24f7d5d42a65c5233
commits	ec1c5744a86ebb0ccc13ffe16f70905dbeb3644e	adebcaf7c0c52385e1139a60af8c0eba5cbd9464
commits	8db84c20c0ca74f65aebf2abae38cfcd4d017537	0f227f9f4f802133130104588a40272f7c59d43b
commits	fc1ee38419a099c2167b604860c6e818300992ff	2a683738f29b1ea07b02a09ac232610e2a7d32cb
commits	50923a10bd08463ed6b5872f15e982c96cf0d10a	321176510b0d58e33362c4560b1b45eb9274b4c8
commits	0c42c03b51b9cafc289eec531a4785cb504b3be3	c174cc64d33b40c6b2efc71e66d10eaea3d33485
commits	6db75dd4ad75ab99d21fe829ec9dbc2816a77302	b3971b26779312f0b114f7a8cbc40c46caf77c32
commits	2926119373f4d9fad5e0325ea1685a3011d50754	e00c8c015a34e5dde006e608649ab98d3bee5e6c
commits	cfe6ef61cce0ff9a9bafc1a76834a3a9eb4d519f	d269d55350b70f445e322280e96bffd97186e707
commits	9ba15add2c051ed610a115c001260b63a82fce04	1d54a616c80df2cae7503c8bcc6e4e21b55bf356
commits	7c06d94760e0d5b82f55acf4b93e78d340753373	be4e24303741bdc58165746a404b55fe8ef5723b
commits	bdab3e066b687e1f0960f5e1aaae7d1bb23e0390	8bb836079f2f077a8592f2bcfc6affe6f5f1d9ec
commits	10731a54d96593feca8a1494022986a234b375b4	1bcb824161894523f5bd794eb1f3d77abae9ef4f
commits	74308cc876fe2f894bf3e538d327a4909175394c	2e748e92fede7be2e6254d2ec67066a2f4362306
commits	c8deaa7cd8652851c624b9d4e2c48d2e228a3550	8a22c8b296f3a24b6e68b066476a7e384645b93e
commits	635be7684dc6d1cce99dfa8007d3345067416a50	ab2276c8168db1e5026d03b4c8660da3639e9549
commits	aedd65bc5ff48d4ee12243159be475e0b4447e48	3136e33dc2096c9d63be6bddda73f02c7a4b49b0
commits	8c8f529d1b6c1c7311453607a8855c8d974627c4	69a4f736ad3136fd80f87aa7f81c02235b050052
commits	c3f4bc539c27cb97124cdc2e841e9b81eeb5ada6	33a01a5647289c064234f7990bdd14a1c4b2c166
commits	14e49683a2ebbe66d539533f0c25c0555ab18407	4f79b8d0093a0209ed0de5b9e8dd0d1c5a82b61d
commits	474f9a2a702f915231e70a2dbc1667dc2638f33c	248fdba8eba31bd213386ff74729b5fdd31b9beb
commits	8c5e784060db8858f51f1f2948e9dbfe6d2604ef	afd00eea60fc52aafc56c3f55978e0bfc3b0665c
commits	3212a0a71f0dacc9512147ae4c68868068964eae	6b34002386d2ac58eb8a2e5cda3849eaf8e9608f
commits	eaf45e2540190e366c3213fe1d0241dc39a31f0c	93354e4fb65fcd8bfb584bd0f437e3260c0f5672
commits	75047a5fcc086f0a268331f7017d2ad2fe97b2b1	174792275a5ba567485ab65b3c910ef8da4bfc3c
commits	2581c575848d5a569661cc60dc22d9aab00178be	b7b956feb53d84c9df1637746e50acaada5fe800
commits	bc37444638024f5f1373a41659ac25e50a518332	17cd3c15db054e49d210a072d6afe12f22afc2c7
commits	a403e6ebb35c177643834e06f4a46fa3f7918bad	065a74fc5b286e1482787c02b887a89a9a1cd2e8
commits	4d045f879e402209d5c341e561b24e67399fe64f	7a1b587dc97d5c23e60337ab0da902d520c9b397
commits	c54eac50910d4a6dd3ec6757bfdb27e9505e615d	81f8571215349d9ab342f19c99561a2dd2f00abe
commits	8f9cb21be652e9b0a40a52389338742422cbf187	2d20605f1c1afa6de5b657bbfea6459fbd510778
commits	e2d23e71a72f148dd5c5ae03d990300f46726ab4	85de21f8566b70cd16a1f783a5b5b4935f5803b4
commits	e0a2fccfc89df946447286059490463eef5692db	5705c53816803f74696cbb159befdeb27bf88afd
commits	f6c179223609f9ceb74b91bd384374a0c109d076	307b96ae19c3878981b6a8df4db06320bfcca53b
commits	330f382755baa757028409e832b466f78524a3fa	2cf87f769ff75226b79524b6db3d60e8754389a8
commits	7fe7efde7aa7b7497d50572e6f56a1ed389a6434	be09c4c7ee89b27b3ef51881caedeb8879c75c1a
commits	621e02712ca1ae70ed98e99bdd3924b41ca0ccdd	cc0f630da0ea6a1f768358c36930d90870f90a53
commits	882d2d6797682e7eda29dfd3491ef962ddec6569	d1166bb1976c001265b54994acf67330d4cf3549
commits	4985c4114b120ad786aa47e6d2b0addd36773a4e	a67b8a72256349e6b443bb523a2a1faab35bc6d0
commits	89461b70f75f1b874cd7bf98d2f03e346e945135	a4d2531805070d187c24c6726fb0853b9fff45a1
commits	24b584209bc775744fe34c9996ac0027e12e945f	3ae34ba13b85a1f4c741f03accd8730d8f9b6471
commits	eee74ffa4a77aa9f420713a134987e4a461badf9	2145f5cb01125f6f6ffa1efcf141486869629c33
commits	5e8095fd3c4a31dbba21202060976ea14b0900a3	56e4da263e90b754652e1919f167d266fbd8c8a1
commits	be479da4a47e6354783e54f835dd2f4f468753fa	a5b76e0d0d6dd6c206d1f11f0644e02ba4938bb0
commits	9086c8daa7fe7182454de5ab96219091abf7329c	2f4d3005aced93b983576260d70ffb6ab97518ae
commits	7e3051ba922d057cebd22344f619bbf52a110eb8	37ec8c977dc0213b45b843435b239b024d19a2f2
commits	9321354291c433cc22f0f50eab00076d607c5f07	94ca523174f22d87a0bee4b361c7cffa0b82e64f
commits	d79dd0a0cb6b3b3c4d3a558ff0d9fc5f6df63ea4	fbbcbbd9797c370e46323c7b3290597d4d9f36ad
commits	807f448c047a924391fc52a872d0bbcb5dafcfbc	fef64359c396cef3fcb853a06b426e2d71a334b6
commits	a0ca06893f9b93ff8ec067e2f208dbec433480ff	cdb8ec91337a2689589ef49ca8e8716ca679d652
commits	b411e9f38c9626224ad51fcb90c6d4ab6c796318	a971eaa58e8bdcae9d45fadc1875e6cae99885b2
commits	903ceeac03a22ac3f3e2805ab87a070e025b0232	1c66d9bef2b1e09fc9d09d5d6c3b32aa3c0880e2
commits	7803a08a86712b94e55cb45d39c480ca539ce732	3d0bd6fc5817c6d8bbee3671a5755923a4841b89
commits	0c320200fccfd39d468d3ca47f5ace164ee2f6d8	47ce4ec4480b5c32ea54bdfd334046986187c6cf
commits	4d2118b9a0b9ff63b04aad7525bb175800925915	4d3833b05ed5f16a0f32943cd8bf5107b54e4794
commits	f28a0ac32c3db048d3a54087e0c7a2e3e1902f94	79155f702c48e2cc381aaea2b9381cc334d57108
commits	d99d3780151974f6345488a17c8cc7d6d70c2c2e	244be00c2d9be5498c3b592ab28d7181fa311b87
commits	2fd1560e78378ad19800a66facbac4b9cba1fdbe	cd2ee57da01c6de0e70525620c16dc8be87dcdad
commits	4caeeeb4b8c63918088d84470617ea34080f2362	32769dfbc4ccdbca94e6732b033e066af2b4ecaa
commits	5feb8ee5360060fe705cfaca45a6e8e936a45a87	cc1a3e3e4ea3bff267fee2dc68cf76a70b72eb26
commits	f477c55e87d0a4cc11cbca73c18a7eda2887e8cf	ad08f302d4be2f51777c3e2b2b5d86ec06f0342e
commits	3b45d38c3777a3c5d74c5a64bd490eb8986e34aa	284d7ba47d2598b1290d0a542f8f09e24a3d2221
commits	2ba360ee29b52fbadb96365f527a499bd608d603	55869d15c57d4ab40e455003faab768dbbe9907c
commits	acb1f37a201a1d748d13cb64f26b1e2eb1f50618	21be3df7131d135b77139245ca9bee98679eb5c7
commits	06dee7497d55a50d87fdbf8d6f10d1c76112b678	1b313169de44e6c41d68e986d1635d00f8d17c62
commits	018f619b48aaf49b40386e552efce09c1a98bf76	7b050c7a178617e754bc2c0fdc1714fcc3d9748d
commits	d2c0d2f8cd0be0de517970d6e8de57911432eb86	18fecc56969f5bb9a69af25904aa699e031280c3
commits	5e3c8f3e3486732b4fa9111ae06c7322eeed2db3	dfe5d1fa56c94c738c67397529b731ecd1f04946
commits	aa46927fffda724e591f2e1085de4133ee50e0b2	1489a20e90c6d8605cebea88aaddf4b391f6ab96
commits	f2bf3a16691c7325a2aa41883756b0ca91cb94a9	419c3a204499fd117cd6feb31d079a6ce6740f5c
commits	c328a6523ac15c0826608141c8589301439c7c2f	a4c7a9dda4595491711e38a5792f7dc76e155d5d
commits	51e9edb789e42845e22e70cd20113dbaf2c6064d	9224cb77dbe8eb08d908293ee12ff805df259cb6
commits	972215cfe355e442ad98d689a04467330f86cc30	9806e4e7024f90be025375cbb9840db028f29b1a
commits	c4e1eb951869679bbb3be4c49671f55934bade79	0e8895182d6a25640b2858c3b43ecb35671b6d17
commits	2980ceb3cd550661fea7fdf675e4cff8f8eedff9	6116cecf11b0f35b543b7282450dfc222aa09146
commits	626c1f07082deb083dedab03b2507d78954b75b3	0eaa29dd37e0e1c15bb30ab0e50c4f6f96cbe769
commits	afa7ce64798596046f3ecb4dbaddacae077455d1	cb37b297760c4c868ea8b15d078f4bacf0abc846
commits	58096ac7ed2df196ca3b8de29d444e470b225108	d1c969603fb11fbcc56895dde642391ff2e3460a
commits	75ec749856fc4448122183e87e0d6b5abc83bdf2	60fd0a5cf82e1c2bb6a5bf1990ca9f5361f3229d
commits	ef81fef942f245b011b9d73e0022cac3dab35e41	92c156cf96a78e8559ee64be7bd613359f83ae13
commits	90d5bcba54156351253a4b1cc56fd0f173feb175	680f41faffda7cbea4feef6b5ee7165928ba9214
commits	0d0c08ba91984b46fb1707a7f4ba946046cd49ae	e23068b61c536ccc9eba180e8e1c85ce22e48e46
commits	4c8d071338cae64116c90a4520a2ab2512c8252d	19d89e742716a46d5254c92b6a82a2f7cce12dd5
commits	a82a0039687143f064c022dfb8bf615f0fd924d4	88b70d096f5bbe2dbe04bdc531e72fdb84ad1fee
commits	f47bc8dc4bd089ff534b468de7700975b461336c	b268c9dbd674e09bf008e62435bdef11c3a1b4b5
commits	6d023ddc0bf21b369f5fac989edc0bfc140e37e3	40f95a7d891ab4f59129da7bddb3cdfbbbb73eef
commits	7ddb9fdc541fe62a5ff78c7482283fafcf0b3286	5807d14d2909150786970f7ca3ff3e38e633db92
commits	d23408abd05bad5d8b843f5121d7e381f1a95d84	8e5174ba557984c0c6fb059f316ef98b2ca84ce1
commits	0e62f052114f2863d7459af533c47cc835ed1939	1065f41b7370558fff7e5afb3d289db4b1872d38
commits	72a4df5291e3f9afd4d30a6017d1b7103e6a8a5c	1bcb7e3c8c3b5efb486eeefbdf4ecd4dc95e84e9
commits	bb2babe3c2ac0369106cc6a6c7d8e1efedf4ae64	122457c6f8acc93e731a7acad26cb2ac92d1c57c
commits	59e837ede3b8cb5e9ad41ef0961ade58d333ccf9	524ad5a266d426389c13720983d5bdc394e2890b
commits	fb827991133a30d30706feba3b26fd9d21776a72	89e0078086483150ac21552b245662990324d590
commits	b7f65af0bbcdc7b94522c959a0488130a58208b5	b09bb46cde91a9aba0d3a5f065a790d9759e87e8
commits	439ca1373b48ad45845d5295e2d45445aacca0f9	a18d5222116213c8ebe20ffb4719f2b4c9f2cdfb
commits	e9eaaa8e361da121a5b385ff81836be38fe6153b	944963f95e9cbe5490ea71cf5d3011d56588ccf8
commits	5e38142a602990d00bd774c180ab30e0010c6ab8	1ebca6a91b1950a4f956bcdd993fde717fd18c59
commits	b79287a06cabdf72c6ba34daf2ccf0f7d5b10102	b68e928ae7b8a942afd3ac9478901724acdf8468
commits	d4a751ed29fcc86d0598698a241974371005614a	24c8700194c0e78cac98badf0e8d0f916c842a78
commits	678c79d0a38461c7c99aacaa8f7d2811175e6b75	4275ac9a113bb7895c7eab9aa1941901d5113a9b
commits	feb7cca28f65fe5abde9f5f562fb9a7424a35fdf	f2bb75830fb279f3348bf318a423702384e9161c
commits	d20c9805fff1444af844eff58ba77e8fbdbfcf35	f2f97506c5c0144f545b4a0106b3001047609741
commits	d3e8829031a228ba01e89f48076d1efdcb2a3915	62a6c042ad385c8d45506c4f58bdf586a83d3cb8
commits	be0b4b828874accfa2b99a94d35fa52bbf40be62	ef2c0cdd3deb89add911f38fb6d82366e70187a7
commits	c9af883ea49755f4e7a6fda99b89752ed06bd795	23dc8e82cfb9b6ac3d8f4b975b7a29e3667b0eae
commits	91bc7d2db25c7c0318006a95a55689178780f1e5	259ff8dc55711449ae6d7c026b24c33735bac373
commits	1729b4a349ae8b5f046bffc1aa2a1a2699fe2589	b8633d8ff40c4b3b65287787bad0832450adaa0f
commits	4a9a20073961e9eacb4397734e7f87e04eae2ffb	1a79b3d0ba2b942d5d654da217a1572353d15e04
commits	c13d93dbeda952f980ad7b5944fcaee93e98e34b	2e0d2c03a5571177a3ed7a45ace153c4d45994a9
commits	ae6993f454639286fadef258ab28ca64f6b17e33	d2c94c4ce98ff6fe0c681c2d2074f3650bbb4890
commits	2e9ea6858d99f7ad96cd114cce619999e91101c9	1ab73ea1e9eeb0e48210ebee7178c9de75644c11
commits	2ae4cb108c4f014316472ff6ed5534cc18a13d67	22606b3eab663815eb3ad088290550c083be84c1
commits	cea83e78ffe01a41d4aaa55a30f633efcf2e8c1b	dee244806e679e5b2b20803af0a2941c624e9655
commits	264e6030994aaede0c2e7ca0cd663366e2d28fc8	0622a29bc01403fc51a317aef51bce771438a785
commits	ca6b48b87fee6d374b1a3787bf0345831878c5f0	3f5fc77bc75ac889384a944fe1782b8a6fd2879b
commits	467e5414c76818f1b85d8fa22aabe35f56b8bbbf	062ea02d0e5391e6bc8cc8312395860bc93cbdef
commits	c9629334bd6a27b5d2b513c9c193656c82dc4cb6	82d6af01ebc1348ebcc28e7fb8e5427d456ab113
commits	c2aebc330574f07a66fd75440561eba7c145e069	14b5f71605658507404b6edcd3e33e326e4c6876
commits	4f8f2a0f0527bd4f4b6711c9bc74c78a66a5474b	b7477dea8201d5bde40f420b8993cfee656ed8b9
commits	2909f3831bda5e4ce1ded353dfef2e5e60f371f7	aa8c4a23e99e79c163b1bc3aaea40449848de988
commits	ac8c1a67399687bad31d916a44e31dc62337821a	3e798fc1c84727afe4dd4976922ebe82ad669bae
commits	f5f417027a3e5fa4570c53dcfa7e00da0ff2166b	241768c83c491097d7ed76c0f7e473e9966a1322
commits	c3f034b60467e10d4b26d54d56f22209d8e433f6	f9464b85a1b7956ff876f602d01771d7fd20801b
commits	2bce666f2626a4b9b15acef61193b3f6dc622889	4ed6bf4a033ade257e5fb63123a8817db1baf91f
commits	a9b8d4ee9fb3bec20d1916c28f21a1e1053fb295	920451ae0a5c6ddfb1db5172ddc4668bb5de3c61
commits	468dad6dd63455972e307d1c9b229c82142499d8	d0cdc6ca986596045127087225b6fae9b7cd3497
commits	54e858659f09dcbd454b481d54a31dcb387d751d	134ae2914297f9f35fb4d80c0426ad73d0c12835
commits	ac87b13d585dc538627eced7ab3306a0bbc22d72	12ba65e243e2508b06dadc637ac3a4ccb078e704
commits	79646a436ca9c907ce45aa3d1c47efb1f4978e5d	5b512a02efe685716cfbc11f4f969352f5138ebf
commits	647a40dce6f5c9e8981fd95576cd091286b385f6	fd6c800503bd7cea67c5a995b653748ba6755cbd
commits	e46021abb337faf6f84f33d7b46f48e20cfeeffb	c2012221169eb4d4dc5ebdceba0d27a76e786803
commits	4a750f54800adee43a7b6934096951218cbbba14	d1ab184409aba2bb1152cf2fe4f11c794a6fa708
commits	43cbf78e493a5c2450a9135cd6e5b940ebde56fa	46d5085bce65aa851cca32479ecd54a746502bcd
commits	b68e455f965aa2e3b3151cef515a2499e612e75e	1cc84ed8cd67163d09f2ca35ef18a55417dc1320
commits	c9f89331e5ea03bb14dc2f7f0f8a6f50f57307a7	eb027156be5e3d231b2426863fa0cd504193f0b9
commits	15855c7e79dd6258fea14250997f6489c61831cb	4751aa57fcca0ca4914627864afbc18561cbfbd1
commits	3750b410df4335f838c8f14b2349a316e4f51cca	fe331d639425bf6a35442d03163366b65a19626d
commits	f144938fe8dd833ac95a9bab391a1166ad83a0f9	92909aa7187344ef7e0fe1d921b91e8a828e3ab9
commits	e85ff0f2b63024fa1f1578d8f7b0baf6f369e50b	be4596759c6f9016191e6000dc0269cc301db51f
commits	d6d69c2483fced7dc97be8eaae2ce177b66056d1	cba5317478579933b96b7e28c7afdb9cc4283462
commits	8fbe069d8a5f6ffe9cec3e99716941f0d781ba13	3eb1a15bf87665f87b307f70da5fc49ca9b5da3e
commits	ce2e5b96f2fbf4794b1c4ea6d7531231533ed3f3	2b70fb49dd1d142192d771b9885ee6d49c9d2431
commits	2699376f483314a32b0179bf533a507dd14267a1	aab1c7973bac551be29f41ffe9716a43c00ce0eb
commits	5ce0a7f96429934e74bb484382fdfe0c820badec	0d36e84d56a74722889b62da9c26c02b7e0e8a5a
commits	dc3a7183fc481af313d7607ae85ecc2fbca0e232	d2853028f10febb3c89873acf905cc5b57e6abf6
commits	c75a5e358d4f3ef292ead77d9072b68b22cbde48	045ab9818b06a996428b7c571b7fde9e96e5085b
commits	fb3bbca08106f6e16746d6c08b03aa8a9ad8417a	218631578646f7b0a717c55b82f768c7aeee5e87
commits	e86b2f998d5d117789c38aba3cc905890e7fd0c5	6d82fe6ae47e25028065504e018738c3e6b4881a
commits	5ff0f4d2fa2d5518d9f0f1b6b3a5ce751c699d76	49bfc7513aa141bad63ece0d28a110d03b5572a6
commits	ad33573791fd0b7fbe41b2ec9707134278e724d8	e56d9a79c19e2026323f2bd4f28317e8d801ed03
commits	797c23ada15848bd9ab418b71bbc85762b313e50	867e33db08485d14066da5278e05f8cd8a243fa6
commits	a2092f35e8dfbc90497b0e2e56d1eb7d1e574854	a05160c9d19fbfa0f1f3f991a4de8306290ae617
commits	a3786593750d273a2c7dd107f374abfc44e2362e	44f16da9a831f5d546c81b9c45c6a2d5c26197ac
commits	9c06179f4179595b8fca0d1ec3cd94e6df2f350d	0eb7688165b0d1649f0cf83ce2267c4966588230
commits	6b2642a60702a2bb73ae60421e056a26329424dc	a60be7d0bc0e87fef1894af9461ba205e7693432
commits	ec5c088961dfc860b1f920a91e8aab23b40754b0	0cb2a1852272ba0f71eb2c23fb17230d414a01c7
commits	bce2a14a8f5ab7aa6c8cda47adc193e8d7b5dc72	2ac869003f66cf4517c19dbdbb8f2afd855444fe
commits	13baf3c4116e5962094e2b326fc789c430197d0b	8830ff54894a31ebe6a96b1eb7bcd4e668432479
commits	8b81ba6b27262c8d8345f212c799ff71073dae80	d11d9a2a1bdd524ec2c1163edb1df06a2c876374
commits	0c7fb9bbc077ccd06a3a54a571d98acfdca3249c	30025c0d9b5c3fb6ee2accf97bae915361624664
commits	2db1ffcce03c38862f5dc60a968a4d3e41837f4f	4c45aae8b142b9035675ce974370b6a2194de64d
commits	cb27b63406bf4b8e2f8188e51b5ce40d9cc636ae	fc0794995e07ed7e1c384e9527e56d04c34f0343
commits	6ca82354322cff8adf3479bd8e87c61b1423ecc9	d7ec27425ea047c9d8e073e409786de118f611ad
commits	8c7b70d05e644ba3041e83d2db0726044b9661b1	58487878e788de6cfc425cdad585e92e3b6517d9
commits	6059962981c5704dadfa3fb1b731f8e0fb8dfcc6	44c6902b695ae284dc21afa3825c8ead7007fc5a
commits	b6edc14504a9f29d632b8962fd387b66d3f2774f	a375aea8cc8f2ad931db835d5bb2625188a230a2
commits	bfcd06feaf8d48de946dcf946fa22e4493b10f74	3fb7425292a9a64bc5b19a186797369d651367bb
commits	5d35f2cb4e176cd3f8a91bf93180bc3527cc8d30	ad1a4b921e4dc5663c4b8cab168e1204d83c9600
commits	059892af21c24f4f037fd4025f196f788fdf34c2	3bc218c923650c1a75b9751bdc40e1f1d658c3dd
commits	5f2d679f6cbff2b216d21c84f0367c00e742456a	6a5d9e0cbd9c476bf90a971fb076c9e312f5be60
commits	eb1e1e1c374cfef0be5c6fabb50b576d72e7f0a8	dc3f200cc420b263e91b943ed9b7dca75b924744
commits	bfbc8ecf88d7906fd6acf84176e0c2cfb917a196	7da8a46d17bc906afaf740b6479312c412142180
commits	66edb1f037a0a073410676155ef45e525428c742	568bd6fe7d182c141d67f49f5daf264c6f115ca6
commits	e6d0a6804fd58fcfb1fe710e074fe28736d5162a	a5d271f6adc87aa8c7de3ef2585e4266017cd7d7
commits	06f1a57c93832e97bc50e39f7819970816d1c88c	e953a8d0b5c8a56e45001db4323ff75840e47447
commits	62ff9e634089ea196ff5ec9cddd099860be2b6d9	e5a7edcab04038d2d19157c730ee5fd3c1fc6e23
commits	298e8b331dac0ecb7e90cc70c6dc3f5fa6cd4a65	9e33a57c3be9f4677bc00221e2f39da08120b6d9
commits	ca77c9b659df79e687ef597e81e655021dcfc869	92e5d577489d77e8a16b067b1a7fc850bcbdc84e
commits	fdece6e30aa7fcb902ed6a7503f6c505078d75b7	15b558be7395471d49e2439c943f417163d42c2e
commits	212c42a19833670c1321a43accda0f2de3844bd9	72069b547a4e2cec4ba38445f266e42a9378d9b1
commits	33c3dd90a1e3ce4f22d47ec03a10674682b57032	2697a2da15a5a5dd5d280946bf4f56b7fe4f96a1
commits	e8f0e1431513e8dec0c9c701f7b33cf4a550b405	b5dde3b09732f71113ad1207a356f68d41f17189
commits	bccdaf3a1892443671db78aa979fc5416c9691d8	be5dd1397fab767bbd66bb1fd0a42beb89f935c5
commits	88a7ea21b3a1382ffd69a7c8d9dad63c65b34f03	cb03a4d7d546b9a508c9254972c49fbf8f73d134
commits	0167e915ba5f5b8b48dd039438b09790a2637cec	6903b63b7ef5f9e88c792c95d5a8529c0fd33675
commits	225cd09155332a795354d111f4015653299714d6	e0571c2aefa9fe9081c010346bffffd14fde638d
commits	7a2f2aeb336ef9ff5ddfff58cbd87b96f61d2f8f	50cb77ad33165968ffc50ac39072b9c81955ff6d
commits	544582514c0fc49bcc6e3687d4ed756588c4d04d	56a0a970fdf995ee499b885a4a9d7b4b21236636
commits	defa83da710fe8b8053b255c36e7a7e4ff73cd3e	d675a2036285b559d9ca3bff168ea02c2c904053
commits	d6a04314e371e1b6819dffb96712110da2d24c31	2a8aea16ed7280ac7e7507fec8fc85f83f960dc2
commits	dd61e0107f8236022c40624c05b2b040eb485464	81118962ecc8b816cd01be28c4b86f9118e69083
commits	cd554a9b8f6ae9bafc0a6e65c5218d6b2e655536	ffdfa9b99afcb366b2cb7613c697558994f7eed9
commits	5f8335e22cab3ae184dee68ddda778730b971ad4	e3a82012b36463e376b8f2cba481d82364151aec
commits	3ed6ff5e9b71e87771fe6fe444523423a947521d	48ca9b2f85f724786729087a189573356aa70f0b
commits	9e68837a87655c146c2eb6c597f41719f6d90358	93bfa9235521188e770f0d65e187048827b40983
commits	404687318e81a437331a834166c78f67e7562189	24439ffb00455d2df6ee3e5555f9e74a9ea34192
commits	3c42d79a7f42e80581bb8fed7fed2a0d5da4a0b4	f27993530475c7c087241b32a12dcae84081d779
commits	41f7f04687dea083a8ebfec7e9f370e5482f6a81	3a1e4bc5bef03041156f0dcb54c2496e7c390ee9
commits	7c5d2f5e0c24fdc56c9776f87d0278f8c96ef5aa	e8d659c15b5bc69b96076e2ae7f5fcca815e2d0d
commits	e32aa3cf179533b933f52f989bd39626efcca701	57e7de723cdcb7be7b70966c3053014b71a68e02
commits	ee6fea8c67d94de67a5d35fca0cbfed7370323e1	64aef1f6e53d8c321ecfaba31a83aef00a7702e7
commits	a1f5a269c110f33717eb1c527d040789fe18228f	642900c947063ed221577c99f129e14a9965084e
commits	508ca1498c9218350e2bbce7a10484080e042342	6234ec1b2dd892e18c611f2645456e87c3a1d26b
commits	65edf424fc7582a71f1d8f0d1401b707985d45d8	052f7b65ed2810f5f65d622573b08e24043437de
commits	886229d83575d7569ebc0ddf434c40b3f7b8f32c	c9451beffa2c1a888e7005c812baed683deed60c
commits	72b0f31049392bd3df3fb2eaa8af942dbc2d21c0	76361e477e1251cca61d29e6326d42544fc95a86
commits	016dd6fb04cb7aec9ed06ec6ad7f7d3f8b6a5762	79da415fc6e85412862ea2fe30abb86bc1516fa0
commits	f4e90912e10bacb14a34ddc20a13aad9c256d154	9b709550161f2237c37a7566a81371890a91d89c
commits	8354961c896fe28ca5fff525ef8bbb137b80ea2d	fefc694e05e4219ec5a32392e7e93b91e9ff0d72
commits	fdc7f11ee64fccddf47e5bfabe505b6a403d933a	f4a6c39d8f0140bf8781b4e91419df054562c276
commits	7a5677b2d0c5750bd83cc2dc5db17a759c79449c	170b77990b5c8b30ecfa94b0fe671aa0ecaff98d
commits	526b9e25d3ce80697a86136db1f51850b1d4b69f	647fdd0b1a3679cc7ef21a879e501cc58470a1b7
commits	33d2f0863af799927e1642e5e81759e7dd33ab67	eeeeb900b0252bc23fb51d88a12ab5df80415fa9
commits	c0e504f93455ab76dded9fe4a53bec32cce37283	1493ba2232967a7c75854469c2d67ba6975c769d
commits	537ac339aad962a8d67e27f49e0816ebe130c42e	7514c2963cc7d0fe970f49b71e845a50ff842a3d
commits	de6f94e76edc61820ed13f5f41731c448cf5661a	cca22eca2bf158916a4dc568d70b38e7af81efaf
commits	4330f716e171f9c562935278a44a600a6fcec65d	0262ddc85cfd93be91953a7d1d701b237b03559d
commits	1bbe13879f50621c6c060b86e771ff6f7833ba0b	39fb6c90767a6ceac71b950898d180efeededc86
commits	1966c882e9aa3dae1c46f509ef29271e7bb3157f	e3229873bc835d347a754613c7da5fe0f47d5e62
commits	b54d08afac0eb4b52c4fd291499948a20155d759	cac442307f55174fe5b2750b0e0d72c419879eae
commits	8d146545c3fa717f6a2930e64d05961ce2e09f49	2cbb8074f3785114d65b81eecd0514476ae7a26e
commits	b573d33b83ad83e1a63982ccb3fd9c411cb27e5b	35d266a04ec2d9fa32625ac3608f4493f693258a
commits	749c5bad2a6cfa70b463737086e66bc20a8fadb3	b2604aaddc2016814313b7864ddcdc428f8485d2
commits	31ae16b8122723dfbd93cb8b26ea830336380c40	f8a7f420734dab7ef7f0ad1c5df044bc513f7778
commits	3e7d05bf31144dbc2797736aa3630bd2f86a034a	2f9e19c18b97fccbba9f9c8eb2a85514770d9a8e
commits	553355ab9457df9e952254bf14c30d049fbfdb7b	c1ea636c6f9242e0caad594da25d6a2a39e72dd7
commits	826e6ea4398f8bd3eb4f8f2be03fad6dc1ebdeef	3201eff08ebac7be6b625d1ee844714ed1b1cf91
commits	2b4ac374b56b8557706167358bb84b740e3836d0	68ec88fb2fa8c82682cc35b2ee4e980a2e2ebb69
commits	dd97e4e3f2eb1e1eb3aa10858c319dcd287629b6	1784ad953ca8198a6622567ae7d5b409ebf74e72
commits	0dabf685585634b5450669535b39972f5d3b16f0	fb792391cbf248f519f1bdda8e4990aa85800b43
commits	d3eec10c2f9a05a75574e435c9c1980c480ed5cb	0536733d81a0f0c66993e815d47770d7352aabb5
commits	12e1988e3da35ad9b002bdc41761c2fa2975e5aa	435acc0d10689e765bdc0151780ad5aabd1f925a
commits	617103c4b030b4c5f029bcecd6c8c2c2ca3550a6	3d986a003dbce94b8b7bc7504ade57039dc5dc3b
commits	87f03838c821b13c65f5cb52bad22a079a50de3e	ab94bec398cce8efac4ba7ae1338a7137e8b6be9
commits	01b621eb99a9531268379070787e643cc630cf2f	c90917bba106c3a73e4652562cd4fe1582c69612
commits	3dec68e104c76b939071d0ffdf6e66c6aabd1ba7	0f807b5e977afd196eb0b392768c254a403a000a
commits	d6fd07332fb25bdd631642aee141d68a7905e0a6	4e8c1d185d355f5445940b153e01fdc31d2330b8
commits	2ece0b81c2df6bf626971e863daddff2906c729b	e5c9ccea705bf5fbff2635c507b96290c4e409ab
commits	88a6377587c2494c7f7ff9e7a2202567ebcf3e58	9016e9483e6b1e6cbc917a4cae18c08addb11cd6
commits	156be67c6b251d1994173683c53c337e082ac093	a11157664e249000f4079e2c81a778a0e416716e
commits	ce2393c966f2233ab102918f8847a1afcf846bc6	cd8566e0c2ef1697cac39965f995fd39b5c01545
commits	82d59e5b35776ba0311546ab93d92a462133bcc3	0668d232dcd90111e92134039c21e1b2b4f89240
commits	9db6e2aebece17bfef9950f97b69011d9406b6f0	01c8d4d5b5fc3dd51695852484922c8f1aea7099
commits	a9b4d4c1c9323ab7d1405bd02307918e6d2ca652	4603c27b62f7529cab2615aea1805cf32ea360d8
commits	81d2c993ee62523473dc3e101a88242cd9f15a91	c4a202bab112250a943656b2715f6a9625e8ae85
commits	efd117d095719f5bb6d72a071aa1f4b4ac8d90e5	ef5eae54070a8b0d2dfaab03ef033835d746e98c
commits	7100f7b1a740bb45daf8295a619422d8795e0deb	0eda885b32ec78ade8ab4b8c8a318a301839c1fa
commits	6aac4141e2dd4d1fb4c57555e2eac5222aca6601	9c75c02ba53a6bfcf7f33c089b61f3633077e96a
commits	36ba6dffc6159ed1e90c9516793ed2f36935e90d	dbf9ff7975b45b7f414cd6b1338f8247740478a8
commits	377a1388f8b760e93cb11e0e4fda6709d1ea6d38	a22d166e192cdd057edc261cd4411c60d3232d78
commits	f2325a73c389b83ec270d12959fe483abd071616	b817e363e0e5d5fab95f692c3a73b01893d8bec5
commits	d523dadd9ac28c4ade40b7976964938ad7e8d41c	1d6cf8c10b1ac1b353fdfcfe1a28e09406942f5c
commits	c63f81157b44473a353677f5134af5e7be50b404	e4e3bf8371aca054d4b1dda14cd902ec4f42a651
commits	c0e2d3b78b4cf58742de8e6f25e5302415f10697	26a732ae52dfacbe796456267a32a763c3a28001
commits	a6177705cce124fd238bb20ed99105f8da122a39	600f6ac86fdf10218d10c2eabc120f29eab222da
commits	d9e177bf1e17f2008fd6af2ac254e34cc73be0ff	870fcdaaca906d2bc057b8f16f3a574698f8fac5
commits	f5491b9a938874926232fc46c72ea659a02193df	b8203d2dedb441a320665e74a56c2b1c57cdd62c
tags	a13f35254a7aa3b5974586f00abec105541621c6	a13f35254a7aa3b5974586f00abec105541621c6
tags	18e6366ac2c449fb5f885006dc37289326800afc	18e6366ac2c449fb5f885006dc37289326800afc
tags	578bb2fe4d2d690e108dc8689d528c5df67261a3	578bb2fe4d2d690e108dc8689d528c5df67261a3
tags	cf4ac4973beaaed7d9bcbb4419059cea418ad166	cf4ac4973beaaed7d9bcbb4419059cea418ad166
tags	03f5d7744be5293e9b08f3aee8463e8b3a074782	03f5d7744be5293e9b08f3aee8463e8b3a074782
tags	d941c07ee9b69d1a6b232487e000cf31d1a63ad1	8d180416f6f093e95cbbf021c5969ca64c162693
tags	fe685eafe2d7caa02bbaa56907d2c9c3ed6d43a5	6db06cb1fc84acfa127c6e6d9c444db03e59f315
tags	b15acbc7eca95ac3ddea9beb6cf31432f8652155	1fd5fe5e67f958449b0c769cc5a20a652443f536
tags	05e43b0858f67ac967a12a2b29960e9e30cb384f	05e43b0858f67ac967a12a2b29960e9e30cb384f
tags	06fe6fb5cd2b8a2926cc327d2c367abe51749670	06fe6fb5cd2b8a2926cc327d2c367abe51749670
tags	5ff7bf65eb99024d0fc8aa05977758ce7bdf5fee	5ff7bf65eb99024d0fc8aa05977758ce7bdf5fee
tags	60c0eecf87b8e1cf8c552fbb8fb76598b1c7db9a	60c0eecf87b8e1cf8c552fbb8fb76598b1c7db9a
tags	fab73e99f9304fb7b10cefe2720a2eb928d33397	fab73e99f9304fb7b10cefe2720a2eb928d33397
tags	b9d49f674ab190b1b3663f3bca2327b52e375ff9	b9d49f674ab190b1b3663f3bca2327b52e375ff9
tags	8955f82e100a86c1a63b1b3f612d181cab132a99	8955f82e100a86c1a63b1b3f612d181cab132a99
tags	2e2960a4bb4005e2efa7361602c57ab339b5d027	2e2960a4bb4005e2efa7361602c57ab339b5d027
