old	new	kind
0012b9945ad5496e126ed71d79256ef0bb688eb0	30fee2357d715ace454f141dec85dd0537c5adb7	commit
003b990bb0b8693b5c22d42f9daa5e19618fe7d8	f4f4f5c1e22bbaf34a626e423cf28d63dc1a3cd0	commit
0049124ce34944613e7884195ef3d1e62a28c833	c6ed322dc39c42df1e0fbac10c0574030dce8136	commit
0082a03c6d0e2ef3b9d44f12be562ffd697f7f5f	02ad3922fea9b6a755e039175118244ba80676ae	commit
0094efc4b72a9488788ebbe2f2b5f38d1260a5c2	e50c647e1f6a3b3d1b88b8e1207efc97ec9be264	commit
009fc836acf9ba45219d19ea9a4c8a3ebe71dda9	6a193304c30a67af27dd73d8161d3e735fd70dbc	commit
00ca6822a733a2b1894b69a6665be93fb24cbf95	050adbb6cdf7361f7e7179489df08a7f060f28c5	commit
00d15cc393e7bbb2151c64d51b782f3cd0f78edc	404687318e81a437331a834166c78f67e7562189	commit
010c49c666eb65c713c776387c187dca635675eb	2701f313d3060b7c4a1c48ad2cbdd302c246d1b0	commit
0115a4fa2357ac36c88e82f1efcbbb429ab127f2	34def3612cbb551f937137ceb6ecd735074ec18d	commit
0134b2ad152aafeecee29fbb3ce1e47bd2bedc67	72e2d7462c61f43e3af4808fa11f9af7edb39579	commit
01b5521bfedf7a90dd5d7109d9ece8a38a4b481c	7a8b83ec5130f2c823dcf857c43daae3a4d1d6d0	commit
01d0926ee66611c4fa543a547c9216ebb11cb6f5	f042770a610ebaad3e7687ab2f6f0822aa0d85e4	commit
025c1867a40b8f6a79f8c5a9ec98fbd05d04c47e	d0c3af4abe05539ae976c385775a8d9c653c3928	commit
027c5979f9a22dd62b711d10db87dc61341a07b4	da95d0f2b561e756724413a7fc834e4e368e49b5	commit
02bb4e33b28042145e378f05ed2afb868fae5a15	de1a4ecfe7701f92ba40296710b32cb048fb53b2	commit
02cba82c1a6741698478d61d7e7b5d4743387124	0c09c1240e3e48de7ef6a0db46952b83221ae04b	commit
02e7e697656ebe187366c1ef25b503c2c32a8a8b	61aa518cab6d8c6c74701f738dc3ccd5ad8bf745	commit
02f37da85effbede4fc118c0164ff88df9e6c8fc	40b57c22bfc1491450e9e83bd001a6d362867321	commit
02fb8478d951c65077c3f05f1e6970a278f3c218	cbfc02bd6720a3b270d11800dfa1bfd2b76d80fd	commit
033697e770e7f95bd84b6ebba829b39b02e08f1a	e031339a0e8e6721b0a2832f26fb470a75938e1f	commit
03518d9d077ab9522191a99da8b305702e8b92f9	e4cb56e081426a2127ca24d1b48d7d9e8e8b4702	commit
036e0d2aa2b0212e6004a54d0d864e624a49aea9	53ba4bb322b6def5772582a5d07a351001620bb2	commit
03a284b13d9eaab4b5f11da6dfdd867ae5759fe9	89eb7d44a1b89d90126f0af2debcac2774f1e073	commit
03c9476016bcaeb8affdc1a64130ff81190c0521	54e858659f09dcbd454b481d54a31dcb387d751d	commit
03def111139b26ad4479ffa77c098ad10b555188	4f860ad3a8bc6e35bf66e34f05426329236ac361	commit
04574eca0178dcfe68ecbf92562961605934e089	10e06dd0e66f13cf925fb6901a1b926df15aeb7c	commit
045b25a1f99e4d657f267118b95b96da3cfd6e47	2a2bad7ffa7b0fef81fcb993697a5c4bb05c54fc	commit
048bc9a4bd509f37f8408263acaf427a824499b6	bdd838a27b2a64d5f73bc35029b3b941bcc58fa4	commit
04b03922264ca03fe83d7dab632368b3a0eb4e95	f1fec7fac739f4b0c921b5eec97f9c6a35a3e6ce	commit
04bacc1f1ef0a4a2ce6fccb9a429d7019c679805	7aed6732ad582cf4dfa2061208f04083c3ed92ae	commit
04debe81212f297d3772cecedb4609a7a735d1a2	49a1c7bfb2bc26565cfa504fff1b34ada93ed0e6	commit
05057494c151ad0ef625e2689fa98530926036ba	3e444e978021156ab10fad89c5620cb1cc66151e	commit
050798cbfab5346d2c2cb8b84395a3bc3f7f53fa	b75f6893fa7b646fc9be79af9a2bbaed48e0ab0b	commit
0508e58aa593bec3e380e00ac32e62fe9d56627a	b679914a377731fca12be9c2886dbc5682efb529	commit
051568284201847b1bc379927ec4e9af392314d4	16466d197f18dcb7241f44bf8922997402e88b47	commit
0525a8e664afaea5f957a757496f279c3c0afa24	a2dd5f5ff78ac5465436f039877766b2350f6c36	commit
0533108bc9f072c63f03fe63cddff957d422e2bd	ccdd04fde3ffd3797b8fac53525bc5d06b7432c2	commit
05382727b2ec235ff7b857db54a21ecb6c2cf208	ef2ac676163e76d0a4990975039a9ed29fe99c47	commit
05537b8e6854c7a0fc019a407704bd670504f231	442a951b90af7d93b79646a7c01cdaa441bcb565	commit
0565de3d8bc9d0fa49f72b8d207803945363d0de	a2092f35e8dfbc90497b0e2e56d1eb7d1e574854	commit
05c543f22d0692ad825acf4851869129c4c73e8c	e2d23e71a72f148dd5c5ae03d990300f46726ab4	commit
05e0472bff18b8406a5d1ce0f05041398ae8cf28	58096ac7ed2df196ca3b8de29d444e470b225108	commit
05fbba6db25db6e4d3604897365db377fe2289c9	de452299f107437d5af22d86481e783979b9a616	commit
062a5a5b371efc7ca44f050e86a964e9fe9a3b5b	5c8523b2709d57f8c50086825a9854d8fb81ee26	commit
063dea1bb7e40651931a0aaf0ffb9948053cb74e	68ea5be0ae91740f22adc91f6485b9f43e98810b	commit
064927d0544c933478dc82d70743d9a249b87e95	f17e856786b89462cc8b4adbe674e721f928c110	commit
066f4c99639e590553cde81acdcad8b639c47d7c	2972e8a1fdf72e1f9693fd374b7571d32006baea	commit
0672f5b986be17dcf1ce36d45f68fef057d33e4a	7515c946f4c945a2618e12881e0bcd1dd36e90aa	commit
068209ede0794214873f4faef5113c2ab56b8f87	e05d66d2916d89f0fcada45a83abd007ee35cc64	commit
068871d7dcde6e7541d0dc9ed62dd65b735af9dc	0e7ebca9c13894206d61f58df2b658f6e21c187b	commit
068f7295930dce51f314e4fafe4944da44b8fbda	150a4476ff9d73087439742f66568f0f9735f729	commit
06d0a412ae4210c8bad897e6972f677a2bea20b2	23f1cd1948070a6f74e8d4c988adc4c84dd52b5e	commit
06f0c0a14b0a5e4eefaf81f451ccdd8c0d770f22	f99f3188d344c52d8510a98fae210556aeef89c5	commit
070f4d2280d6ad8069349b7691d18a6ce590c01d	c837399136ca6650aff88b5b37a1179c47c59746	commit
0768ea4f3c72a53c39ce0eea71aee1dbf093a063	2ae4cb108c4f014316472ff6ed5534cc18a13d67	commit
07bc7944f78b890bde0c26039c0906116ba751a0	182e3e14fc7d58a214195716599968ca3ae5be9c	commit
07d40bbabb2b082507b20a21289673018bfde621	91f46036d48ae1e360a2a1757bb0129f801223e2	commit
07f26f6534be0f03685615c8d98135721f5c8a61	886229d83575d7569ebc0ddf434c40b3f7b8f32c	commit
0805e594f31d03da060566361917b602d238dbee	5febd8248bf0dd08d753d460ba95921485634457	commit
080ef856a8c0fa04fc7dbc229b3b5abc9da22f43	0e36f5ec529db1d367ccef1ec736862366324bd0	commit
0810145ef690b6537df7219c953067bccfcf9f2e	ef5626838e245d48c649030c81c4c04d86e1ed40	commit
0819121cd4968ac0430131882c14c95e4c3f9339	14110f48870fd79266233ad9902a2252e568ea0a	commit
08270380fb00910c8b206b2dd7eb8f31aadfa980	9d97143db004d2a11d33c63e293ca3843213ed49	commit
0843a2dc2d47789a629a16d5611de9eaac2addb2	34f4bf50022f2faec3b5681ac8c3707dcf153c3c	commit
0898fe2af4a6cf50b1a7f1a049964e94ed77f12f	5c8c6fa1173b5ca305f093c4d74e69d04c926e30	commit
08d3ec966f2921758d95f5a9b2af8dfa1f77689f	1bcd55edfcf9c03329682381b658c8741aa63f45	commit
08e6d074c52fd79a32f00d34d69cb71835b02f6f	3b047e8fae650d8aba5cc16f111084fa3d714072	commit
08e753cb540e474c7043c40eb7c5f460bde19480	c85690450cc95eb3ca9da3a2c944cbbf3b435572	commit
08fb0b77f89b6e7db6842e2c3ec302c79b8c131a	250ae48b406d3028f0d96798d933719bb368e336	commit
08fdcb3e5475da365c72811d9e14949f0b00bc8e	b091ac0c6715fef1938e4558caafa2246f4edf22	commit
0971b606f54c76ba0d6afbb1ca1497d7bc064f9e	3eeeb956e52d0aa4823409b02fec9b7d1af3b858	commit
0981239932b331da1044fa8f35fb9288d2581de7	9135e085d90c9ae50364e83be1fba1e6ef5571de	commit
09afa21634ff9e9c369788b63437796f89490241	37bf08885803f304a6dfa234e78a4fa7c03ed86d	commit
09d5c313ee314fdf181dc7dc1df7deae4477a52b	998ee703f420320e9ff909275ec77b6d0988eb33	commit
09e013fb538a908439154f30e36e44882527fa8f	2980ceb3cd550661fea7fdf675e4cff8f8eedff9	commit
0a2b6c3b125046146c3ff17d52fa80c27fd605b6	9e15d98a7951351b71ce9ebb85cd20576cc6cf7f	commit
0a9e4a29909ce88ef9f8b82d8fea57172e29fd9d	8e983764f01ef84d90626910127feec047f32955	commit
0aa27bcf452597bcc78571f32e1e5ad966d1edb4	edb6094fc569a542f879d717604878073b7358ee	commit
0ad4acf128d7808dda3c08c9ca497d071fe1d2e7	01cf64c3e85a511b02a90ab698773dbce1d517ac	commit
0af3983c34a76920496c78fe86b7f6cba9854459	277024578a93bae24aacb823e55cc91cab6c297f	commit
0b14b9a04c850def34139ce471dbd31af677e565	91a374073714c091a42d192a985d4a3693ae17d4	commit
0b2319a82866f2b73fc5ee7450b0fa7e109ddfc5	a53a8d4cd56d210261bc12f7e502769ba94a0bd3	commit
0b5b913f4ced0dcc6d127ea7dc65b7627fd4cde6	4597c2b83c229f8278007326ae442b49307a8843	commit
0b714068498534f396b27630908f55f9c3a4e8ce	89fb0855037b53304674fb34e599f59006319097	commit
0b714f9a324a0c02f66afcc7966f65b278d1a743	79a7a3d53c727fec20bfe646b8f8b35f3060f977	commit
0bb8a15ed7e40817d809490eb5aac2e9729f0e3b	a6fc3e3b59ca849704d9b500d522d0e969e83715	commit
0be73a1a064ec65a43d1263e678c16d2dcaa7c7f	ae1fed5759ff0a78aa8d821a42560fe9bfd413bd	commit
0bf1403e91ed657af007ed89ad4753720d211502	70b54650ecbe6414e1ca9b5f6b67ad10cf60728d	commit
0bf472fa186558deb96bef953e7b2b5bfdad3cc5	ac87b13d585dc538627eced7ab3306a0bbc22d72	commit
0c04bcd770d63bfbc45761a78456282b0bad23fc	cb76b4b024ea0470d6b803ae4b33ea60c5d20601	commit
0c5dfb7e01c6e3ee440b334b914437743185081b	d1fb4f140cae4a9e15896552170024be7cd8fc0a	commit
0c865c2ac911c964455249d9fb71c801d23f5766	f39461ae7fefeb1c2ac5cec52069e5a4f198b9ab	commit
0ccd83c62727e58c4b32159fe10b4ec1024c6b70	269642fd057f0a6641803e2298c73a947c9ffcd4	commit
0cdf03d65468c0004f22d3664245c07b44f0ede6	92de42a388f6b3e106e1548784980154ae0a71be	commit
0cf48e5f9ff2642a3c2598acae8d171adf627822	d2c0d2f8cd0be0de517970d6e8de57911432eb86	commit
0d01cd0bcec46be4394a8062a87a1c910d510436	21fdeb27cb781c79fde201f4590adddc15b91539	commit
0d08229729aaf86ba4e6e3b098b74af58575a692	12b7e2e59bf1734afd59fdb1ea5aaa6dd0f1eb90	commit
0d1901b5def18a44314527f844ac90c63e168570	515fb743e8b276e4d4959b51c6be7a3512738a01	commit
0d2745f05eee59b9a29b0671f76d612927f9b01b	de6f94e76edc61820ed13f5f41731c448cf5661a	commit
0d38bdda587028d5df1d1a2b508a0da95f2625fa	882d2d6797682e7eda29dfd3491ef962ddec6569	commit
0d45d2c23c594dd76db431ced20a35efe0d12cc7	bfcd06feaf8d48de946dcf946fa22e4493b10f74	commit
0d6eb9357f83a6f1e2ad20ef7fff78700f79af78	f20d7b34476b5c094aa0cd8182e96617b3529829	commit
0d7acf3211b660e3798ba4fa3c9c1fe57ad3af06	3aa686912fb59e23974563ea54e51f1061f34da4	commit
0d887679f14ef29b8a992fd2ea20d3b260a31da3	c6ba2f0308e5b9530fb54a7873643fae2266e558	commit
0d907af66f4901eaab64625618695e71d8b155eb	feb7cca28f65fe5abde9f5f562fb9a7424a35fdf	commit
0d90c7e2f416ff99343c461f7137aa0c7c268010	aa6220b4bafefacf9182ede299a0c3ab5856b834	commit
0da3329596db0a3784bff2cf92e0a482b6c93fcd	da353c50de54e82b90da521634b9916be816d3e6	commit
0dbdecaa924e95fab7895b85c00927563243105f	1e6c3c83f37b42477a1f8256039195f5ecd894c8	commit
0dc8d0afa5c5b34561579a964ef98978eca4fbd4	ca6b48b87fee6d374b1a3787bf0345831878c5f0	commit
0dd5766ca1daee78a0b3916382fa401df1ff51e2	57d8f36f6efa3367b6d9d89581e65f93944c83d5	commit
0de846c8ec9851d9e5f78f19b5da0cd443a20d15	586d5bd205851a9a054af950980d4e45f334281d	commit
0df0ff12c86404eecd888f2b079abf0793da3916	24b97287ae7f32dbbe1428edd856db50eadab265	commit
0dfc4a0953306070a6c155642d0d1b5a829f4bd6	dbd2b2e32dcda8a7d1847ecfa26004d114355e1c	commit
0e3e50226ce0f78e1f4b3b147b1b72e9db76d510	7c5d2f5e0c24fdc56c9776f87d0278f8c96ef5aa	commit
0e49d8d2ea7b2a13d76768e528a00db30201b997	e095fde1c8ecdbf36ffed7583d9105df8ba2d668	commit
0e4fec24a184f88b97d5c07cf268c68a5d4fa961	2fae533882c9e83520d0a6cfc5e44c07656b94f7	commit
0e88144da7d909bd74bbdf662690c5ebbccbd3de	da1b50489e4e03c43c921b8d7cea2b2f2fcaf2e4	commit
0eb01bcd0be4b027532065100833b3c82d7cc147	133a7ade5ac75aa8efa56986b20213fc12687a39	commit
0eca1fa2f59bab7e4da472b085cb8953aa292372	6752516c507f8bd40da25643207f0563b5115887	commit
0ee39efe01d5064d254e175203363aabc4a5c820	e05d178b3b8409a5347d1ed1972a56bc73e2b57d	commit
0ef246c94b376e6105b6ea6de61b92a4be5bb284	7c1c29cc51933dce25d81075e6c859dcc756cce8	commit
0ef65d6abb18dff491a88aebb63ccb00cbd80cfc	e469ff2d2e4b32b17f6f60b5642632699ce720e5	commit
0f22bb4a6604753879fef3981a701d2ffb45e5a4	d6a04314e371e1b6819dffb96712110da2d24c31	commit
0f367e827dc46d1561dcb1a82d1ad30b2d196f25	5f8335e22cab3ae184dee68ddda778730b971ad4	commit
0f51564e18b585dcea1d5ce2b683aee50b773319	99b245343722e1ff19274a2c6c9cf4386d34e64b	commit
0f697ac6c54a92f1994f9762f3cb8965411908dd	c40acf44a812af856a769df9ba51890087ce94fc	commit
0f7558f2150749564973ac64c3c97906a9710853	7e7c0c4f3ecae03829682e5aa583942fae8dc2bf	commit
0fa016ab63dbb69a64ceea3eac938d754c62ea39	fc71b6803daa43cf00e68bfad9ddd8a7db2f674e	commit
10024159b37a3b97466e01d72634f272462280dd	c2a07438824097767e4a59644173e112b8adaae3	commit
1028026f4a21521a7e9a6d4d4bb790f4ca797e0f	4359f229b784457f91ef7733bb2e9e243aad8354	commit
1043a9e5246058787ac38a0550552624152f04d3	3e7d05bf31144dbc2797736aa3630bd2f86a034a	commit
107ab892a4f5b49fbd57ece5f69b6f811e5eaf65	7b62e01df9c0181d7276aaff05a589713743bb46	commit
108348e2414d5f3b91e2b70b17a0bc79e034db56	0a2a2929116bbc8cb85545ebcfd36ccbc0fa57a9	commit
10a03077e914fe2ba33ad9ebbe1cd4bdebad6dc2	79d5fb8412b531b6d1f4e7a957f78f22382a9273	commit
10a74117d3a984b9fa34f63193c71aca1b15a9ba	7e3051ba922d057cebd22344f619bbf52a110eb8	commit
10d2baf70396635322ed5a298bc2c8e9832dac2b	cbc72cef8d54d03daf55b58f588878fcbf0ea788	commit
10e16f0849fa589d273181db1a3546b51226d060	bc37444638024f5f1373a41659ac25e50a518332	commit
110ebf14b330b48d1ee7a2eed1e5a17b20051e8e	a198dbb843ac80272602acafab81c30171903c7a	commit
114b61555c0bb6c87cfa0980094a7ee437eb366c	7da93cb8c7ffdc65184a52973ca9154d4c65c72d	commit
1153c592be51e0979afe0c32b3f5c8666a80aae7	ccbbdc6efbf832dd347658aa4018813ec5e2acfe	commit
115750c908f00c3bc2bd69b97b53dc71a7c0dee6	889fe42ba2dc4b6e400c3b2a262a9bdda834792f	commit
11bcc5c6abc780c5d94713ce9b623bdf9553d384	264e8cc71634798f54ad48ddc41e7772e6e3ad78	commit
11c41cbfe65210127f5ea50a7810abc9408e77e3	0badcc8537b302d943e063996efcd9e66b79bbca	commit
11e721bdf8f9e1c91b0d918d839d368ed9f2d6d3	ee26324bab67fd8e6c0a3ae676aa66502dff1cc7	commit
11ec27278c457d06daf9cdb995d9ac5fa9ebc538	0d7428b1e2afa91d0c84747c7e07200ac3649e29	commit
1207bd1d71656e24ab970fb94411e3ef94e8ad6c	2cbfeae428cff2fd0247722b639cf95e0e959249	commit
12085c76f71bffbdee045ef15dea41db68491b9b	41f7f04687dea083a8ebfec7e9f370e5482f6a81	commit
121368824a4c53f51881bc9581ab1c2b39cd2230	f10a868fa6eeb8def692ac92429a066d6d6cb5b9	commit
1214386bb0d776fb31fe925828b82a2ecc878471	63b4587f9283c1ce85b8381635db4a326064a17e	commit
121f39f7526da3464072d3d6240a69c21b3bfa00	bb5b75b274dd744d32cc94ad24a00fb4ced66099	commit
12249cd5b9cb7210c239f2f5d364c93957b92d23	82008fba0dee899a8d3db5bee97d5be6dd3bf677	commit
125aefda7bb754189af3db05f0d0eb426dba696f	c08b819754a8c2961db7c60133585e3e04583f9b	commit
129643d5c3a4a10f790715ffdde04a21833247c6	b3334624a17e59a5958e909355ba28345b8b011d	commit
12b8c9dd4a1d7eb3b7ac0978e49bdbf94b0898c2	08458a4ca61f9d7d4402c2c359de78f227d0200b	commit
133dfaf52d33a35163fdf521b97708c635198967	121eb8099d487de50056498348106a0746fbba64	commit
136043688c602accb01b366cf565b7a971e06455	02ee9414644d87e4aa21d35390fddbb3296d8988	commit
138a2541ec2cdd89c3ce7fa06d58db7fdf517f3c	93774479643ea6f7462cec43d85b8e36363f6a4b	commit
1399b7073e10fffd69c1654e75704a68dbc685aa	d79dd0a0cb6b3b3c4d3a558ff0d9fc5f6df63ea4	commit
13c8a4635f3ffafcbe58e57cf30e82690fd16960	c8c970dc688dd73107d9617d71fe949dbf4dfd93	commit
13d5a369b982839855b62d2ac969b4485820ea8a	706512900269f453cfd9e0da2f3befd6ea85420b	commit
13f18e852f5d7f4ce67a8b9142f1704743f2cc40	43b13fe198d873c3e564838cbd9b54abc5e3e87d	commit
13f84a61b7a833ab179917b346ffd0072c982d40	082196c169b09ed477dc02a0a01f81d0bd21b47c	commit
141759a23f8851e67071191ae6bd15bef0576497	e3b3684d9c2b93b73cac32939de897850422cb5f	commit
14f68090363d5411eedb4669a606f8d38209bbe9	eafc3aa11d9589b7b6b7891c66561cadf79acc1a	commit
14fe1f74a66c054c868878948bbd3369aa44b956	3d43be478bf7ecd98aedc1e7f6719391fe54b63e	commit
150b70d4533986288268e99a47284eac9d5cd06a	3a995135e3a7df49b4f771e3d37f5c17f106ecb6	commit
1518b20553789a2f054065a0787a44b980732b55	93a69fa697f15df9086065cfd34b3d4b87805b49	commit
1535e2911451c2680b2abcb6980b882f0761a022	e62f58dffa95b1b28a57a13bc61589bda099a66e	commit
15531f7c8cd8d3be854c6815a50c6effea18271e	ec5c088961dfc860b1f920a91e8aab23b40754b0	commit
155b76dd4b2d17953fb5e41be4cf1f9d21e21c35	6d24f6cf3b982d2257123d437aa0523ffa54ab7f	commit
1568c2deaf4348460b16a4d9c08ffebc436c088b	dbadb696e0713993c23a73a5da021efc5150fd9c	commit
1570a9b4df0cabb30aa00c7fd3181eac1f7b431e	60f44b7f438d7716c5b83a6b609fa3f3ee72adb7	commit
157741914f4b6716efd5a2767325b2adf1dc12e1	04a55f8ba60a2b014b02e094a8261c1b6c5f3490	commit
15b3debf60e94b4c155ac7e741b4addf30948a83	7f1d42dc24e5881d32fdaeb7fc8cc2c40936b3e0	commit
15c3fc25fee114d136487092fbc64fdda2dd6150	71afc7df7014b971303219b936e2745af3b25500	commit
15f836d2a151401c5391a44c79c187231e2148fc	2edeb95c3e2b745c76939e48620b5b9ced8bda19	commit
162a5fb934606ce8f5697a233c901e8028503b23	85f580e29ed93e9b82164c5075b6cb719e73ab2a	commit
1665e8292f5005cdec786383662ce5962fde4512	903ceeac03a22ac3f3e2805ab87a070e025b0232	commit
16a2f652edb2fd67b9f909336211bb75df3bf589	594c0721d8a1effc38262919800ab2a92396caf2	commit
16e89b11777495bc9feff797047c0bf21a545854	03d5ca705ebb6ce42a2543f41e56e12ae0dc1f1c	commit
17181546c2a06d86187425d8e90b5fc2039bbfa8	8e57c22101263364ec5f46ccbc60a24f81ba4958	commit
17378dc543f4dde72cb0291b3a49b8134ade067a	d569dbfe0554db6894cfb7b4d9c0af71d53351f2	commit
17584391c6793051cf49dbfcab193bff64d9a3eb	ae6aaba8e679f209249c43c713aa729664595283	commit
176338dc1e71ef33a4c79685e8e65c3f621c0e78	790ea1f4b7ffc0e7fb6afe8133d51a8799a733d9	commit
178d6ca0c0a5df12ffdcb9b1d0f344bbba7313ca	b92223301cb86ffcf71a2445c8f9cdaeea0fe67d	commit
17d3386571b4f4c76c86ea941c42545523c75cf0	c439078ed2a772401aef04bad7b2f310361ea928	commit
17f2f0efc353104453a31d44439828b7eeea58dd	dd581adedf27757a69254bcc14dc1b71c92bcc3b	commit
17fa6bed0d1e15eca36ef0b4f30df8f75feb9457	e9317831ed80e26c87f2db65be19458bd67b22cf	commit
17feb8f72d5596f84a5bd155523943f543da03cb	b81bdc6783431adccdb289194c48ec800925d923	commit
180cabc96d6c470f4b77766f86f44ba13959228f	749c5bad2a6cfa70b463737086e66bc20a8fadb3	commit
181ba6417297a5f5d22effbb81fee69f4c04bffb	d1d471fa68d77ba15369187ce97dd4c528dd2e09	commit
1832238ff684a06851a148c2ee2ffac1eac53aee	41a9d01c29346503d3b35c08d1bf08150c5b8991	commit
18645b72c8c393a178c1978f2d04d5deea76425a	71496e016abb2ba28e5510c1eb4165c32870cc2a	commit
1871a725d77f3a49026c5d5cd11d9054f5a58357	1cd3541f41c21933f45010ca7d7ca951e3815d46	commit
1872f6c982b1fa8df036478ef43a00a9ee8b0cd8	8f9cb21be652e9b0a40a52389338742422cbf187	commit
18ba5cec74e0ef4f1facddc5ef9be87eaa298823	91d84e6a348d246dfb503ab010c0e58cae5ab968	commit
18edcb276ef61b5ce956beb5350e84b66c1b9918	7a6437994d748309259f2074c9e05226fb59cba6	commit
19152b8aca97bc4183ae3b4daca6da9347d07456	68106cc06974a4353f047a1627fe0d263e4dffe8	commit
192040b2149723f44132e1c1de67abd633259a45	ac0a393df9c82b07079a4d5f924858857bc067bf	commit
1971bcd81e872ad3fe5e023ea1238b8152e94fda	b7a9caa8323b7175b586f30ab76f41bb4f98c37e	commit
19728b1a75707e1ba9ed0b517ce618f34623f21e	feb15742069689294c2bad51900d34fe22de1d36	commit
198e54b4706826f9f89e6acda18a360b6f443d2d	bdae29cd5e78df049daa97296d147519e1810475	commit
19bcec184ed8a3922b19da99894144788e29d8ab	467e5414c76818f1b85d8fa22aabe35f56b8bbbf	commit
19fe7789ee7214b53ac1d6719cc1588c39b68417	1f3822da0dfb297fafbab44f470a5704da25fd9b	commit
1a2192056431cd3dcdd1af7392c06028430a0e24	c4665fde7ae496044bd431c035e5557cf2afd2a3	commit
1a21d3bf26a13cd218f5314bc8a065427332fd74	8b81ba6b27262c8d8345f212c799ff71073dae80	commit
1a3fe4a29c9ecd7ef6f5b654987449d251b25b73	2df163082127de1d86fa0fd1d00fc3b029624f62	commit
1a41acbcd71ae7b306561a6fe177cca8061698a3	b54d08afac0eb4b52c4fd291499948a20155d759	commit
1a43d44088645379b6b124360cc053333abb7e7e	fe6679f1a5d52e4fe9f1a9d8ddec78612703f062	commit
1a5100dccc7b6f335e944f4de1189cc4e3ae82eb	491a2467f7f2516a91966a7742a2b80f20036899	commit
1a5daad649e79afa3baddf985a651c8b542f8a54	04cc00f9dbffad1b743f8a751d813f484e6abd25	commit
1a75d06c908a7024791a95cbd79eb72bdda59a4f	b561bbc8c482b0afe6098b4b32770c7ea4af6d6b	commit
1a7d48c3e4d8869b530694ba4c7c0227e51aafa4	e56cf51c7ade7787d91897fa5ed2506c77f7b503	commit
1a80b4be9d343ecce1601572bc3473bee098b2b0	22877b5b72d52c2f5c31bad70e4f906ce262d084	commit
1a86deb6bd417e3ce66d1a7a8f181e403125de20	4399e7000ebc74a3ad28370add4931d07c3c9cf0	commit
1a9baf72e5797143b7c33ac76e947a8e1bf91161	44d82fa51916794619a6993b0721d03d2f423ca5	commit
1aa0a494d8fe760e82ae70e5b25c975dea1245d1	ac0131c638ae5ab0593482bffa291a3eae119fd1	commit
1ab109bd272cd9796022bfa9f2e1c333f0174b15	82f60bf78538b0a0a23b6014a856b552c99c8638	commit
1ad32a53315d2ece8744796fa0ae641a38bf594b	2770ad96f2508cf52cdd1bcbfe059238c50ecc4f	commit
1ada6ad01289f7dbfe9430dea260006fa9b8e942	57d6e07ac876e528d0e9b30c3a20e385a8900ff2	commit
1af1c210e00b99170355d72150f909f95c9ec991	513e54dcae78c4f3d6b6f9035b994e900192484e	commit
1b0682f28b89a087b37fc37e29638d071c840259	3ad0103f54af9dd9e8a157d8933516ada890de40	commit
1b41949ed442009726056bab24f4f4efb6530916	56930384255febf0b17aa4f4f3553200dbe19447	commit
1b45830e51c148a3ec392d19011354cdd8e102cb	055607a5de14a4449b7bf1697a156c2dd0e32459	commit
1b6ccfd91ef2ed339e67dc5a170e7ab40a346511	47f7e7d6b11f791d8620370b523d5b2569b49079	commit
1b8cd2a4ffca855783545032baac9040761183b2	fdc21831a82733c20f9b2f337a2f20db8a0d7f97	commit
1bba65750bf49c7b797b63ee060d44bc188cdc39	409cb8841eb1a038627355104ffb96f95e296c27	commit
1bea686dc020eeafa8ef20bbdf17eb904a75379c	3c808e69d3e321a088e239a6f1119c35011f13fe	commit
1c2bec2472c9e998b35a38e9a06958e1d1330d1b	b042e6420422889d3ae549a2503245dd0d5ec884	commit
1c3f611818bec8227d3d12f8c6f5f97485aba653	301672cd195cdc31011555aa47dcf528b7e815e9	commit
1c5496c18cd8bc2f83ddce848750ff80ddf9da5b	54403a960fbcac804c5d3a93e8440580b12a5168	commit
1c56a9761d63fc9d4b5ce8934ce86d39962881ab	02a9b5a34c2f72347d7edae59a3c2003b10839b5	commit
1c5eb79d3f7ac03f09c58e9e45d915390f942c9a	6531a60ee060063995d84bd13ea6cc1e223b8d28	commit
1c7779dbbadd3a8a71c5e038401ced6b1a5bbea6	410bf806fcae91bea76a6dca9b2543b280f4e728	commit
1c80df6d027cddc4b74b2f6ecf5ace362ae60dac	16e50be7ac9a1659c71ed1862a8910ace40805df	commit
1c84c1de3e5dd7fc21aa44336d2fa8f8fdfcfab9	289512474dd0de36e43c689a0569b306bf150fc0	commit
1cb689f546f26f28b4185a92ec4c724b156334d7	c8d56b7cea5a37e6d6f63500e5424e335a9a60ce	commit
1cc6b28c9fa0d7021a331df7b24a2107bca061b6	570894dedf4bd8ba81bb98481a9dcb4b5c731eae	commit
1ccf5b1e4777d0bb7a2baceae119b38d3433e548	3b6eae263a4af1e3a97c60330c1edfeede81e688	commit
1cd51d7aaca9e1bd56a61581f6508068b23d49a7	8dca954bd193f139af22bd30029c4f53c4fba9eb	commit
1cdc62fc752cd73e9e5edb06a571a381818a3ea0	3807e37bf1ec7df605a53c2942389625bd6bd471	commit
1cea2514e4f07a019bf9d1e4dff1d63e27bfbffc	3f7f956d6e815050c0b583fe1df5e5ac14b65ad7	commit
1cebbf7eae4b3555290fc37cd5bb9663af24df69	c33823660bf2cb3402a172e760b766eac0bb6cce	commit
1d04561daf26dfc0d08ea7d1ef21ee675fc50ff3	9605e001cdf063483f5df280e6ebb1a1cda93f10	commit
1d2a235afdc64097fd6840c4998ed0b2ba68a9a2	9d5d40bb08f63e9e099b1f7b575a8c8013c0d95b	commit
1d36289d1c544845b34e78bd309d8585f3cc2b89	0d0c08ba91984b46fb1707a7f4ba946046cd49ae	commit
1d37e7714b759ac3e45ecb5d65971eeb9d6a31b9	2bae0414a56d2837f38942ecd8574d49f3c794d3	commit
1d4c8492cef408bc637438a4afbf92178de27537	8c8f529d1b6c1c7311453607a8855c8d974627c4	commit
1d51c7696a7741beea80ba874a7acd9d40d4c571	e447ba3c28c11191b02050256823ae85d6dbba93	commit
1d6700b07be2de7b1fcf0cca26e9f0f0a1def24c	217980864fb4f250bf385a0552990a8da09b4c99	commit
1d7742745172bc6b2d2982690f4f550d10abb980	f4e90912e10bacb14a34ddc20a13aad9c256d154	commit
1da3d9d3f8267ac088d8964e3ee7a73ac764b9a9	544582514c0fc49bcc6e3687d4ed756588c4d04d	commit
1dc1aa3adce75442864753352f747c3fb4472908	7ba1f03c13bc7cb190fb54cb873a915d20e9d486	commit
1de28d554a2514ffd26db10104010d9c92fcc8d8	0c31355de9bb265d57660a5330a6f4698a9b248a	commit
1e025008e63b11e03d01566e6f1c309e65f19f79	3ab28d66c21e729fcf2e8f2d8570b27ddc224c3f	commit
1e5c1fa299b7d6536ff270dbc838b04493b25fe5	67109dd23f50034923112b6c9d0a51bafbf95a26	commit
1ea57aa9fece138573fef37b90904bb6416ee2af	672f285a50f4ff87404c8b6d62c6c8bda21d2560	commit
1eb2473f6439b3c197dcd81850c5d02a0e9ccb33	3f2a2ecf820a9e40a77ef7b6e98273d8168a26b7	commit
1ebbdf56b62babd4e547295409b6dfe5585ddc98	6da43ce69b05d8242bcde45a679162da4d84e58c	commit
1f1fb41e2d57ce7292fc6cf01fa312eab8b2d58c	4330f716e171f9c562935278a44a600a6fcec65d	commit
1f21d7a0b2cf251240332f92267fe02aed2d75b4	ce14bbb5f162c61037020de5607b6e02e58ca717	commit
1f24f1e4555bd29422c4c6face3955e31be42cb7	9b5803b41918519acb453c7142ca62c8734b53f2	commit
1f32c959af06e497a0e20e11658db0506fc89d23	1ea0643ddb06fcc147d8ddce1f7cf0c36f8e8b21	commit
1f3333f4ccecff5ae7d73cbe30e3ac19952848c6	cc5b62f076597a1833438febde08702a9525e0e1	commit
1fa103e95a40c8814560689e48d1fc69e9adce84	e101b952320d48321cff46d0ea1080c3df381d1e	commit
1fe01f9e42efd4b5938fd1f0436e546265961802	12e1988e3da35ad9b002bdc41761c2fa2975e5aa	commit
200b1d28229bc3a3092c6a130e8a990d3e66f5f4	981fe29dc3f46fc7ae6ae26a470dd836c1f882d6	commit
20108bb514b1f061ee6d305239e33667f1f9f161	b8f19d673668444f0a482af4a2593c0316d8c0a7	commit
20109f75d684f8b3f25b99132f4dca7c6f33461b	6e01a0bb6cd4fae711bd003c22ac52f696a18827	commit
201bcbe6002e51f5c33225434d2942e97d04dc5f	5367ef09952afe038729f9443c109f94ac03f7dc	commit
20479459069176968103f2d6088de8dd156725bc	972215cfe355e442ad98d689a04467330f86cc30	commit
207bfc74fefb7fc0fe4342d689a6b3b3219ba8c1	2f4895338a05b58bb4f23688a3b48169370d02bf	commit
208f045e0355b3ed88d8ec9e430f632b8275f7d7	aac17e36837eb4d36ae6b11787bb925c35486a8e	commit
209148eada430309565c12e24ffa6131910b7fff	2e06bf5a13c43c501a3d61e21d3473ccf41c48fd	commit
20a55fbf78e54c9fbb76b8d5f6458b1458cc421c	822cd1574845587463e497bb967e095d21e782ee	commit
212afcaba8ec84ace419690d2990cfdde26471f5	39016b9e4177fa428776e67aa1ebebb8bd60c790	commit
21367f2ec1fdb7f7f7e372d6fe38f14ed49b1fdd	23282897ff326c5c5a1a8fa17985799d7486f14f	commit
21772a31d503a8d72b9aa82953a1d005fcb92d30	7490a1cf3ea7f8c70ef79e4fe2164e683132219d	commit
2178da7a5f09bb2ec3ae9130540972be9069dc1a	6913a54e5d5001c00c1242aa5fd76c8df32b74f6	commit
217a9b286bc23265b9f03736af55d19cdd08eaf3	5eb8870f5f4cae15ab8f64addeab8fd9e1e93645	commit
2196b1a3af2dbf3c6106024ec38f57e2d849fc49	c70ffd0cd8d0be7787cc8592cf456e23a08acecf	commit
21b11b7208f094d7e7d9912b4237a1f11aef49a4	dbb97fe552436b1b47fee0abf9ab8be2915e5e5e	commit
21b25e13b94a604f73362275fc34cc950bb04415	bf4d8d56149ce880e9ae03f8695f7e377f284e65	commit
21b3c2e85ccef1bbb4e8ac6a34ebcdb198045d1f	bd47f41ef7b4ab868d48cbc1e4ab2f7988770a53	commit
2207a6c4928fca983e23965bd6d10913987db3d2	2dd10d0829e425af4e6704e988188cc7f0846027	commit
2215b7880d7ec4d8946697cf35dd841c7ad99788	b1557d38aa6614954cb0985b92035f8f8d030e5d	commit
221a11f657a67a1b16db36af29ea1f164eaa2365	8050b4a948959958fd363b2c211061b01577594a	commit
22256832338dadd37e3be9e105290b793225d0c5	36054d38e9bf7e986906dc12e9daddb3bdfa2c17	commit
222e12ab26bc2de2976d9b8093ef6adeaf74d322	1a9fbafdcd089101ff3bd91174c4db4226ba1554	commit
223e35a87550aa108e6454536b278458bb1fb957	18d34e6519bd0a60a01cd7dd91269425dd7d67d1	commit
227015504da5df775e7f56c3b0235c59ac5539a2	eb147559edc4a5f76e911d76a81b4b56b06c3001	commit
22a38e6fa15b2754971803710a2d1d83c43f6116	8c5e784060db8858f51f1f2948e9dbfe6d2604ef	commit
22a3f31ed1a8183137dd27ceb437e3c576ac7d88	065a4a3e4535200bd0fd9572c482de3e0fa2bf06	commit
22a8fa9a4f72f0c3665e6a73b7f439d44e55d181	889eac14f9fa0c8d25491c01192a18b0f5dca42f	commit
22ae8a296e7430e98f71c5443a8d7ef567524994	857e1c932d752d324a713814e7183551b9d6627d	commit
22bcfadc50e3ce7d42df47ba3c660b878b839949	b25203f228d3c8ac9e88a11807a6c4592aad066b	commit
22d27c323da0f1e9af25e009136740ba48ecea47	be2b3d3b9d221f5c00da14ea5af307c504f5c86e	commit
22d5069d5dcd93440cb5dacc89d1eb9bab332ff1	5d8b7b3aed41cd297fdfe9bfd880fde76cf102c4	commit
22f83d179abe79d78ac9629653c771f1795a2fe8	bc8d73b0c803ceeedd630d5ca2f22728c1e95619	commit
22f885a2dc8c3875ff104cabae81efc83dddf20a	7759bdc1eece50f2fa9ec7dedf8789984f6bb12c	commit
22fd2e38061ad71222c047d78d1d3e47c635e7f6	7d9bea22f3842fce1be5f0415b0197407001efda	commit
23082015d68c6be1316549730ae7dbc12334ba01	78402e52bfde3536d1ca2711990f367f92b8c3eb	commit
23175f9a0194d170318a7822a65a7b5861fa2e4f	ed48544d99ae3c90aab2b034e3ac79d60968f68b	commit
232a9bf6c458555015769a51467a2252d4cd0502	38fc28f68564b329aeb31e3796d5b1516b79fd88	commit
2345535e927f96ce85747f205aeef45397f790eb	568044157ad768dd2f9aa10a9ec5f2eacc15e806	commit
2384e984203460cdfc1ea7a83f2de5d22950dfb8	dd0b20695083ebbcb403ae7366b26c7960912589	commit
23a4a831475a0c8d410f6523bb3e329cccfd7123	c90f8ecb2a4f277df8f4590eae96dad41ab1a562	commit
240b0cf8d18ce74a44d4c64c3d5fa6a336e94f0a	769566bacc65ab0b19c414278be150d9755927cc	commit
24110748c33e77c560b783ed4115d28b06bca2bb	7a1d52fe69b2f0d71742545ec134dfb1f9c318a5	commit
242b5f79cce9d3e9215bf0ed036e637a4255cf85	b68e455f965aa2e3b3151cef515a2499e612e75e	commit
2442f471f1ea43b140ac431f4d4e63827efd6819	752a742e47a61e37430b5787b1be9590c9c40565	commit
2460effc64d24861b8a59b37e35174b7edf18488	9448fa43a2e2d2fdf82223b4f3c8e2888f6b5150	commit
249ec1fd52c4b370623863cfbbdb89f8675927a1	defa83da710fe8b8053b255c36e7a7e4ff73cd3e	commit
24b1ba5c5ef684bda5da10d90db9f9a4152710be	18a331abe1afa138b975d6fa7b69e0101a7c33c8	commit
24c963bae75e4af9a35dd7a18f1f421a9c58301f	9cd091c92e78600df935fe941d8448832114b390	commit
24e395291a76a03168a636f730010f074a2de953	51a210f674ad5cedeec4f715893c6e6e2168af5b	commit
24e968a383d476b3a677d6aff2582b1103e68419	5a0c01f41097207105fafad5735c6ad9f3e81b7b	commit
251f175de759bda9f71a146a9e3c10ec4642ee24	c69bfe2f56f9fba6e248252b1edff89c7d16f86e	commit
25236b3aeae3babe1c9f6e4be3f0b6f9bd6da9eb	41b4fb458d9f5727415bdc73d7298a169a1df4c2	commit
25a16d8c9423401872b51f2e247c529d26b0e7f8	a789d43a976a063958e080461bc53d16ab756795	commit
25a23a419380e4fed9d488021c3be94183d09e09	51e9edb789e42845e22e70cd20113dbaf2c6064d	commit
25c3a806a40ed66e92089484a2035c9d7b9c6d73	bd92bab7c49ce1775d5f0cfef59cb6b444e236af	commit
2602e34bb39ba63c627208b96a37799e11fcbd7e	adf8ced30cad25cd5530c1ac21bf2144799ba558	commit
2610d309a161372b08894f8e127bd2457995c815	bef1f739ec6f86198fdbd68a1af7507b333f6165	commit
26232993a7108345d472267acd2b86022f841e30	1fa42ab563931609805d2cc2daf1345a62c9f883	commit
2667ddbd4a6878cf4f43074c7bb50f749675d24b	410ac1f1876ad0a9694dd92089d7adfa453b4aaf	commit
268656e000b654dbc83ee271d79d9b565610b2cd	fa7b58dfc915a673d8e31d7f76704cca0511e302	commit
26b2397e653be05f5cd302bd92a58ae66e448f18	b5a9290a224a6f3de17bf9b2957aed1b51dfd2e9	commit
26d58e3b06589c349d9bb0763b2c3af0e6988b68	f121fa3cbd7dbaaf3527fe21a6ec90ae57e1cd58	commit
26e30394208146c8fe82179fe90f01d01af07d1c	c0d5a2427bbe0eda13b34a62573e821befb0d2cc	commit
26e7ca85bec14ef2c0372e02b7916f40379dcc58	9d6b2a3fb895deada2d3cde4851e19f736c71b79	commit
271ab6d04523ce79612a9eecc0b400448b527478	3d99456724a3202a92cbe639446568aff995b9a5	commit
275d66a08eab25cc108d7b862bf6f645fab30c0f	aced830b2d60c49e541c5fa01388ec71b757148a	commit
2776f719bef033392b3594abf97245ab7d110e94	0e0e93c59229255db32a94a68e2c5e3aa848dad4	commit
2778ef576a1d82777fb670f19036efe9b625390c	3dab153dbbecde0f8b35a476de8b9d01c0071521	commit
27c409df2cd7c8e33b02faf9d2859b020839b6f0	db16b0c310650166f3f7e785431595fd9617c667	commit
27cdff7a199f437093eb4f5d0c4db7f3eb12a990	7c6a6cc62451471e69ee3863c3e5cc391ec247ff	commit
27e90ca1d8dddb9c0323d04c9d0657a37c11c520	bb9395f8df93106695aefc62c1ea4ab612833975	commit
27fcbe77751da7b6cfd61292e359b77fb70347c1	288f8e6f3984a0f0efd5e280f576ba4e2f50c73c	commit
27fcbfa758534247f35cf6cc5d3184bfb26f0d13	7803a08a86712b94e55cb45d39c480ca539ce732	commit
280cd7ae2b91a54e30b44ffac905e0975bc55036	2ae6a67777fd26f7fd6f0d621fc7347de8a329e8	commit
28330f29c600108f79f648332894488c600f515c	678f69b8ea28473030d1370dc3d268eb7dbc44f5	commit
2842905ce402ed4a130a6217994aa588ffb001aa	1910b8ae6fa66e2f2d5f9a29f4bd2c4f633f3412	commit
2847c715c5a93a57218bb7df210b1a3071efe651	cbb073ac7c6ec0be00c2e583dd278ec9fefa1f24	commit
284f3c5043aa08837bfdf9014891cb810f5800f2	553355ab9457df9e952254bf14c30d049fbfdb7b	commit
2851d2761fc2e8dddb63ce286cf8d59b9df456f7	f59d06ca54d2167dce5d197642650b0972401588	commit
28b5acf7c441dc6363bbb10e5d0b448526505b68	00985910ec38337d63f813d6048ac2b2a13fdc6a	commit
29035de6d741da44bc74e95e0e8833efdde5a5b7	e01ee1ddf3147fd52d1f1071c93010fb00622528	commit
290bdd257af6a88aa545290b09a68b043c6803cd	46a8408ecee4cedbaa445d90addc211fb4a3531e	commit
296aded3f3bd228093f6fd2f6c957ed38821f000	e34f836c17548d78c8c17ce9d44ac367e6c5c8a4	commit
2970f37c75f4e243b0f05202066105c01e463162	016dd6fb04cb7aec9ed06ec6ad7f7d3f8b6a5762	commit
29783e926c8a1d7ddcae00078754aaa2172c7b1a	0df4434c963a72d6b36f56f6128ae9b6603a245b	commit
297cb51c395a967148c18b7bff368f9963159bf3	c2a9d1b4cf49539dc8d8f906bf7e88a04fcb165d	commit
297fbfcb5f89e06d7c4a6dd27ab20aeeebdf205c	c475fee2304e3c054c20725fcb35e38f2c5c3282	commit
29c3f8e07adb1593c02d198c1fb3bcdb6837b48c	39837428b487ac22af85f8e9025e9cf5c0c4b20d	commit
29cf828cd1c41094ce98fc14eb30d80bb9ba75a6	8cfcd204deac310822e59dfe68e6b6c955fdeb42	commit
2a08692a0f3c4ccbec706d3276014865684d709f	e1e3dc4a75db0e2e38ccda0147626f019cd39a88	commit
2a1fce8b9fc01c3d900d050370e6bfd265cd648d	9e25f3a8184a3c85c424b0288a60e370c4d0539e	commit
2a7f056681029117f8b80c37ef0d069d5630e730	af4caf2b013a11cd77166f5b71af81e9bea4b9ed	commit
2a88d06d1c3d4271841ac1c9e34b2779d0add580	bf8cba20b7c6e951d740ce6988665ba8a7efb7b1	commit
2aaf17ce3843c939976bc1e1120c179e5989414a	c6fc356fe63b8e7f442cecf6117a741bec0874ba	commit
2ab0f041578dc71d521134ae80c0f9c1dd845c24	2bce666f2626a4b9b15acef61193b3f6dc622889	commit
2ac51acc91681355745b442ea049245ba7b3ec90	e23a79451b1502dec90b1db12bf532989e86f866	commit
2acead9a98728e45b7fc4f5c90b79f7b538f0750	0168e14bc1e22890000bb0902068eeb17a7ea3ca	commit
2b0f89f195dabcfe3d03cfc8f54f8f2efdfc926d	be64b43ee25c8a9dc53004a8dd50f335a87db76b	commit
2b1e62ef799fc4aefae8b6be957362a0a7eac600	894b2dbe45c3cd00a65093f65584fcb709d76dd6	commit
2b47ad63d23e34245542ae6a36db85bf573520bd	e85e103d54472e6b450e478d5e06c59856d00c60	commit
2b4ae82e4784a14248c088f059a6d93e77721a32	43d8b641ddf40698e590d17ecd48fcefa9e538dc	commit
2b4f1918d09052a5dedaa5384e986bbc99345719	3028e45b6ef3112b6a553037e7c0563e6412eeb2	commit
2b51463483cd8bbb9db7ffcb6394ad59f117cbe8	519c99ad858c13385559c5c926d416b0365ac8ac	commit
2b6bdb2bc6cde7e9fa9aacd6d4dc9a0d030f173c	041c7e9c7375517f320485cfb46ef8857c89f64a	commit
2b9646f756c4a7226b5aec9a63eb9021840369ae	3c96aa62327389c3c552390f589abace45b1bebc	commit
2c10be375f3be1272b197c1b95b51855a189b25d	11d35dc6a017a53b11070ecc583ad7d1a494cf6c	commit
2c2551203489f92f7c1b362e83af5adb0f4eba53	3eb2e3a398ba517b09e716470de0bfd863da3d02	commit
2c33d71c466dd6f3f291f8d6ff4b2cfa86df51b8	2a1d1c9090a67fa1304667c8739bd736f21eb279	commit
2c375e7287ea8e29b32484bf50c3573ff088f1dd	592e01be81e0d1fc512d7f391945c496241e8b5f	commit
2c3985473bc9ccaeb12a2ce7f0411f378696efd2	5e2454fa50efaf6ba1352ed89f59353ee8181906	commit
2c4f2e0c6e4f51b9bfe20a3bb781a8d2568a72fe	47e482a28346807327f20076fee7427712bd4941	commit
2c70111015dd569a3118b5c7afeced3483f93f62	dc1347b4cfd22f1d5d3d328086a8c1c88c301e8a	commit
2c8a854494be19483a95f3c7e5f3593fa37c72cf	65edf424fc7582a71f1d8f0d1401b707985d45d8	commit
2c95867c0de4592a585543ddfd3b99604609524e	2b861af0d0058ed0e1e71f80fca12e373f7dde4d	commit
2cb701804bf68678ac78ab0014172633d919d01a	f16dc4acd54c4b394b2623785b0d00badce8a1dc	commit
2cde62a5f068ae36f3864c1b3da2145bfe7832e9	a1716223fc07387af1494ada86d1441d2d90135b	commit
2cea6808f1e24036fa11ba855e8ac1f318994564	621e02712ca1ae70ed98e99bdd3924b41ca0ccdd	commit
2cefbbbe13e5ad0c6fdbe41bfbf73ee3cb6d4abf	a38ed15a3c3b9ea0575639ab3ce5c3050bc78078	commit
2cf1eea664a12dc78f65f881ce7d31bdbf33bc9b	c1f5acddc6080fa4a0b7918d18f2d63718a3243f	commit
2d10517db8b1413a1f720cee4c3ff408ee920677	274aea72197103a5061915a347e1da508cd6a934	commit
2d1637bed87d8120633e73328dba00fbb4cc7ff3	5bf394c690670c1ffbea50a9b345de9b9fdc9cdb	commit
2d3e20b1c24de77357819ebd87b5fc9124f0ec75	6c5e0084714a4266049a1bef69d5266021125f87	commit
2d67a23ec17e1a2177b4cf63b274a1fcf94817dd	f1fecb776aa32b586b0d36224fff61bce3a8e404	commit
2d6ed9c6557ac6d11ed1dc3fafd3a5a3e8f9e188	3d732f342a936559f935c286fac0f7b89bf950ef	commit
2d78215f9fcf2c2c2c1c443f310db9222c192263	312aa3895a1c85bbfa54865b502226a65b89c4dc	commit
2d861875c07a87f62117c1af5555b604a827d39c	bdaee39089792341987db5201f05c760c3097695	commit
2dad6aff860ee180e075bd5b92a08419781641fe	8046074f9da1cfc3dcc3289fd241d77a37cc0fa0	commit
2de49f5a67a2c9db2589a6a2140a11aef3bcb4b5	afacf13ba8aed34cff2f399e1ab436eb06733fd8	commit
2de6819ee08dc6680f32742a3773b9e15c8adcd0	a9ee359e911ae112e313e14b2d2ca65b78427fae	commit
2dfed8be4496e01ca7442fc75b8d72d09a62c4ae	be43e4a881475e2a0207781d6c38013904c1fe69	commit
2e1e5564467094d2ac7785e9249140f209c9f6e2	3212a0a71f0dacc9512147ae4c68868068964eae	commit
2e2146a5f846abe38e847ffb9fa083c6e4c697c0	70c80c202d68e4923f8598fd0e246598ed428dda	commit
2e238e64fffeece70594da70a389eaa3643f5064	665241148a92acba25fda8738e85e6b687a1a97c	commit
2e35f17d8cc583e82ed8c29c71bf710851714075	afd9d6066bb14d989a62b22a93c0b1101184f356	commit
2e4d8bcdd2c28aaef287e8cac2c4723d42e823e2	f28a0ac32c3db048d3a54087e0c7a2e3e1902f94	commit
2e9cb4ec2e311973fbc9e094081812d5bd72c1c6	d1a86ed497fee927074d3e0ce906057b81eb5583	commit
2ec9bbc7403594429d5c92a4e6f44c39d5a45e2b	afacb0b7817c6dd109068e6d34da1046ef32708c	commit
2eceeb80f5148eea960842eea7bea9be3d73e48e	745c4f019294eca8a927f451474622c03189a6b9	commit
2ed3700bc367ee104a2b11ca08f532525ae5c5b5	2171763d0175dd5b433858008f26f8b693a11506	commit
2f034ba5dde88401a56ebced7dbdad0be5d9587d	bac59b6f54bb823ca7a108373aaf206638d9f7a7	commit
2f376a2575cdd74071d8979e1ff1c02c43bcebbc	1a9572cf4417ee385e48d4e4571db8c7bafd223d	commit
2f4b84e8dde206c2570ccdc63b50e6867431de21	412f050f58608972b9bd4dae3762b180e291f699	commit
2f4fafa53dd031a87f6849f7c521a76e6fbdf2b1	6db75dd4ad75ab99d21fe829ec9dbc2816a77302	commit
2f809897adb0f3787f3d869393fec86f577390ee	d0a941d2d3f21fb8f9c15ae1a112a3d3a703028e	commit
2fa3dbf6e77ecdf433e90ac1226e2abaf0f7dff5	049ebe47275b458eb9b947e494497eaad08e4c31	commit
2faa3f7d4804fe0d9eebecf97e40a1dcf924b40b	0e1320ff252c446c2c98120244cde588bfd33b89	commit
2fae040d56990f5a66dbe653536317b21d04e8c9	6492f60af44aa7f9944072f039a5dddf9ac631ad	commit
2faefc59a2ed4e61fa8ad008e274ef6128750190	69b1a62450c6255bee2713fd7c2c7dfca58f7b67	commit
2fbfb0b8826fde7c9d6454c278df7c82f10852b4	05628ccba446e2242393511f061291f554cc0c4b	commit
2fec22a13cf49b69b46f18e7c63ae730079e77d6	7b51fda46b926b26d10db06678a40ad160e86005	commit
301981e1178989b62900ff1fc75a8e4bd3df8f57	e211964316a32e2ee97e11a1f212e29cff4efc7e	commit
303a90afc5dd2a1395cad34b3e4c13c06b03ca01	bd52ea4fe46c37e6827a5c8a5b8f3dac65541560	commit
304e9ba35f4a45c72da83530a20573b31e321f87	dfb9af3074dbd1290f6714bbe293da628b9f4b90	commit
30625962be57c0f61cd120cc7ec47e4e7d729da5	cab45cd3e952a1ed3f3a3d2d1a443c019ec7acb4	commit
30754744691ad2f6a59f4d1807598cc7236b5f39	87a04ee2ae889013b5f5d4fe692717ddcde6eb06	commit
3075b7dd0669672018ac23e671d2ebcb4eeb34a8	b515dee4da545f5b132844ff3c4d44681bf0ce2c	commit
30776a6482a83e758d3b851bfccd329e51115db2	80cdcc653ab34e94052096f09c2171e7fa5cc2f9	commit
30937850b1f652dfa0bec3a3507e5dea059b5955	c3ed0b6374d7cfb24321b4d7a72c462250b03bbf	commit
30be75de9c7be2924bf1d527bd0876192221fc8e	bdff1448e34d8fe55ca8bbe630ad5b125975f94a	commit
30d6973b397fae11c6d69ca0e0ce39c13e853f78	67adcb41edc16bd77eb767023d13055e4dd9e796	commit
30d7a38c9792825386c8bf4e66097af27f3faef5	385bdbe938305ba58dda374c4631c7ab52539e43	commit
30d91b6ca3abb1a496934bb767bc4a580e50ddf2	84b5b574fc1654fd0e8c50dcb98c74e857dbc0c5	commit
30db99257e75fb74c42efa5888ed3d4fe22a35e8	8ab8c9fa3edf8c14aef22b9462c213f838a67395	commit
30f1585ee67ec3ce6597af08b6cdbf145db429b7	a2d55d4fb2c042d97f43620b39828b9a48bd3325	commit
30fb610c71ab28e1cbdf9c4cde1c9e822fdfc54b	e3a21119b261b7636077bd882c984367a42bbc5e	commit
310d16c713369e0ad28310b305e0c60987522efd	df4e0cb24e7b4e07bffe426e3409f2bd610f98e8	commit
3120c01299043b2ef4f21fc704b38bdcedc2bda0	ef9dbe5b89a0e3cfe6ca2851ef16c3e224f91eea	commit
312bc4659ffd2236a96bc9006fed62525215f80c	5dc31f66845b689badd798eef324bacda4602cca	commit
31655ee82d793ba73f9fd4121e34331a593c9cd1	771d6bf545ad315645d4c1b9b3a0af577f33c20f	commit
31887e840e5b511b3bfc2e1e6ba4d4c34c7a080b	ba9f98944fefe903d016c4dcc280bea3930ff848	commit
31905d4158998f7beb1e7c91801213bb4d5b48b3	6e8cba16afdec09f0d6921893b2ffc4e5c3a37b4	commit
319264fcc2f6fb87b7167e580a5b06e2c4ea2528	dc479adbf42fb9cea6efffd958b60e3ca7243ad8	commit
31c6d06ff0ce647317cd4a7ba6425047e2ec3f13	45cd461a09285f0488a50e560e5feef1de92c0e5	commit
3213d6d4e894afa433d464feef1e3765aff94760	07e6c6dc198ac7b5cdeb5369237ca2dff49cb092	commit
3231a76282aea20e1fdefc43eaa0044b5678b90c	59ffe3d3f7de611d047db7a475ba2bd7502b948c	commit
3240f83766fff9044a0a12eeb08c03bfdb1ff371	e756369f6e42ac60332cca8ed1540149484df5ea	commit
325f6bae32c858a971d6ccfe056b1309b7353694	60c065348d27ffbc916b4d788fb284df73bb099a	commit
3280534876ac4e21471b81e23e1bcbad3e699d61	cee5620a61967baf5979c936b1791aca2bf8ce83	commit
32c3446e50b04d287d0bf3c49ec9671e5b7b4765	2b1768074f65c03b1f3460760a6f99be9018f16c	commit
32cd967579990c39a7f8a5bc96d7ef80e362b517	861ee2dfdb88a53f87dbb768fa0752822a4c36e6	commit
32db7f0035dd97d03a1d1428a678389ec0d4e0a1	0a5c849f7b8373a32bf8b8b97d5f3f97244686aa	commit
32dd92b73c941684e0ebd22e708827ec64ea24c8	913b2daac12af303caf298ec813fc48a0a3f0524	commit
32ffc71e459ff0ba437f23495782e2593caccc72	d523dadd9ac28c4ade40b7976964938ad7e8d41c	commit
3309c2929d6679ac6527a8de46a8b51a2b30436e	24b584209bc775744fe34c9996ac0027e12e945f	commit
330e15d962cfe3dc1adf5a4b4d3b0400b9c7c9ff	be0b4b828874accfa2b99a94d35fa52bbf40be62	commit
3320be30b2b2573a713970ea8ebbdc03525b1fb0	92883277d27297717ad2fd184da9532a8396656c	commit
335db0a6410ff0649705b8cf02ac70ad1c7ca335	e798e972a181c81fbd86a094dab157dd15d2cd74	commit
339005cbf2087aa65bf595eb9897008596eb6bde	58efb58c30a0762fc737097a178905eba0122798	commit
33b039342f3b8fd36c04dfe85a7e78aad55128c0	1ee1380d405def264d39db392fb11a403d69f6b7	commit
33b7825c46b50f5dba57b2721fbd6036fd9d3cae	417ede5f65b126b73d63b2dbca28b62c601adfe4	commit
33d235afd2ec7953f8fc02c8a6965299a5a838ca	b8017bcc173d86a8131c39497707ab569eadf15d	commit
33d8cae4266f779e25acf83f21301e000f5fdd7b	397ec36100c55d6812dbbc0f7d4b19f08c4a28d9	commit
33da01e5181871ce401846126d53e897d85c7efe	9246bc05dffb72c89b3084de5a85c8b7f031986f	commit
33ea8594feeecf121923a27719e66dcb8a6369ad	773e90fcf4088aaf5acb30619d6c8ddc830afce5	commit
3416fb5d1d0d6e709639a847922f4c9e7deda706	c58717b936e792c644c1e753813e6f3f01febe7e	commit
346575c0b703b4ec99893f2594cab66b6bde6d36	5c6c4b0ca8c2c87402301b209b529f689815e5e3	commit
346fd52b55eda7030b2d7584429bd5a88e4b2639	61dd777a0e4a74e138503086310c6b34748dea23	commit
348f55c71002aa6431a6faf3c09b261528386c29	f504b5397aa8fbd71fed09dc33349d7e0134fedb	commit
34b775304f60d31176ad7528b4bacddc87d21f75	9cb9a15f6e21528d7db61507d8f4eabb62bf460e	commit
34fc9984a91f78c6a3ae2a979c427a12ab910bf7	285a94f65341d2b62242fea295c7261bd37d7520	commit
35376741206648bd5a867e6d4a73c5a864e8368d	56ca52d4b66fd83538d41f3f17698c2c3cf2fe31	commit
3571c0863cd5d9d38915ef75430a159f9a6dffd3	48ed06f50cbf6c582b8849020dee97281d25f673	commit
3576458027ae9d98c81cebafb8c32434641e9072	ce2e5b96f2fbf4794b1c4ea6d7531231533ed3f3	commit
3579aa3b56547e675c716cc83c788fec98db91e7	1e6bcb5a4eff0856e9b9f62525ff0b48d305fbf6	commit
357b3ba617beab5610892936ca408d74a753460d	70ebc23e248d548cebbc102d7c57593416e914d6	commit
359ab3e7432b6329b4225881c9a9f93b62ca22c8	b0bac6cd2486e45381b9ee2a90b2987a6ec6bcb0	commit
35a21f5aa7e85f9c79dc7012e95763786df3ae06	ef1087029c291827d717fc98b9c214d34e8fc743	commit
35abb73c37083208a3ea323ab406020aba71db36	481510238dfd90ccb241110b46d18d143bc2ad1b	commit
35b8397b2e7dfbd2ef2b32052fc7b24b1f636579	2926119373f4d9fad5e0325ea1685a3011d50754	commit
35b8874a081f72c0c5d4081bc6a9adb525ca1980	fbbdd7fe3be93a26fc8b758316deb67effff98b3	commit
35e958dc62ef4099a4ad35ef93e96cb656cf3090	e712f0fb7c909ade0effe988b787f3e82e2217a7	commit
35f2c29779d7d9a3e6326cb5e4e8e6ed5b6fcfdf	1a79509fe9a32eabc4ca89cf7bf78e854ecfa9b5	commit
36377530431b6c75f175b50b07e297876f15620e	5492eb006cfa183b6f9f59f24596ca925d2d5c29	commit
366e2341d160e860b5cc39a7f61a7af4def1c6ae	f48175425ba6787b0490794b9664f1133b41e6d1	commit
367e8d61909d43fe9d9971d935bb632c26538e64	c9553044d74584e28c53aada7d425af9ca20c71f	commit
3683338b7aba81967ac0404430b8d34257423c32	1160db67799b8f74c1eeaaa2c53f0020db12bd21	commit
36fab3390431230721bc76f3af5532c426242553	1b2a3b23a4e8d9e987c8099aafe1a23ee81a92e5	commit
370d5f9b150db92c12b5e5cad6ab295f4cb5480e	2211c936a1a3f9a5b7d277310550ae066c1e74c1	commit
374e719dc6ec9fe16230c87e338b39b1e8f60137	03ce11815a16db62353965d3a1d2612dc348a923	commit
3770e8f2e3ec14e347cf0ba600531b2845f3bbc0	445369e3ea0b8aaccf9783850f45e4de2c4bf73d	commit
37995f2df2c43a180f08444e3a2f79182ecdba5c	8394da1d54a559a3db27dec83d682fbb03ca15a0	commit
37a065a70abad54abebf7e3cccb545e24e77f693	0c0df6948a51a5d32afdb9156f15db9d0cdfb78a	commit
37a62e67dc76afa485dc488692402521fe739f08	7cd86c4ce1cc710b2693470d4784fd52559b7035	commit
37e028fcc44b3bd0f12667b43d3c9b6b8bddabde	ba911d93f49c2d96128266aa56ccb1a00600d0f7	commit
38227505a3d951488b0032f3be1a7aa9fab0062a	af7be89a646aa8c8bae91707af7c221271764776	commit
385a2fbe75864b5077d86edb62deef8a113ae0d4	89461b70f75f1b874cd7bf98d2f03e346e945135	commit
386d9283f34c968f3ed7b5e5da8835d4137bdf1b	e25ad5bde2cbd20bb97583c381d797aeeb26d083	commit
3886cdfbd8f3cd396e50c714bb250fc1121983ec	36ba6dffc6159ed1e90c9516793ed2f36935e90d	commit
3899e84a5d2b9c140b23af962f61131c3bb9841a	855925f2a7d46e15bc083eb03cc712bd8b37351f	commit
38a0108674098916be64c4d83267aae169f2516a	273df9017e152540be9a7df0957743c61b4e6640	commit
38b4320b609067457dbd75475a3c9a5ef0aa9ecb	9ceeab8b239964d49c929a217d9db7bd0f7f487c	commit
38e2fdc5005762b995d2e00a42db1ec7724153e6	4fe3b60995777cf828b43082ed97522ee455061e	commit
38e2fec4a55f146ad3c08f03519c276a1fa09da3	b6b9701b079e14c5ac15d4c83f9b2416f2c199d5	commit
3902256553743d27b2d9184741b5c89adb9a6841	0800ad1666c13135881d16ec702d471ff059b656	commit
390822a8dcab0a45c90a25b4c294632fa173985c	ed18f1c28951b8a6962590b6b2d9a123acfffddf	commit
390d653a14899a6ee603422bfa5296d4d5c40d6e	e07d3c8490906bbc0d4284f044d869703a1bc142	commit
39573427e52092ffca5d7fd1537103f4b2b3db8d	530cbbdf495a872af4dedc6b7fab584bc24a5270	commit
397a3ba9b1c8195d8bd8ebd2888a8443912f6a0b	2b7bdba8d763639389a16fe86b70d182a36eaa68	commit
399b91fb6f13583f53314303e2c4010baa0dcfbc	a7bd82c8222b645d5ac06d3cd5cb453c13a5765b	commit
39a366c8b22241fa9eb21f02dcfd4f69f932392f	155c8ce4bd565023326dc76f2cdbc1f14f74cdbc	commit
39a49741591153c3283e575e2da4397b98884fb2	efaaa90d0b94a22a6cabb6e64ffc72e3d8251fc5	commit
39dd129eba8b124e6e12e7df4bb407f00559b4d6	c8b7fae06013d2543da69cee4aacfbdddba3550a	commit
3a3a8e6d35b9f4c579ab601658ce3463a277d671	a7b85047ef4f5d49a77ff2bd01b6dda5014c09b1	commit
3a454c5e270e18d174d2bfd7e73c45197285d771	528018f8a4d29f5289dcbb4cb49237dbb4a3375f	commit
3a5cc3f72681f08cf37180b60529cd2be6922a7b	3d67bfcac01769d3cc37e2e8992e2000016e6eec	commit
3a75313cb81feb34dc6eaabab09ecbe4a4e1e09a	1a48dc4e8799e828cb60ea31351e029320221e95	commit
3a897bff360b47be705b36648764a7f8dad1f843	ba7e03de11a20ca9731aece60f45aae486363843	commit
3a8d1070fedf7ded9d2d6550941f2f313a6097fe	c96f534cfc007df0b2235e47e0c5fb4979e19858	commit
3a9d286b384f0fc7de5ac52607d4cd9568d2c178	d4a751ed29fcc86d0598698a241974371005614a	commit
3acd3e2d4f3ead029a385425689f29824fa7cd22	5fb2cc522c92bd61d4d0e051e161372231405c08	commit
3ae35b3c065ef057bf13856a3ec103a721fc8bc4	a61ec99ea9020661f84952506676929ffe947872	commit
3afd776141405a17a87f96538be48a1ea14cc015	0ebbc3db616d1382d5a9b33635e68eb380861e35	commit
3b0d06c356544477c692705dd66565fb98b97c7f	4d045f879e402209d5c341e561b24e67399fe64f	commit
3b37b8fab98380aa6ccfa4e95314172819d8c61a	6059962981c5704dadfa3fb1b731f8e0fb8dfcc6	commit
3b3d6dcc222e25232b54ef2d83fa594c3e9ae7c6	5f4ea754a10e12faeb5dd6e9ace33f4b1029a35c	commit
3b3f779cc0fb4825efd0ed63bf17368130f1ac5a	7f5d65cc4f39ba962c804520c7e7f185b19a00ef	commit
3b411b384f0505a5f873452874873794a159152a	47d02adfaffb61539320bb7855df37b1b669bd00	commit
3b5e5bfe7188b3806135eabe5abdd0c1c6e88655	03d106b750c28aa08065fe4d24236fd2a21d42df	commit
3b600730c53c3d73f3b4491d634adae1a0fcf55b	3ed6ff5e9b71e87771fe6fe444523423a947521d	commit
3b60309a3cdc39aab5e2bf0f53dd557b48f67827	264e6030994aaede0c2e7ca0cd663366e2d28fc8	commit
3bdbf649361b5392f39acf88cc92b5dcd89360e2	fc91c3a80a2ac4f25ec0d9b72fd3e54de5fbe07f	commit
3bf0735bfb27afadd72d42a151399b20833242bc	2c58abe2a3ab5c57e2806af87c2918d755d0e7eb	commit
3c906baeb8e45b20fa7251c55f484669656cecfe	4d179a4fc3a33831afd6750ba53bf1fb319ad4ee	commit
3c9598b325af7b4a2a475c3b4c912da9b86d0ff3	ce2393c966f2233ab102918f8847a1afcf846bc6	commit
3c95e961e916dd075abc6fd0f04d9ddaf6048572	cbfd7ae5b2c380622d8410a6c1f847be3b01ddac	commit
3c9abbd143fbcaa8231b22d59b5b27c02a941fcc	34e74c579fc984f41d77252b18ad591dc750e17d	commit
3ccca0537c497657969b25b2c62b4fb256a9f4e7	33bab9a188cd33a8d3fa0f4e78a28685385f77a3	commit
3cde8b3a63cf3ffabe863a61bb57a4b2a66906c8	bb422eb887a4d3a4b918deb614b1b365d0aa1d9a	commit
3d4d6845e2ff62006c8fff6a538abe65b608a981	11238a7f6f6183edaaf4b9d08ecc7962fb01ad24	commit
3d7c24365331cb4c94478be0c29f6f7b1aee1b00	2d10d6004e9e9dfd4d7d3afac8e2e2974a321ed9	commit
3d830fba7bd43f028672fc233af6c41cf944b64c	54805c86f18834380fc4261f24e65359212fc7cf	commit
3da27514c8d9af19ab990e7dcd1f4d53de2b8285	b3e9f6b344324a20dbedb54c32b502cf7e711c19	commit
3dda10bd91d1a269ce1ba6bce07e64b2499328b0	e38a019ee88bd02184338d16ab55bbb8d81ef2f6	commit
3dea5f73a4b877d7091624e38cbe351e83b9771f	664d043168f3a58641947669882616f9fe886ccd	commit
3dfdf43a137336c4ba201109c82c53c34cae2d6b	d02d1bae21d38d5bca1fd1998ebcf3d0bcc64be6	commit
3dfe3a349363e546ddd67ee0ab4a7db8f9923842	114c9e98c7ded43ac7f26aaaad3476fde710e5f8	commit
3e26d49d3b0eb2ed0469bfe9544152ebf7351f73	35cd4d771e1cd4c1b242d32bc19b309adb929c47	commit
3e2b0f70b7e96370505f6d41afed894db27643b1	ef81fef942f245b011b9d73e0022cac3dab35e41	commit
3e5a5cf2de5cc351fcbd99980c30b7e39a9f780b	284f53ced36adbc66aa43a20831a6a94477db26c	commit
3e67a95a5a2f5fd981632a04f48a5373d10ec465	85c5e504982e3a66fe798d1d659f7e985db4ed77	commit
3e75561b50b620d5c61ee8e51a1955dc3738bd87	a0ca06893f9b93ff8ec067e2f208dbec433480ff	commit
3e7574ebf39ef41e24ebef10ac516be853c9e825	7ce7c58ba282bbda2fcd13480f880900fecd8328	commit
3e7e10052430f24ec0a0b186b2ff9c138aba2c7d	d0c7778e63bd7fbcfa8b72c3dce2da29bf2c2b13	commit
3ed77e633d28e640eb51ee395d5730c760b7844f	e2708a2a93a4115a3fcb2ee73683a166c812c203	commit
3f387371f28faf09bdf3bbd3d3770b86f5382843	c9ffaf24dfe748abc9b74a9a82167d73ada656db	commit
3f40b66740f85e17d0f443d44602e547fbdb94c5	7ca1fc8bf389dbc8b3c8d2b589af19b4544bd303	commit
3f470ed3de693c319ed4053e50b06454bebc15b3	5ff59b7dad8967660ce4d2c98067e9f14534a4a0	commit
3fb04826baaa559914514754444fdb268a7636d4	8354961c896fe28ca5fff525ef8bbb137b80ea2d	commit
3fb81abc541d7104e8002a5f96177ac763639a5b	2d45404101dea758720220abe1579c21ed4ebd7c	commit
3fc55738b91679ffd71da2fd906639a95cba294b	d921e2126e977d1fef75a281c5e056af6f69f2ce	commit
3ff243ef7fb3033f76e7135b6571cb0b7860490f	e624fd9b3273518da2141d35bf878bf7fc9051f0	commit
401a4a8078db9b39dca61739e77218d191109c18	5a96203ecac16e68d7cad6e8879d8a1cc2efb68c	commit
40538662998d88f37d53bf403206fc114e845c7e	f82e0c2084dc70bf1dcfb5abb955df84f609e3c7	commit
405fbd9b0dae79ad4a915554192f152be1b89d4b	b79ce4410310ffd8cadfc0998e8c0d0def3b68da	commit
40779ba514f64ecc1c5acb3ad74d9378b163e031	bf5a816492c83ae6fbcfaa735657ed507e629c15	commit
40d8fce30f4ddedb086c717d34c23467292146a0	0f5ad7b683a0c5942949befeb2c603d23c08acaf	commit
411309c9cb2e5f3333d73f672ff4c4b960357b4e	c13d93dbeda952f980ad7b5944fcaee93e98e34b	commit
4125652e1fab5b1fbba206d5e6d9423580423d9a	970e15a33d095c40d54a40bb617da58b557c1005	commit
412e861a8076855fe0e1c46165806e7ea75865ba	c5d3038cd87aef81da2f68e4ebe7727cbc470b7b	commit
412ece10de1a1fff37cbe24de8d22df5414f0be4	a4e7fdfad9a9f758f814a3e494d44e0c4151ef24	commit
4137abe7da27484f88cae39882b334036d21f851	59d070abf0bb71b17f3dd6604c20ccd3a73be828	commit
417f6ffcf28a83622fa3bb9c8af7a1cb7555cbac	87daa2ea635b6605971ba6fcc2fcf835c024bdc8	commit
41a5240e50644018535296f0e99b1c8c137afcac	c65a6691bf045043ebaf1885f1d7e55d41b9f7ad	commit
41cb619a1fa3f3c69f8b38cafac0ccc82ef94b8c	a740b76b05e809d0be24281f81eddb261f510e44	commit
41cd881c71e7cb0a8a195f90d89242ba6b566f9a	fd05e6f372a65f96df574cebf9d720922b75e935	commit
42787b13051b424584d1029d87a426766601e2c2	9ba4788ad0ea5331ba050c9fa004b7aae83468ec	commit
42a52f1b7c4840599739bcdd4c6493f2bbcc1e76	b9d4d2893a59d5dc46ca227f03810ef9690c5074	commit
42b775947a0fe590b2bfa7a0286045afea90dc3a	133f5cf800100ce4e527882cfad3129ee7d803f3	commit
42b80fae8b966970cb0317f784ce8e5d2fc1b111	4bb80ece51a4bd3670d971fc11523f50ee434d60	commit
42ca1a8e82d5b82c35cfbf8a7313cd0d41ea0e18	1bea08c966236cadb790d50d0ee52b7eecc46579	commit
42e2d3a1d35af62fe0e4e13e286db6dbb7b8edeb	1bbe13879f50621c6c060b86e771ff6f7833ba0b	commit
42f9cc97a87cbbec3763fc0ab7975b6b86871cf1	d516b751a08aa89c4c328e3d02df9447391f7190	commit
430d03f478d1bbedcd7e2083520630a519e69713	7c1ac7def007d22ad95d0924b457e2c0a7cec289	commit
432daa0dd5102625eb697e6d09443c611aa42300	af5b3fd3e2c68fa6ae117e4691583adba5da4c0a	commit
434422411d301ae0dbde13891190baae1c9ddf69	a5dcd6a0a928019bb1e1e234c55695f652d59f43	commit
4363e230c794f810b59de2329af2a3b68e8edcb7	00d8c51007ec9f0ea033a360bfd81461b64c88a6	commit
4373e232dee48944c4ec81d3c89881bf50bb567c	eae47b9b141e59fa2ffef5e4c6b99d1fe61f5eef	commit
438b971d61e5b392660fe4267b9eeae39d7af6bb	d150681b22fb629dbcd66bf605931da4c20b7556	commit
43a72d1fe9b3c8ced5e04cd87dd1f3b6672ab3cd	0d0011ca55ad11ee9690455d0ace1a5f538f82a9	commit
43bb305efa8a1fd7e10ca6dbc38ee7b33bb273b1	e9eaaa8e361da121a5b385ff81836be38fe6153b	commit
43d0466218c2cf64af905ac47b46cdea7f02de56	3cfe196953a854d795bdaaa5e05e01dc02b4230b	commit
43daad95d4b3da49792fcfcc7ac7444fa5b04c40	9e066967f59d5f9c456895cfaa30f458b5788995	commit
43dbef63900ecedb04fcdaeb372a47c09c08293c	298e8b331dac0ecb7e90cc70c6dc3f5fa6cd4a65	commit
43e43fcbd7cf66ccd2be20e7a844e2554b8a7d52	074f288b7558cec0e21f1740e1d3c05d92428d84	commit
43f77cf1f34c87a5d5caba5aa85ecc4939c9cbd2	12d2719aaac9e38d824f8f4188e09673cbce98f8	commit
4418040beea48cddb483fe41a364914b47cd5a0c	600973c8ffa3ca529b1cf31f71b418eeb69f5b6b	commit
442d5267d9fdae730401b5dea64be6c677b42b68	9086c8daa7fe7182454de5ab96219091abf7329c	commit
44558b48c782f1ebe85c76314702c43bf2b1c557	748b562a87ba70dad04bd43e1f6681c1686b0690	commit
4474e5b4ddcd67df432608d7ce2135844794a688	f6c1fc6248c5085b07d3eecaa0b26529d4431d3f	commit
44858927fc5e9798055c9e115c38fdf0978f34a1	feb64000a0ac21fe3cee83b25f10b017f2c14f61	commit
44867dae9a6b2e3a7e5a46d938727b39ed96effb	f477c55e87d0a4cc11cbca73c18a7eda2887e8cf	commit
44e20ef168336a1e98ee86dd8e143c3d43ad60d9	f8da96df121ef924d8aee3e13c1530849dececfb	commit
44f1a93f10e3eeffda98363be97f98c0800d8b79	80a4026ab4e893db7dd61445a74eb61edf7589fd	commit
45148b29ec06b6a2373d94f4d9e515c4fea9a5a8	e493c5f81f45fea079d3720d057d1f32f4075133	commit
451511cb727dce186127371e2b1f9cc12fd92214	1b4f2c8411f4711efb880e38bdfcf230b12c87f3	commit
4569ab37fa843f37282fc12ded451174e0e2386a	d0da5c6774372bae7845cc99859e929d4f5a422a	commit
458cd699497bb17c07858b2b31ae2790668bb7bc	e0e72cbdad4ec5e50af23f1d8b92a4677f8aefda	commit
458e573e2c3b056aa7d067a97d9c581cfcaac064	b67d491f3784e2286f7a07b17e2b531aee4dbb9e	commit
45a95343a290e7ee29060dd49ad19beb1bbe35f7	b9f00dedd1a8a5c5b90a32ac3a38b48f3b7924d7	commit
45d820245a6e49745d3b43c8057f4a88021f8fb2	509216c2d202a682573e5283f87cb35e30ca4a75	commit
45f53c1724b2a8b3a8d71cc355cbd898445c53a8	a89ece224dd52f551f8039f709b2f19dd954b111	commit
4612a632448f6e14187c9d0e0fe86ec5494b30bb	4ec67a5eaa94d34d3aafb8e41243e7f37eefb05c	commit
462884a60e228bc6c59ea0c957c79a133e7ab6b3	7b44aecb212473bec74dad7ccc2c8d41884796c0	commit
4628d96728afcb348d9df51a28b2120ce1ab4ae1	e8ce80db0b40522182f0f4d010dba6687a03b065	commit
463bf1e4d77e02942ad26b7436286782be368f2a	a2413bd9d97e711d0d0cdbe8f363ced08402cc53	commit
4645e502403da585dba8536b1b09e5e7a28f356e	fc83b33cfddb2c82a7f2fac4806822e4a9aef861	commit
4648b65d6e83805b43470bb16494d751725737ee	372f9a819011842d5c76a42dcacac24f72847a05	commit
46764e90e8e51c5993dfda5da17e8f71c57d018a	5a3ce6dfdf5e777ba866765873d36f3993a95fb2	commit
467a95f3f164cd2fdeb24bfd907888bde5e50cb7	eee74ffa4a77aa9f420713a134987e4a461badf9	commit
467b70adb90b0572dea111f7d3a57b3e4808ef4c	c275ee4ebabb0a3e870a030c58382de707db37a7	commit
469e11bcc561fc71df5617857758ba41052b97d9	f490b5dc19bc30e9f747089ce60c29aac83616fb	commit
46a6390c6c014d4ad06b7c4103f1d40e8fa4e245	14e49683a2ebbe66d539533f0c25c0555ab18407	commit
46badbc6363ad29c017f15d88fff62b9f18abc2c	be4464239e18a65ea477b1205bb2219b483ab1c9	commit
46cc486d820049a2e072a60497c484e7105c26f5	263539f96113a4c6943264880af83976891ebfe8	commit
46d20659e95a143f3d129a94dd6f9877e342d932	f18da3ac23092c20a278665c38290cb18f4602da	commit
46dd16327c4a3ff06c3267ccc45656d13fdf2243	29ee0f7158c34336455487ce026ce100503e8c6a	commit
46e13997c397846df7e09d784f2397321136e568	3d996c6e78d9ea800d06f76f9117a43991c2c8e8	commit
46e8299b36bf91cc90849f715c01e8b597f47e54	f3585a1807e3941df89447d34ef72642b3c79389	commit
46fb9a5af2c0d1358d50c5b76b95008bab86f2a2	a7bc8402139e2d2d69f9778c37e7763cb8acc921	commit
4761329ccd9640c20a37d7f651d9a317b88ac2fb	c43207edd2f32da756bee70b9fd792b71baf92e6	commit
47797e04b5adcc3a6679ce5e91d2936566a6847a	60fdbd409a8175f56141384f0a6a1785eb34c3e1	commit
478d5cd96dc84ce902b9cd1e4cf33a1ee0e83377	ece73775d31e33b0d815eaf8823df5f46a962e7c	commit
479b44e5c937e967e58362e2aa3bd741872fd299	9f26e6a963fec66fe1a89aaaa1971120b4d77db3	commit
47b7a05585744b0a69472c0c3b597cbd5e1887f4	acb316039215e5024af0737e88fb3f3186a97977	commit
47b935b33a38be76e86d4d3d77aeed85b7455f8b	2054da27c18fed1782408b8b8b09c09439643c39	commit
47e6fafc75554a406b1099b6041a04813bdec5f6	60749e049f4debfd9128c76f381b01fc8eb33f7f	commit
47fe5f89107e77d7f2fb31851f84ba14e5738636	b4e34cc0f5503c30d8f17ecd91788fe351378d5d	commit
4807384e0dcc36e3499ce6312678e4def6feba0f	20cd16a595dc7c4e09b5c8c03a4a056b28fe3bc2	commit
480e18bd966ada27842ac5478cf4e9b32a5ae5e3	30bddfe8ce39d08f0fc151744249740df4e2a58c	commit
4813f7a2e7b71cafb2f7432c87453c828f6005b4	acb1f37a201a1d748d13cb64f26b1e2eb1f50618	commit
483f6f602fb3b9becaa1af9842da3f634f555c04	2f76bdc89f0787924264d3b2e4d5091a25569aff	commit
4854560427b3bcc7e6853214ef169501f2e8992e	2a9e3f246b37767d5b938649e535815b79f6f430	commit
48904a9b641c4b42596412b6caa697299568f4fb	54df9ab33c0f78c26ea2be08f7123eb8951da8df	commit
48a34dfaeca043df1e8a7f1f9c4cd365e64e891d	8d4fd181ff4715e742b6a1769b920a063b76e9da	commit
48ad23deb3483e7dd001f928663b150b69565db6	ad53604361e5b0ac1c4833ac0b8fde46901396b6	commit
48b44eedd6670471d8e008a152b629111120b616	87b6d17612a4bbc0c99a058be5b9a35f2f4a60ff	commit
48cb4f7ed6bae013405f83d32821f4e6002293af	dddf3d38a072c11f68e3821570421d0f03a61cf4	commit
48fd0b592cbb84091152e8cfad01f6d1eeaaa729	a1c887c73897eca0039bed68acd0366b183ccaac	commit
49138846465661da9a92eb7dcdbf5db6598a291b	56281255d3d5e191b385d4f6cd09277c79ee31a8	commit
4924f9d4e716c4b7e9b39d5f9b792ff8914bb054	7d2ff308107a532d26e770b2c7ab4e31a0a10e76	commit
4969adda567d0d9431634132aed95cfc20cea4c5	d5ebbfc758631aaf904bc21123be41c6616061ce	commit
496a9ae1c593c5ebd5b65a5b6d9afe443eca69f7	589dbb69147686b2a42547481721d68ac1878b41	commit
4971cb6c69665e2220e406acd04dd05b0204cee7	721ff54ac89e5c33a8a37a06ee18adf7eb1443b9	commit
4981b33c94f6606ddf01c189e7c9c346f0157764	3f496cf8b1616aa0cc141be822ee630dc23567a6	commit
498baa7b32944566d6ab91bbab8cfefdc94d82e3	fb9c9b1db01555dd0c967020e1d1f0da12ab7044	commit
49a544776358d5b6482ae01f2779b2343564e8df	7462e06dbe9b58306a0cc96bed04c7a8047af20d	commit
49a8e17bc3ff9be2cac1fd0c052f6b1a01c14423	7484cc68ac9b38769d4f63f48ecd3061af5065b7	commit
49acf5f3b3362b2a4699aa9f8a2ef7ccf1d575cf	fcac79a1a24eb86292f2e427f7053f02ad14dc8a	commit
49eb5cbab3fc4d87132ba819bc391eb96c690e88	00c2cc48bf135b2e954f0b9a0067a8bea84a8f46	commit
4a09a69276728f8297ad834407b11768641eea14	cd554a9b8f6ae9bafc0a6e65c5218d6b2e655536	commit
4a151f86d194843daea68d5f54f0cfe3cf536d55	ec1ac35adb013ea2644744bf93b8827a75e1b4f4	commit
4a2a4194fc6889fa21bd7c0de57d4565951488cf	f6086534f1452e169473d0d67028fae53d09e1f9	commit
4a2f967cff4baa7615c25301a7e98ca4cae702ae	d0bfbe3d19aae7be01f90a6611476ac57556d47c	commit
4a35feaa4dcd05ebec6d7d67092d190e34e72360	88dd7f09b53d3f8b9743e6ad81a6f2130ab2c24f	commit
4a5a76df49feb3ffe66c1e4f3baa9319f7da34e2	daf84d9081e84e7e2037158a91af3e06afdade62	commit
4a5e9c26d76877cbbd64627008949c87b928df7a	b411e9f38c9626224ad51fcb90c6d4ab6c796318	commit
4a66b3fb371aa75a2b06a23525a581f2cce47627	7789234e083ef0a14c28659da597ce834c3c556b	commit
4a732d28cb804e526202235c22e335f0d6ae6f31	49affbab7cff9c46a50ea5528f04f6435378c731	commit
4a8702f43d57be6349f955a4abda3e1b60a24182	b6013ca06aa6bd15ca2d804db2836da6104555ee	commit
4abc6eb098934b0988c90234aa706ec4d6d4924b	4ecd5e1d312d25af92db2d9e030d7bfa1810130a	commit
4ad580ee3408b3bc55bea8d61f187bbdd5031b2f	5feb8ee5360060fe705cfaca45a6e8e936a45a87	commit
4af364f3a94bedd0aa8c113a8e7c4c16f2e9d0f6	94644f1638d6b3ffb9c8de00371918483f1b7078	commit
4af5d36e20ff30068ed5b160b87af665e40fd323	3184c16e256d79d2b602da34a0b0ad38bb8012bd	commit
4afd48f05a6c91c94cd796fbf191ac0dfc4f66f3	1d21cf66a8e6e3475cca9474b8402ca887056fd1	commit
4b09cdd2625bebe2279e371f4d2a5c66d53ec458	015a332a79d2dc9ac9a1745c3bf8f8a531517d31	commit
4b38a75ce5beaffbd608d3403e2f2b2f18c54fa7	1880319722c53a9a4ee0ff82f077597fbd603456	commit
4b49ee90f180da42012366a1e2c46338e6a1d3d4	79170125214b7dcec4c4a183981eff1525aa4554	commit
4b4dbe9d7700bcc4f25ee8aa2000f61e5b22a512	524d4dde5085cd2170eafaf6cb716b81e944608e	commit
4b65e7343828ca3f7d70a027c88f6667af07918a	4b1b52a0890e73518309495807255e91ac783f83	commit
4b8acb5c745f825fadd506e4439f244b113d88f7	d3c20cca94a025aac9ce7b7327b2f49bd87975cc	commit
4bcf1f748f3297e63a467e4629172675ff5e0bb3	a6177705cce124fd238bb20ed99105f8da122a39	commit
4bd18094473cee45c43f0588a29a1f82b4b1a296	518e6f4dd60efd3a2ba556b210ac729d4238a27a	commit
4bfc1228e688dfdc6fc10301437f2bac7fe2f410	b745ca5a0599740cfa6c968dc5c68aa485c603b3	commit
4c00330871ec46e4ec61460d7e7b436614eba506	38910450876b124735cbdf7388bb1b33f5b618e6	commit
4c5174def610a8294d1a9dfba5639a94012b1ac5	05bf489b92ddbfc589dc22ff1ca672c2e7559ba7	commit
4c521d230144706f7c382740cbcb87e06c467eb0	cf764ae2d0da8074cd83a08f28bcdb9b6bb2041f	commit
4c5ebd027ea98d8c6048438f447e52870523962a	e6d97d8d16f7d9043da1cbc31a1b92f19d5ce33f	commit
4c7116fb74df69c6b356f9021ebc97edc58f8c38	6e5792c9d19f7ee2c0d9e279ca1490c1c5030b5e	commit
4c9cc658337cbb4fe5150ada9a239e7128d36589	de01ba9c0c6d1e7922c1e8fcb1959a26f869d131	commit
4ca5c34e2b79a95fad441e5376da01ad1432d589	90b7032bb79d06d7c1f37b1456ada29321ab8bd1	commit
4cbae342036bb86e67ddab95586bd7af00a4e285	0c320200fccfd39d468d3ca47f5ace164ee2f6d8	commit
4cc94b46b4c1df8aab66c96d39888f3b93567f86	c76cc6414e6bf78f9f4d946ca9349ac5eb966525	commit
4ccef791928489cef38e8f697da8c0f770807d4c	6a136ba1238de4ae91b35a1ab207f5989e0e06b5	commit
4cd3b96a4bcd9eb314a82296d1fc52e4c26414a5	673e5910a4caa865c863f51829b47f3cf96e0675	commit
4ce44286f45d9aed2558ffbba8026e533d4c02cd	cb377204ad95296a938c54d34bde822d64b1240c	commit
4cf851691ca59fead1732c82cbea09d9bd450cd7	37eafedd922e73f2b72ee4cc4864df76fc73ee7c	commit
4d1de64dc19bca6b24cc79dd83419ea224ba2aeb	75047a5fcc086f0a268331f7017d2ad2fe97b2b1	commit
4d51d3b4eb8a5633a9689d4a4d4de68fc541192a	87f03838c821b13c65f5cb52bad22a079a50de3e	commit
4d536ca524a23b36edcc9e3064c2ed78675375ac	614987d009c4f1e628762f3cd035ac1fad1481d7	commit
4d7db513b1d7f2ee069d0d24c2940a8507facef9	c7ab608efacf462c1477e95684d9917a32625afe	commit
4d9de661962aec31784236ee32c96a9212e048a8	9294d2b79696b0adb03a5ebb83aaf89d253f2cf6	commit
4db06b0d8863c039be34b92ebadff7a9a1b349bf	4cb26f3d43eab1ec358485de3fbd7d345cd936dd	commit
4dbd3111b790497cc6402bae2a4935f050b1e8b5	b3b6debd1f0eb841b773fcf27bbfa8b2dd20830f	commit
4dd8a0767e61436de4be9027e510c0bcc24ba0b3	b6e3dc13cf85b6d7d5ec3a6e8e65ea5dbea2a20e	commit
4ddb1bd59d0fb621deb8007902116d1d6371ad42	fa8296c4c96a21de0c998a88039395cf8017641e	commit
4e0db56dc45a5efac38ebd3706ad3c505e710e05	fc7cb041105bcfb75f24f12d1018c1c44ee5207e	commit
4e4cb568a9ca542eaca8a2a2b13890bf65fd7abb	21cb76d02b7e1a868c379a81ec3ac1649a9678e3	commit
4e6d59b62ebb15096e18b48721c340b7ca0ec6e4	ee35bd2d40800bc77d971f855e716cb250d94f1d	commit
4ea354662d5048d5c13cd69ea37c35870aa03018	f545b943a46bad9f8bf0c26a8e893dd89fbc81db	commit
4eb8844497def0a885f4f832a0a825d29acd7b65	c2f473af1ab279b914c354c740825e827a43fdde	commit
4ebecdc958d49f0962bc2e9a4a00ba9647895a1e	eefb6e29378c0e7ee1b9dbc68a751e10ced66ed6	commit
4ec16b9629aef6312efd87bfdc3324c332d006f9	623e5ac7723c0d7ae4ea5b72daa38f8596dca2d7	commit
4ec41a54b62cdcaf2de95d5e6d4490cf0f94c8b9	a8ea700913fb42f9b2f3bc264112817c909eba13	commit
4ecf35e0c5b9d1e4fea6dbd8e7f84e7579e859d0	c0e2d3b78b4cf58742de8e6f25e5302415f10697	commit
4edc16d6fa8d9bdbb78067161541723fcac6f499	7e14de9e2e7d3eec4604f62e0605afc28194bc35	commit
4ee4036710e11278cd13ee98e059e10bb072dd8b	06a9005f36c8f236b04484948a9d65d1df4d498d	commit
4f08ae6ea493abeffd5034d3b534a28c46af98b8	d3b79e9ca53da79242460ceddeb933fc8a97924e	commit
4f1e9a2b728446d0cd2d88b67adf87af5b391556	56f83e81250a6ec212d1d2b1a2c1b94d05197dfc	commit
4f3cd3000edb0f3129d20c20f89d32544213ce61	5594653301f5bc1dcd90a3d1041c724f96654279	commit
4f3e62f6c05808cbb9a283a4474c83f10f19a5d5	7585ad6902132d7cf3510f6c07d55b4659efd823	commit
4f9ec1b765a93a3a7b6d0c9da01dffcdab39db24	0e02191e6e9455f02013a23a5bd7da34a96dfdc9	commit
4fa921d8ec570eb880781e06622b2befbf116a91	81f89dd4d665079f0e23594b6492d2c156b0598e	commit
4fb9171f3c023c3552d906b134795bbbf75a5d60	f6507b99f8201ec2d99cc33db6296780ce87415b	commit
501a208b1c033b3a8b349ca151c167a800ca41c3	b503d5a3000acdfef6d853e598084537b73fbe3c	commit
5068b089c3f50c1b51e1147a16291a6b2fc572c9	20acc20607ba13b4b4ff93122e943c4d47ffae49	commit
50963bcb8e5b5644ab4de3e982f35b5822992ae8	892efd222e4b4423c98bb188404d7c241f271547	commit
50edddd46004104bf92e414f688d3276a00cd0f0	7061ad71f11ff7565e6781b08ccc34478850eed8	commit
5110ee063551ece20dfb936cb6c66a2a1ea9f6cf	765c0659c830ce46f2d76f325b9752ca5a280fe1	commit
514c2fe7450208945e8f60de9cc91b4a57043c5b	c3f4bc539c27cb97124cdc2e841e9b81eeb5ada6	commit
5177e1b1eda12407db646cc134ef0be8f0b6f8b1	cf020e0c90480d31760d06f3b698b74de3377c63	commit
517e3c808464c5fd1b679e08c5a73e5cd9bbe755	234c5be231195ac907b7df99715713f97030f8f2	commit
519ebc0a27e0eab3dd2e701ebee2039713f0fc86	f44ef22521ea273d6df4b8aa43a7a6a34ef03fd6	commit
51a5b506f757effc9c2af21c20e665b5eefc9301	d0f9e6cceabcbbd56497b2c7f96fef7b12e75628	commit
51ad24bbaf5176a5d30fe591f1fcaba08a77616f	5ff0f4d2fa2d5518d9f0f1b6b3a5ce751c699d76	commit
51c54c4ade76c210e23230f5b8b90a85eb05d556	371d5c3f75d41259fd31bee97d97c740fe354d5b	commit
51e8bef07e3cdc5c92c81c4d89516aa1d466be54	a1e298af5a99dbc79fc55d3968ce7863a617b3eb	commit
51ef4057da602d8d86bed4c3b5c8bc0e613da723	a56d96e0bfca62f80b393a3b8c4ddf99245d973a	commit
51f8f608d6c8c3da3b10936383af0685dcc97b95	ad5a6ed454aa47b39d2fa2fe2b088a7c39d5df73	commit
52266145776c3c693010fe09c818a2d8d3a63753	fb827991133a30d30706feba3b26fd9d21776a72	commit
522fba97f1d05c78f07ba3a46f6f190c18948e6f	0041d8a0962db102c64e2d2e3e408193d311fbcf	commit
524976534fabb6ca247669a07aeab3a300118f86	d90a4fc0432f37cc6be0cdd1bff0f6e5964d9a0a	commit
52689a9ae43b666b1db239a6adece7049adcfeea	d5ea2b67c519fe533f3bd8680269a6f558529302	commit
528030436fa1053f3335ca041df20aa1f487d3fd	717e9b7ffff43c13bc2facf4d3e0980533346cfb	commit
5295fa76a8a13a0a4ff037af05515683081b6e7a	8f48f045944ec01aedcf879e222fbc59a0f3163e	commit
52a1b295b0c4dd09e6e2761aeda1a5c3a493ce53	2f3d0dd4848b433e7be97bf732ba4d32d2d47275	commit
52b96188f79e24702dc6bb57280be3f1e1148d5b	f24bd0fc4d0bceffcc54501fa4842280af229f9f	commit
52cc10add78d8fc5e0680109e21ceb8ba8f6e09a	a3786593750d273a2c7dd107f374abfc44e2362e	commit
52d2b7c627e47f3a08b03cb00496dac6e687e26b	96fc8312d0dbee1690a35f21a4b1a8ca73a8d4ac	commit
52d2fd9d03ac715c2ce9f7040d53e4ff7e59f667	922c7ce0031258a8778a1121acfc7926cbbf2957	commit
52dbdab35ad885ce1604ea3aadbb99bf77e164d6	45e5d03f8cb9622b7a5127aa628e723a035f2e82	commit
52ea9236d39f120cf3183ba7493b9029151865ad	439ca1373b48ad45845d5295e2d45445aacca0f9	commit
52ee7cd2255832111d8061933905f337ab8a9eaf	8c7b70d05e644ba3041e83d2db0726044b9661b1	commit
53342cf12efd77fc0a475fac7bcc3bc2e914decf	09086aead15406dbc2387127cb69d8edc7aee9dc	commit
5343ebccb246db6c0451bafc05d735f950289886	541efe61b1a7a91192b9cc261ab87527b12074f5	commit
535cfffbcbed26af706cae4779f68f4a2b427e74	9a4b94c393d14aff11b6148967ff480a48457a8d	commit
5365fbc14a076faa7391bb224e9704f16a0c9fd4	67ab1d5f746aebe3a737498d7c299a7558769ceb	commit
539673a19a3a2ffc9cdf570783813b6c2ce214fe	6d3af423786fb1f8cabd19d35ee18fda68fd67ba	commit
5396781aba198d0eede757a655777e44047b9bbf	fe5b2ef65b773d644d0c5495602b757572a97c0f	commit
53afaf959ca65b8618bdc02501b95fcd581fbbbe	e5501eae2de26c0e8cf963d188a62f7b5a74139d	commit
53cc2731360e68dcfa234bffbb281ef3f63fad48	2d191ffdce6ee67c739ae51fbe9fce003b4a84e9	commit
542afd6240553186cf22c045314f46ef6f81549d	f0a6366ceb673864d9989d5dc6f230c0e9adf079	commit
54416ab01393a286c0eeabc5085eb3a9c5562aea	f5b58b3238e0e152bc5bb023b574cbe80618f3d2	commit
544ca63fde6ba61be90526cd0b2bc3f802c79bcd	e05e36aae6e1303037e9e7f5f9b164063b6c9465	commit
54c092942b535b8e60330833342d8c39d1259c57	4772dba0769c84da7866500c6097bdd33c3e0f0b	commit
550966f54c1a5a3ab6da94ac977e34303b21394d	f51e260d71e27104df1c01b1733456f5742cb9de	commit
552c3e916dc61a1c7cafbf705867d547d9feb1a0	c27e5110a51c1746d8efd41a7995192117d3e00d	commit
554edfb1b87872149fde4137ee7ccaa39a3175d9	bc95a4f69689f7021db6193144d024ff7e3d9be0	commit
5550ff158681d3af5604d5799cef7da2dd39154f	ac87e80d78bd133dcee5ec9cbb63a1d178fd62bb	commit
55a3d39e741019c1a0be1c2adcefde2125c26732	ae608d816e632b18777bf5fac9ba9d446e1ff50d	commit
55bf71e560c72d4b90fc6c8fda7e01cb8001707d	018d1faf9d7f018a40004b5b2a29aca0da948279	commit
55e9da6179f5549e2fd5e3726500bb91ac2407db	d7190d62fe598667954356fef726cd598d9d4b24	commit
566ae537ca533d2508a530d5031c9b2ffe147c0f	61df871bf04e3457822440a1cdf5a01cc7cf827c	commit
566d361312cf0adfc7e3ed89310d28a96277af4b	30bb7a3bda0751bb4b6ebdf6f7499a737a1e6add	commit
56a06caaecb8c50d6f0c21f1bbc1e4643804e01b	553269e947beeeb0c7aaeb94215e11aaa3501857	commit
574cec82c3d4b6a6b0f3b08cc06e9f6f37b9195c	aaf26f9593f3e1e8055299b18d7a04312feb070f	commit
57668a782097ec9113853e83cb121a1c4a82056e	0511a0d4d2db3c1f54c2dbe4654503745ca9c5bf	commit
5773333c03b24851b2a1813f4816465768f883ff	c9f89331e5ea03bb14dc2f7f0f8a6f50f57307a7	commit
5779465c7e347fb05c40be531a6edd3c36f8204f	11f6ed68beb906292acfd7aca28185b586844fad	commit
577d0cbd28dee3dd387a45f13a8481ca50049a2d	237e91b8f4f384d246eb5c1db271ac23c0f32868	commit
57ab2b923027585a7d4d27f924ec492f7f31e34f	91c334ff1ac04a59dc4a62359a01356a9c706c4b	commit
57f13eda2aac06906e926fdd0a3c3aac5e9b74cb	15855c7e79dd6258fea14250997f6489c61831cb	commit
5815afc77f875472ebaf6469bd558041073bc311	58dbe383306fc6571a55c83882ea3a02b6c3a720	commit
58171df677112dc958f4fb760f7c9f66fa01426b	a657a4edfe542a14c8e9f13abe7feaa232ded56e	commit
58243c6d4b70a1dd46a29c719681c2d12dc798eb	4ebe6510f8de0e75fd2742684f40b544b836b7d5	commit
58396ca90e6ef09687f9e79df1538efe6509d465	3b939b0d905ef17014714446fa4154aa039055ea	commit
58396cd8a5b17d00243238d363b2d92b124eaaf3	e7ad9bbc7b8d4e94b7158fb91c30463815934d96	commit
58428e70115b539033a4a63430404ed31f2fb478	109be14a1f17c73784919801321f3c0311f39d38	commit
58495e63a2fbf68b6c4a832a355f42b072221d06	b35285a59c73e128621a7c356cc1b557cb826105	commit
58635be7c8f00136dccade1e2936517ddeb34a61	1707024836c34f71b26d0d52d8d3648af3977417	commit
587408cb7190ce02c3b1003480425e9b548968f8	94060e3cc6a0218a798b5e94f1ee50df008d5f6e	commit
5880b4fa95b66dd37cbebc90cc77e7c710082f52	103bd0ce011b885db329d668fc29f81fa39eed7f	commit
58965a606994338d64b1d22058af5d5978d231d0	5f23614fe7de935991175240102319ea474d5186	commit
5898c33ab1a588fbb7bd709ecace79c85406aac7	44db00e5fd274b4a1f7fa89413ed4f3b9c0628ff	commit
58d18fd75e4443d783d28dc28937540a4dd385e1	74884b739e9a0e6e22a95d36a1fc2f5c29930ccc	commit
58dbf25556d45b20070e2a40ff783061f0fd94e7	52c4027844c5e94834727ea0d220b511a5a4f60a	commit
58e1dc7d3b2a36b9886829d2a1965e047e83a67a	78dc04e43a0a694e93eb97576ff4cd104913e04d	commit
58e82583f434620fef6090f0059aa251de4b8bc1	f744e8d2d07420b58f3b190de4032b3591af24bb	commit
59589899377bba82c9d2209abc7d2240c5e2c9b6	bc0c5b289b95315a928d1a58902d472080892a8b	commit
5958df33bb3d6620ddca67af1570311e507265ed	460091d6175c5e2c9ee79d7ee77be4d43d0207e5	commit
5972705741c2d887ed4322728c9bb2bb8daf4b80	3268e95790693f51b75af6ca6eb1280e42692e74	commit
59759a973da8df7c1223f61fed8fbf945f537bb7	834dc8ad48c2505e814c76df88f690c50446bc9e	commit
5996f7f51b562a074eec75dac89148d68297e28e	c9989399cbefecc198f926ac37ff6ca4796f064d	commit
599da911987475516e1999616f1aec162e05555a	2bd80dc12a526d8ebb52bc9ba1f309bd6511b5fd	commit
5a20bdeba86190deed53d3a4e591faed41eb7869	6b2642a60702a2bb73ae60421e056a26329424dc	commit
5a3d5d8139a7f5ae0dccc726364a3990f5752029	bd4218f994f0c591a5ea6d5d1836d57c25c81024	commit
5a4d7af5cf1aa4b61f6153dfb7727ff6044cee95	5b30ae05eb85075f5b3ffb0c7b21a670df03be45	commit
5a6128aa92958e485f74244e3a79c01f1034896a	618e4fba36663d6776f40690aa9820672a9b6ab6	commit
5a64550d28c7a54116c2f10bb42f5e399b588fbb	1519c6022dfc5c4bc5c948230ebcc8fe3f69e72b	commit
5aa4795bb2a5c887f6aba0484e1d10789d3cbdf2	2fd1560e78378ad19800a66facbac4b9cba1fdbe	commit
5aa66930b46052cf731e4c881ffea075b9451c52	f47bc8dc4bd089ff534b468de7700975b461336c	commit
5aa850233df6ef71b3f58fad674bc57606a5d0f2	9b7d3337cf15a345003accb653841a14980ac742	commit
5abe44b37370af4ab5ca18d19ccf82b402ca002d	815eb53ed979c7de043bee775a7b5126ee87ef3a	commit
5ac3dbe5ec1ab8dad0c085fbf98e70e8b619e80a	d0ab75a00a2ad0762dcc9f4d7f010ad748cca7f2	commit
5ae489ddf87978ea196dba314f8237e335b0d800	d4be71ea4b2cd0a295da5bd528dd6f2f4384364c	commit
5b01d3425bc772d90cdb25a35bd850bed956d85b	1b92ee330c3ab0ded6d3cafa6d8e4416ccd9504a	commit
5b68b765457d980d7f31236f06e677d857398c9d	85e22f860f8782114dbda4a0a78fc4a00edfb569	commit
5bcd42314e91f9d875385d0288f4d6f31708e4bb	5216298ed8e5e4cae443cf93775316a6dbb103ba	commit
5bd37ecb2aa345b28031601d1de0d8d82d8cd4ba	c389a752d8624405aa92bb30349a726886f669e3	commit
5c262c514a46d2c924742d46a75dda32c064e2ed	ffa96f8276d12906ccca430f46ea6263081ed5e3	commit
5c5d66f21876f4f885aff5decf46e6c4c196eb46	4dddc55a05edced1636665154c5aec464fc0499c	commit
5cb23c2a4d27bc7ab18a9288ea69629c04ff6ff0	ba43cca4db2587b5e09a52115dc60d0986a60016	commit
5cc031cd54d62ffb5d73edfd5b150ea1eaba2e2e	6807c23159af84da290eab6e8dc22b9a3a1497b9	commit
5ccb5cc457adfe781f6918bf345d4c4ef425c8df	3b54eec721e531955cdfa5f56ca1aaeebba58765	commit
5ce588d3378081e34e0d71d42c2441d6f0aaee30	8a6bbddbdeeba5c68e960470dbef3005dfebf13e	commit
5cff2a3e31a9b78f21df09a02e0c55f6836d59b4	54e5f60bd56089488de1c7a76b34fb65add404eb	commit
5d128ad0ab5be99fc69823a6b8f0b3d66238e9bc	710affdb958493030a319c935df43e71c1d9fca2	commit
5d31555927921c45e1237eb222905dd6abdba979	4ef5f6454edbe3b538c89e66c5688158bc19832e	commit
5d3434dc1bd9652c1abd2f688d7a54c638d29a48	d4b91f4435230be8772c73db6bfb0e5e7c4819ec	commit
5d350e5d014d4e118ddf35cf4abe109a92243352	5becded4f57dc3260541baa165912f3a570874be	commit
5d66fe66183557b751b41467360fa4c3a3fff838	3d4ba1327556dadb1e00c2da7cfb121c963c6e84	commit
5d6ff422531be97706460b9c0677d16119ffa477	29e7d3a7bd171ff281161a260c9957f6fbea6d29	commit
5d8c60992b382e77824ab2c43e65fed802c2bccf	e6d0a6804fd58fcfb1fe710e074fe28736d5162a	commit
5db1ed66ea51c826831fd0088a7caa6fd52ce216	088fc74749d260ec6545b4285e08e7eee0928c2f	commit
5db9096de075e4cad9333bebb936822a5f841707	e0a2fccfc89df946447286059490463eef5692db	commit
5dbdfc375610c9b195db670f9cb4eebaf9267cae	c0e504f93455ab76dded9fe4a53bec32cce37283	commit
5dd55441cab501db6ffcb9cec53d366613444a94	dc2878ad25aee5fc7a3d4b7289523d1afdfd96f4	commit
5dee9f54c87c57f4c366893551995f81f8996f90	e6ac9853ebc9de2710a9264287bd2a046161b26c	commit
5e20ba8ad6f4d8decdb444bbedaf5461f1706510	c2aebc330574f07a66fd75440561eba7c145e069	commit
5e35aeaf20bff112427b420ec7ab59a1dd275a3c	20f66572391f6570d27f3ee6cb6c04d2287262e5	commit
5e417b1f5351c20bbc8d79bcf1b8bbc88c037d7d	8b9db07d802f22f8924ccd62bd86f75c105c8ebc	commit
5e53aa6ef23d8df720f278fed737671f763fa244	612850dd3e5f77a49d8d89724a0c66a81f5f5af1	commit
5e61fad702bcb8eeddb6f345017934dec8268732	44284e2f3c8eee74d027ce767f1e1dbb58c54334	commit
5e9fb153d60713a6e83ddbe2ee597c660d645181	a49121817cf2ab00e14a368db208c95fbf385a7d	commit
5ea34decc25465b1dfd3b3b4003fec0d4baa3721	b3b7d6c0be232d42e1492cb81b2a9b953db004ad	commit
5ea5367565d834a4dbfac0d6d89b35a68cfa59f8	291fed992d3fe0a492c371322c53c83895c52920	commit
5ee93eef887712046c652802d395e75b59461b40	74544736c338bddd5e8c7c134ea03d1e3207c7a8	commit
5efc28379e890f7d155630d5af7a86763b1fce78	d9dea47807575b527caf45470a6a69454aa3a73a	commit
5f0cd4fc04a5ad35db5f8e68b8ca771c8c9bedff	296c45449933945ab47cf0882f53e007a82d5d83	commit
5f74a2a99a5251fb3e49a9b65cffea4f4d77465e	8c53c96ff63aed9ca92774f3009d7a6ad9a77d72	commit
5f8f8088ae11c9b9c5a27213ca3f90665f1b927a	0735ac40266b442af44644aab05a5164162faf0d	commit
5faecc5660a5e834e6384be2c418fd43e962b150	892d1ed3289d06e224ea12b78d06c7d165f0fb7b	commit
5fbc0d017c6103fc4032ee47f78a386aa7717689	7f12f8c4fce66fd1ad17115951d087dfd22eb66d	commit
601732b69a3dab33fcf88777aa50a2893ed7df87	cab780f18e1b033c4bd4e44db4bcbfc968331735	commit
603fdd5a0a9eddff2ea8c61dc7fa6c3fa489f3de	e7fabdea4329173a1b9effcf5fbae87e7c8a2c1d	commit
6048062ceb20092cd6766822a6978b5547bd8732	6c995855896f60b55e315555f824b15a898881bf	commit
60519d582a3639902d35429246c4988a861f299c	5ce0a7f96429934e74bb484382fdfe0c820badec	commit
6055be22d34d9160a856ca8f2faf1a2312577b71	0e542baea0fc481daa323b9f9c702041171cf4ae	commit
60b1b5ab50aad734f97c89f40be04cabbedbd62f	9022672a64002547365c5560eac64d6059bd9697	commit
60bdb6d15cec2c5d396ba66dab19fe9e865fa450	22ac413421f1c7eaa831b2dabc73db7d0bfbd269	commit
60f664cbf5dacce8bd224b0f9aef4cfdf2d790a9	8a08bedaa786a750f95bcfabc8c166191a9b6881	commit
61096de81276eb7cd7c0c2ed981fede1e06c8ab5	8890f1af4364018fca594afb15755b850cfcfbdd	commit
611081ffa8c79c2b491030840167fae545be48c1	4b317a1d768d2f562668152b16866ed412a723f3	commit
614a4ed4ea34227242606e33d67709eabb0fee18	526b9e25d3ce80697a86136db1f51850b1d4b69f	commit
614ab96e43fb4eaf1fabc32a935df5e4562f3381	24378817edbfc676bac75f4c751f2d073fd17849	commit
6151dada80ed6b80962f14fdd1824069e5014fd8	6ca82354322cff8adf3479bd8e87c61b1423ecc9	commit
6162b9935722e56dcdc2564d80d1f8e168a58a9b	88a6377587c2494c7f7ff9e7a2202567ebcf3e58	commit
6163d46da696803c22909b969a69fe0903bed3c4	f45c196f1766b065086834b40d08162c559da06d	commit
6188a00cb231a9e99a3f05a224839b5484c74535	e2d68e3e9d22c392c0b707b410128541f1c6be88	commit
618c4cc3a249b358d87ff4251419791160a7f413	1e1e662f1f8475a1671bf23c4b4ba9a689873be9	commit
61ecef14ad1a868e26c386d4f1e8df216a53f8ef	802bcfcfeebad133fcb4737f2cc7d2de914e8423	commit
62098ec7e973987d3a75e62132fd7218e3723d68	70c46a3d6f1ff904ca4d908fb7e073a2f2fd0f74	commit
621af0bf1c93e467138f0b84d516d65258ca4557	1dae3aef61923ee905a7fc84c30aa955feb37d1d	commit
623d9b5d75e8e8c3777dfad62ca24a8ee08b153a	cb9d5f3a5c9f3b7ecf7b19b35f9c77a5985c7440	commit
62490c7b1b3091753d6603a5e13fcbad52aee947	fc86c94f53dc38ee768435708fcbe6e98565a294	commit
62634aae17def1452ab2a335250362dc6579f728	94fb71e138633f4ac4ffdbba89d5ec956dcbf301	commit
62902520fa3bf86d27ce84e86c95475556cfa189	508ca1498c9218350e2bbce7a10484080e042342	commit
6292395b7a0eeb20b0d81444c16ef41f06cc251c	0798c047c55301607b2eeb9a7cb8e44f517a7e6f	commit
629555bf01d800488b2de4aae1adfab1d5ff9167	9919ef40c9bf9ef32534fdde169a7053eb33574c	commit
62ef15b825cfbccc233558253b6d7e269cf41b29	60d7335a60afc81c714790ffcfddab6ab0f91d5b	commit
62fd2135849de18855fa7cd66f789db7a13311a8	0e55bb641d6d9c4c1ff4e7e38cb146f06473a14f	commit
631a1b0229a118d25d332fcbac5bfe1ede6af55d	9321354291c433cc22f0f50eab00076d607c5f07	commit
632d04b61c557e3ba2557d18be8dfaa16a5e748c	15e313d1680978c8008bb6e5ac953dc5d421836f	commit
63360cbf81c06d0e2152df12a7fb3fb11a296508	93535a8381a097aea604bf0f9678a99544bbb251	commit
6340124872289fff853eac327ad78bf236078bb0	7b2271274ed9b8622e37d18639e1821d9a5165d8	commit
6359efc1cdb4d791085c02f66d9d1ce14bb3e4f3	24f9c636e3f49cbd3dc2ab69b5f2693402432a6b	commit
6369752d084adac61311c4c7936072afca5c5b22	4902ad38cddc8e5891034fdb00d274a2752fc05c	commit
638d8617971db7a27e4563c683ede06c60cc7bc2	59581f03c85fb3c75f62fd1c542e86b9d7bfd8a0	commit
638e892466e48d2ea5b50dfb4a62b1926cf7d90d	3676c5baa63d877f5d48b54405e23ce487ba2a7a	commit
638fab98d69f917cc2facede538fa60fa0dfa3e1	ed15af3e80c47fed8e40812170dd3e5038e2f64c	commit
63d97dc50313c03a81a96a3f1b3fbf1225269fda	7f5669e646f16ac17906a448a48c0bdb6efce5c9	commit
641f7b78521b5b7bab71d38426ce6a90313f930d	c08b6c692964ee1816edf699b9b1508b17560e67	commit
6447e3bc149b375f2ddb0d39eee150c2decac8d6	f502a659a5d00df188a33789ae68a222964251d7	commit
644a8d09aab249ad63cfc02e8ab78f891e3fea86	cc4541be64649eb3e4f763d703174aa54085a628	commit
644af47f25139f78c20836ebeca49fe9ffd58fc4	d3e8829031a228ba01e89f48076d1efdcb2a3915	commit
647853a2b11e26694c7966130de4d98332cd1c23	e47c51929864ebc8203aa625931d25afb6f20217	commit
6494e6f0df5acfa06384f84dca9f4baf89f7a398	fa7028374642a7a7d2db1747704c2fb16c0d57b3	commit
64bc792bd2b1da5a056f1862a4f2d77fcc34ce41	dda7d2dfd5684eb07adcc7f7a7ea80f79ed7ec93	commit
64c1a218b4a9981af98f80075e9869f9e67fd2fd	31ca211865929c4b806ec8e8ba410b48850b9393	commit
65078b500bd7368c2d58d15570f28fe07bc40590	bb2babe3c2ac0369106cc6a6c7d8e1efedf4ae64	commit
656da060f8ca66283f8e718601790db864e2daa8	b3e624b0e9d39c7bb4c586bc6255e0d5683a55a2	commit
6599afc748c8f43dc191afe85d5aaaafa11ba847	10f0ff08aa45e22e7e88ea89b31e221e0b201594	commit
65be4e2c091bf316937437a07dbe558a3339bcf3	d006ad2b763568759fc14e7a802ad030b0d5bdd4	commit
65c0816ca2f7b2060486d8392189ba470231539b	48aae60bea3630bf20ab8c30de87859b23bf71d9	commit
65d711b7a6fc61813d08c6c8b005c7428060b71d	525b1cdda05ccd44d2118ff93d545421afbafbcb	commit
65df4931423fe6d0118ad1b269594c7dcaa99818	68d6c1b2a8192fdb12d4746c0edc947f6811c4a2	commit
65eb435eb332d5bf1da9fdfd65fadf6c510abd3d	129899854b6f1910e97557d580e958ed258caa44	commit
65fcbff14b45e1c5b53b2f18039e8ca6db9f3e79	88025165810b593537d089b016d4310667ea741b	commit
66110b9d7f0f82873e5cc72561ba962c14d9ea92	69565d1e4bf712a77a18facfd1038e30168e6924	commit
6618107f92b4e594e75385d19a4184cc856505cd	059892af21c24f4f037fd4025f196f788fdf34c2	commit
6647020f83dde09beba7f5a599edab804252b527	5b7a5aa129b4c759a3a157d9253f46f3551bf22a	commit
6652b87f838d3eef3bf75262f34e64eee0a5a607	73ee9cad689ac89878bf474a9a314a5ba0ce394e	commit
66572843476fca9c24de577e1db08fbedef6d8c1	b25d534fc42bab3239d4ccf7a26ac7fbfa61cf8f	commit
668b3ae130a898a3a526906c514bdf181acbae12	dc4340d975b301c10ae55cc3b0f7d42b6d0cd035	commit
669c5e4dc84937c061f8d8a5ed7be8f44702d0b2	cd25403aa154a640f1cc3bb235029a76ca706369	commit
66b1d4e63568e9a98cd4417641f08a764c36d2f7	c967ad9a24459dadfca6403ebcf0e00e3153c7a8	commit
670ad4e774d4e5d4108e292247fe316a13ce5e39	a8be83488df25ab104efe512049ce9787d5707f2	commit
6726eb2839d4ed823f314d5a35da87f5b5834de9	2e9ea6858d99f7ad96cd114cce619999e91101c9	commit
672845f2122fb1d949eeff8a2f077a5cfde2b4f3	dc831fbd9e4135c3cdf00c8a0191007456f8822c	commit
673226ba87df35687a6afff375896f5345d1dc9d	5a154b58ba797e13a7b630d80029a26ae3fe1ea7	commit
674e7c11f81c0ab313781d9d6bc50760b6750b97	73b81cf7282c3e8f3118c8fb65b6afbc8693294d	commit
67735c7c130027ced2b20882f0eb0d26436ebe8c	9e68837a87655c146c2eb6c597f41719f6d90358	commit
67a838fed27507cd0a8c5983745575f4ec3f3a37	b961b0844ddaadc4726418ec007c086ec47ebaab	commit
680b331fe57a851ad9fe07f6626664612d89c64c	d4bff0d814c1c54679671fc2017eeca8a695b508	commit
680ecc9be914d541d03a06246008c1dea8d89b40	31379ea7cdb67fc4d202f7b55cd728fda6cd0621	commit
6812136a1cb571cb3052ffe047b23ea3fa7b7880	c29e3ea56cec09f8ff53d9df659bdf92ee8ed785	commit
681652bff639ec9aae4d997bc44c65fc31c3f617	207eecc836818973c12f884cd2f73e4c53c14f4a	commit
6819d3b3f7855e911f8ac6a6b088d14c929976a3	3d65baeefa3b57cc6934d4daddd325f64ca6abe8	commit
682f89d503da3568fffa44ebffbf4fa5ba06f134	80e3507d34b11b1223221e72e36fb4144f5fc616	commit
683e9fcbe2939d38f83db668c2aad742c988df4f	70428de7119006c13da09bed788ccd7364bd8d4c	commit
685c152dce8c4faaa88df9ab03b827be45c7a3bb	e39a974501d2839cd523777b45fde46f4fb8b70f	commit
685d83f0b693645d05b278673f3dabd343bbbc2c	7e8be322708007100b14874c9b25172957b564e8	commit
68b238d3d9e2a0fe8a870441dd5ebac425670d5f	0e62f052114f2863d7459af533c47cc835ed1939	commit
68c8bca22e5aadeeb5cb57320b5e50a1ec83ac44	c9a30f28cea1402efdd564a2076d633137899225	commit
69170315c3a571cd0bafc89af59d566bfed9483e	b5bac3591bb9c4f057c40bf8a986f05f72f0e7a2	commit
6924b171c999e7bb5d0ec7c5838df6e6e1df2681	52b63bcd2e17bfa48716eee06282ba61112b35d5	commit
693a9becc1e3427f3e42ed0e4ec6795daddcbeeb	0bcb7077751b7166e4561d2e13746cdea0880960	commit
695bb61c280b29f37933811bac32778ab531e29f	77452e393498dd7fd41f19c50f59492a1c2fcaca	commit
695f2fc8d72b96b5ce2dc30138a5211b603c7852	ab049f7f4a747cfb35ca2a3a7874d3e9bc195d6b	commit
696e05a91c6537fe2dc7054590b03edd499d1157	bd0ebcfc1b061762cc58bb89bb13e0b871a6d159	commit
6987465eb558810a324ffee69b93dbf4975dca6e	46833aa85b743f4d92c086a70a90ec71965cd6b4	commit
699d27b057434b03af771ba89834a3a8146d5d93	d23408abd05bad5d8b843f5121d7e381f1a95d84	commit
69c1b8850aba206fbf004aeff922f1bf50a2b752	2b4ac374b56b8557706167358bb84b740e3836d0	commit
69e113391d33afe032fc18e93c72f07017b4e2a9	6b3bd52aa044e1fcdf735706e0ad215fbdec2b9f	commit
69e441080972a7cd47240a13a69faf60c88964b7	1dc0637caf58c3f7a92d87f4c1ac60e32fc216fd	commit
6a0c7350cb60971c38cbd2cce54532815c7ac278	ed96405a9236f68026c8cc38827594f39cc19b07	commit
6a17c9b1430dc84edca19dc4c5e72801e3eb0845	a1f5a269c110f33717eb1c527d040789fe18228f	commit
6a45d3b329a3ab7ccdc20617f178835edb08b775	5033ef5aee15967f9910b658e6419891d8904e40	commit
6abd599a6bc689767a6c0afa902bb7fadd60f41c	11cbd49c8ae8704facd1aa7215eb0282eadceaae	commit
6af574fdcb679f7c13d2e5d0c30b1a874f6f4a40	0c42c03b51b9cafc289eec531a4785cb504b3be3	commit
6afd946bde0475d47c9475437876ab6b43b3077d	4be51c99c76c19669f8ae2b32783755375adf02c	commit
6b10523ef7a8eee141772e0e7ee451a8620b8166	eaf45e2540190e366c3213fe1d0241dc39a31f0c	commit
6b20e12f6c95b4e78adc96b5f6d2eda4cc5ddc62	708f18b9f4332c6012577cdd4115803080386402	commit
6b51037120bcc4356651cffdb45b7e835d0af508	5d21a703b54002d9b6480e688facdb0c40654417	commit
6ba0edf8737da3b42cd34c5d935b4ffd6bfd92a0	4c8d071338cae64116c90a4520a2ab2512c8252d	commit
6bdb1b1954ee546e9207951d977a668a2bcb7286	56e2b463473509c7ac1706cadefaa0f2bfb76bdb	commit
6be3f6f871123ca42cf92c42a5c09e842144567f	964e779469e90a0cd7739233da98b5cdceb583c3	commit
6be678fd5192bb61e80d83602c4bcde4a0634ac4	a4575d01cba51922e7ec5197701a053d2ed8424f	commit
6be9e8c4be7756bc688ae4801981a7cba15253d9	558ba513c34e626cde99b87aeab1f0f43950f2c1	commit
6c37168213d3664057bf4180c4132afd6a0d5d65	2c12341180753f52fddc1b899edbed67c50afb29	commit
6c5b086a8ed2bd98edb0c57ebf6be1d5fcaeac94	7f3f0d41639022d505c3b1f86533fe61c11537c5	commit
6c675b7caf4755c440f3f82344f930dfbf89d5b6	f56541d42e762c47ad7a49346eda470e65858fa1	commit
6c8196b31213db4afb51304329a40001c6611973	0f2f095dd3879a5f895dfb1b4d55fcdd7f516477	commit
6c86b87f4d4a0695c81b5733770f8f476b793ddf	796c96a28c205b4beaaf3f0a815807ae5527ba9f	commit
6c9148d74164a323f9aedaacafa11dd33b332f14	42428c603cb138a95dabfe3d39584ddc6427d25d	commit
6c9390218d6077115c27d3c90c049c8ed5753fdb	ee5de01d4a6f670333de176e0247f93e329fa09a	commit
6cab6d4c3f4f5e1efeac736ed1b485f3d8467371	70ce3c84e2e6bb159d75a3b4e1df11ebdc0e1104	commit
6cbce0fd82f549f2ca0b7bfd653acc55ab0bf686	601665077fa0f731e23d0837fa5d912ea38f1465	commit
6cbe24d7988ad05cd0f75c039d20c52c01d9d472	7aac3e2658321638e63c40e35b4b0b536b94a046	commit
6cdbad2cd5b9aaecc4e405114084f1682803686f	853d9cfad5d17e5aa79d17894057f66c33493f0b	commit
6d34974a73649a1eca97721d499a67f525eb8fda	a01801a34748a7b016ba2e55b223479f68cc2fcb	commit
6d34c1fa1d57754ca724ceed5f0947934f803fcd	aa46927fffda724e591f2e1085de4133ee50e0b2	commit
6d3f3a33a6c61964e1893d29eaf1befeda2d4978	1fce4dc586866d224743cc8f8cf6e0a512302fb0	commit
6d6061196a7063d1cda98dd25d9c5db6aa0096a2	4253966c8e7a6d85c5de9607cdf4a58d3c54c038	commit
6d74d35c5d84b1d8870a5b96be2d236e1315b3ac	55f4928a7d80d9bcd28644e8dd429d483515acc6	commit
6d9fe39465477986bfa08baa6e0d3c940cc44a72	242c84778cb895cc4a21f5dadeb7f19d89d0988e	commit
6da79e890d775068d6bcf378d07c0b95e1403c62	820e793fd31bf59111112a40c15d158e541ba8ac	commit
6daee5eb9736751632bd1c95e6d8579f6223a685	6d5eef7aaca38d6ad10eb0aea660cd8492002a7f	commit
6dbcb5fafe57522ac8c2fc98e5f01e693d1c5e5c	6f10fdc4a15b67f089c08050daa18428c21211ad	commit
6dc72f35d62821a74083c2a30581cd82db054257	6893951fbdaa2944a4edbe85fb5379ff7e75d699	commit
6ded12f8af2389e4a9de3f6dcd613f8d9222b284	32ebcc837eb0b6e3fb83b63e752f449f169de30f	commit
6e05aa367e65cad4a2c44e7b8851aa21ca76db79	b5c674fed99c2deec99219776cbdbc09448f55dc	commit
6e0b9c6630a8f97c9dc68a1692535c27211bfa5e	6fae2faf7500f60311fe2e623c1c49a3565e0477	commit
6e2758c88ec08e6c67a36f6222fc505b7f5e5674	75bac01ccca139f195ba763e2ac5687ac58b0cb1	commit
6e385d50cf7811496f8dbe08a2a1dbf992fd5a61	5c385ecd7ba9db017be9e84dffbb26b208d590ac	commit
6e6fb9cd1b160d02ff50fc541e614ea4de9c4370	d164870eedb00f2ace360685bb4c534f91f1b83a	commit
6e949e8ee958e6da5d61b041bc1aeb92c319e9a3	299afdc66b9f6b839f632fd8448f3bca3ea21353	commit
6e9f8b4f9959496328202c6132e4cdeb1037ce5d	1baef41c654ceb19e82b4b8a22d57efdfbaeb20d	commit
6eca6e508ee808b99afcb77d0670d50c00743c3c	5f26c7ca61b22884048a28d7e41176232e33bd06	commit
6ee94a56440d272a9c3f616a3da51ccc031fa50e	b49414cdeb3e810b6b253e7ad744fb8b0d0aa2a1	commit
6eee0aa11f9b50589f471ddc0f7bc7e6264ede9d	0aff135ab39e080fbcff20fb6e5ed039de78e526	commit
6f09c700ead40670d9383b8ee001cb0fbc5fc5f6	a80f74d074cce5423ad37260985156858de3dfff	commit
6f1766d359839fdf11e96bc5f3ba7eaa94c5a4a8	844ec61c6a5d205381904a1f3a9851f8b4e45615	commit
6f31bec56d24c61ad226807fb1ae0386034358c6	1e98fba7245b7630d93350ffc1c965430d8b8550	commit
6f4d33cab06a20f48c5d890b15138f6c06ab898e	935b985d7f5ab5935ae8fa4b2cc376a0543d5197	commit
6f92bfd98bf4f4b858f474c689638e77ea96c14e	13467eff300a1372be2b7fe2280cccd416e19c40	commit
6f9a7d51136de463d16c357497ad5d659039fff0	e3bbcac23cf4f0dd67e7a4a845ee49dcc6b25dd8	commit
6fb81065b29a21d28a00b9cbb4dbb7ad10502822	08310b78b0d57a592a09737e34ca12c904b706e5	commit
6fb9ac99e90b04c7fbae9d483b5544604868814e	620bdde17f7b999c7be2c581ffaed2f7edbd272c	commit
6fee31ff122fc4672be7527bc20a03fb9b46a307	bba10a0a40ac3e44e6ad17ddc91e0c9331a846ea	commit
7006ab349ad67c07aa8c871341a15c1be0273e4d	ec9fc887e340bb49676e4b99a79da59692b7abb4	commit
703d1642e31dddcf1a2dc19f5beaa59e7f840933	871159ba7060911405362d41a8ef344c3d0b2981	commit
704cbe5b8782997a00544ad82cd732f9a1682d72	136c958bce0e0be7c72e2481d54e8ad3811ef2a5	commit
7076477349b067abeb4e5c14d481ab977ba9a879	ae67c1e5278b411bc197f3e23dfd15ba8fd3d1f4	commit
707a1f6d27210af68d92c3251fa3ae3d14e1bb36	d12829a654bd09b8a3956a8725257a7c26234a11	commit
70a716b8b1035e17fb8a3b55ae81aa86cdc45790	e38e8fe8879ce60b2d5424c53f9fbbaaa89b3c9b	commit
70dfe656664a19e24fcc2daeb71fdc5416b24ce6	e46021abb337faf6f84f33d7b46f48e20cfeeffb	commit
70e8a64d101f370fc4568745736093b853c4c87a	cec6a3d62d77339d71f1f5b45a34a73ac96bbd76	commit
70fd5e0b9c8f2b6bf9e8cf9cb65f1a592b96ba3b	e85ff0f2b63024fa1f1578d8f7b0baf6f369e50b	commit
71285372d56c3ef4764c6f0ed213cfae4fc8c97e	4b05377e163e6f5f424426ba4ea6b0449a69b367	commit
7132a1b915753a19ccd415252ffc1c92a212252f	982226f6c49e7f383c235010d3798262a29d8665	commit
715916b9fd5aa1b619eb56182e072f7ced9bc729	d933cec42309ca44eb6825f42ba84d980429fa9b	commit
716f570c88b7446ae8dc7fab875e99ffadb280b5	1c7d9ed550082914085ade55871847515a803685	commit
7174580e71ee3b30b16dd6d6a2b5dbb7d49c0c66	dd5b77b032a6540d18dea7591aa5e07a3547a438	commit
7176a3565a4705f0b9c4e51992458cc51ab341f9	4bb1a83d7412383dc98aff1d7768ae5fe8d5d9fa	commit
717b50313d937065c5f57248602102e51b5f925d	c88dc5ceedc234cbdb4cf1799cc2157c22ad7b4f	commit
71ab89bce68f0a4c503469b19c3af0fd55ee3fe7	8dd03e2b64808ce71af4d1e7a60ddd6bbcd67592	commit
71e4c39bc0acbea751676c312bdda5947b8fca1e	0bd8c995c8f976b6efd0baba66ee5f332787a1bf	commit
71f550341ca2c4f33330218279503dcf205e53a1	a858c0a8ae08eda7c7f434f9ec65bb2fe6811c45	commit
720709dd84ed3ab49760df80f80af05ef18d91b2	7ed7d4c6a171800550a41c9d2361b5dd15b7d198	commit
7213a88df92e4115aec0c41e9e76198e675761e2	afdf7077538e018dc6588df4ac262e426292222a	commit
72228f224b4fd39a09037daf8b4ff65fe0cf69fa	55495b432936dab4c49c7e206d65f22087724d1e	commit
722e7e53000a3d9b885048b6b2e490885482a67d	225cd09155332a795354d111f4015653299714d6	commit
723045640f47ef270f80612829335bfbb425be0e	20d48e6aefbcfac09ce26ce2deb40c197c47c6c3	commit
726e319e58c0e3641dfd66fe40a18b751d4e0ed1	71aab31dd8b1be3cb16d516cea873b43c78d7359	commit
728ecafa5970c0defea7b942920fa42ea429f60a	8b6fa16d18ffd45a16efc182f3a508cae56b16b3	commit
72c4f3122687bc9124faf298277fc87e2d12b39f	d94ed06f0e20ae07125fe94bac7bb21fd48f93c0	commit
730e3cfdb3ffb7d5797595059dee033f453e38a3	1a5deee735eacda93f41a6a78c021338010e7f18	commit
730fcce1380762e14a0309aa498f5e3f994495a5	ea43ac82e2ebaabfddbf1711ec48667c19f958e0	commit
731d2f232f532bd0791e2ae7a3cb079405eae6e7	568d649689a0dc2a111fb9282b4551e830ada90f	commit
732fa188d92fef95520c557cb338574b760e2927	2401253251a8dc7a52db3a284524f0d9816ccfab	commit
7380f277177bc6dd9ea875fd76115cbedf605c3e	fb3bbca08106f6e16746d6c08b03aa8a9ad8417a	commit
738452f663faae9120287e4feafa14353046d53c	a7d9f425c1e56ac4009e59b00b670965cbe6acb7	commit
73854c4fe3717905ca681656f40edc57f62bf5ec	97e29b1cb11c4d14e065c506c4e02d0be16c58ba	commit
7389be9c6b16bfd21ac658848e25c921434449b4	62ff9e634089ea196ff5ec9cddd099860be2b6d9	commit
73a97e0e733d7c62c4f98d289d58d8b5065bd5c6	377a1388f8b760e93cb11e0e4fda6709d1ea6d38	commit
73bec18bb39651b637363177dce72655ec9f4735	df3ab730fd7db72c12ac7e76ba1ef01b30d46261	commit
741c832894a6b8ef3b73f67cc74ea304dfc0c265	a01a2eed214cd80a02e6d414b50a7c141ebe6e75	commit
744096bbc72e2c0a496d8d70ae4e9dcde2e8d968	e10547b6c2659aba05da819d41b72bc5fd096e91	commit
745583ecc12ed84c82b0bbd14663db909569b065	3e5e9672fc5a8db2f6461d8437217862f9d96f47	commit
745784201d2a9ff2c5afe57061d98b2140f25856	ed04c735c398ac27ab75bf81b84c225de9ab6e22	commit
748c5f839aa0d84a42ad8e862418b228ce33d2ba	6e0cbf5ae813499c2c6cc193518db41f096cc4e5	commit
74a75f787ac0fb58447a4e2b3a706071b57cc4f6	7ddb9fdc541fe62a5ff78c7482283fafcf0b3286	commit
74e1a912c440d5f78a98d411ed7466e8f799eda8	fbe290579b2c03017ecf8975f65bff64fffd2fd4	commit
74e9278ef2c10576c16928fdf41e9006a4b6e004	c5b68406cc9cf793052d57bd95d69e33c6a8b623	commit
751f85f31b97a36dd63c2468467a7c39f6c86c97	5f2d679f6cbff2b216d21c84f0367c00e742456a	commit
752b28bf3bd00de3af05993433ef0463e14773c7	a403e6ebb35c177643834e06f4a46fa3f7918bad	commit
7532c8312f6af709e5689bf130f74d7c66914e6c	2499ef7e4eb7909694152bb2d921457bb0a97120	commit
7536f66b05ff40e687d018a50952c061221cf090	c9af883ea49755f4e7a6fda99b89752ed06bd795	commit
7549fa80e210b07ca031f8699e88a0eff441f227	b6d7678e51559417346d154db9b553299ebe0618	commit
75d7038d335829c8279cb57a4205824d2d7ac50a	79646a436ca9c907ce45aa3d1c47efb1f4978e5d	commit
75ec21f0b7950b846e23b5dcbc27c89db9c55053	5327d1839f598e2beb01c76d17118b3c144d1e71	commit
761ccc64904e92cc91137a640fad05f0b8949e51	b24c6cfe0e03799cbf885dd2e473b602aa8e9778	commit
767055b1614184d4d2d9370a684feaff4ab2762f	e06c444782c705f22c6aecf02ccdb06b6a1b7656	commit
76721c0a1578a0ae645845b242ef1ceaa7e9354a	3b4b2e205de77b2746a791d099b3455a7f845c12	commit
767632adcc8d8b8c3b65aa20dc7a441f6dde2c55	cd715d6f4fcf8f99449c80c2d4205740e579d65c	commit
7683139c045915f1d94e9be947510533154ebe07	d6fd07332fb25bdd631642aee141d68a7905e0a6	commit
7687cda980ec9c15020275f792eb0e6ce66083ca	b36328116b916404fcc14c9d39d666e5c7f72df2	commit
7692145101709ea86998472e17e24415105d8e23	abd287e9b85e27d587fa1436737e57e0d2fc325f	commit
76c368f5058dd804d9aa4a3f27bae1bbfc92777a	68cd3b6e207355da8007d27c410174b0a2af4eac	commit
76e5e5505d3a203f95df09437a7abae4d93a776a	197502afaafb07b3d4d338ce4cbef6e6b9051045	commit
77082ba78f1e2f323bef6bfec740133563b6bb48	977bbb89d1abd54e9fa6a36f4dffee8af6a1e3cd	commit
7736a9cb50750372a55021eedb09e94d169cdac0	d85f0d7111ce7acfe0bd851de959f51ab1079da0	commit
7752752608a1dd2a53bd35dca514f1ed8c11faa9	bbf1fc2fb667901522202708f3a00880a9dec315	commit
775b6de184a3169b9d3d8c30f06dba732975beb7	ef0509be5024f8eeb8c62640c50111e3600e7a19	commit
77872b8057b712b73d04dfc5556ebeb27de009a5	cb9bc96ab7d7f788a70042e7551b19c6c429d729	commit
77c63e10f8f3e1de3450f7a5d501b2f5368b9a2f	ba05483c823101d2bdce36dc7d63cd2d676abf7a	commit
77c9319d4f8013a46711b7a118ec9b5e21872226	7efe9f3f2e293cae9bd62b273efe02032afb0417	commit
77ca3143ded0fe60578aeb46ccf26d9e0c73be6d	ee9cdaae2b3a4c21dfc61a5ca734ab11372b97fb	commit
78080a0ddada0b251aa471c574bd481315b0532a	3a64139deff18ded710428823f7e5eb602820194	commit
7833e1191fa709215eceee93080d3f70b8305dfe	72b0f31049392bd3df3fb2eaa8af942dbc2d21c0	commit
7869cac6d88233d386788652495ab060e7388732	a7dba101830d5052d47b58ded5451b8b7e5836fd	commit
78796ebd35f8ee29e36ad10cb113534ab6a88218	a8f002c092d9bd05db2568e6aa56b32e94ea146c	commit
78a404163ef8d894124c4708fec04916f8ab3a7e	cc76d3d8ef3f083e4b92f8afed413cfafcda967d	commit
78dd472e946810c1e7e22cbbb705c7bb24eabf8d	fe73e2e7bce461379de6d9a27f51dd1cdb5a53d1	commit
78f4fcb5e95cb7e38d6eaf0506ed9769fedbda45	b073f587e5f841505e983243c2a40a178eed089f	commit
78fcb778191d6c97413e5349950734c430a88de0	b6edc14504a9f29d632b8962fd387b66d3f2774f	commit
791600ebc9b72dbd9d954ba8d62ad9b8e57516e8	7a7f71b0dfe3c5bf2cfad5b8984a5eb8f439afb0	commit
7931a1ffc47fab4244a1ff86cc42ff5a61c8ba16	31b19442cdc38e34ea9a8362c9582a9be7c2ce1a	commit
793b82101682270b55eeabfaa9d0533d799e3915	c51d6a12bda1c4bfd294ded31a75ce3b19227ee7	commit
7942cc44cc6d3950a235b2b4715c8917fa412ca8	ac8c1a67399687bad31d916a44e31dc62337821a	commit
794966770931815ecae2c6e7f2b46739e7ad5317	4bb734699eb6092aef8d240ac8d5aebe88a76792	commit
794ea4e12db3e71d65a64f14886267844599c4d2	d4e832fef40e1b84e78a16ed896cfc7844d4114d	commit
7967b259cde81fef9874d25e42f29705feb47c40	37da35c8002db3bad88f89c0a8281e7b0383b5e5	commit
79745008dd9db35a241b5070f6adf1f54fd3c5f3	6588f362106c300844aebb0d3f3cdef0f1dd2304	commit
799aafbdd61105c6dcab67b08a31111917a40bee	82373d70a9ee276aa33227f18eda455cc573a56c	commit
79b4c564db1e63d1dd15a71e3e5ffb6029a918b5	70cf5a3bd19c042c71332f950dda61e14ecc3290	commit
79bb05da28cf632890dedbba9e346683b467c768	33c3dd90a1e3ce4f22d47ec03a10674682b57032	commit
79c15cf299d7e5eee54e70b12affa3f625f24d1d	4693f45d9915f20d11ecbfcb10899dfafdf56323	commit
79cf4896f3fecf71095c9b1ec7b42c66763b5636	388292678cb019305f266402dacf0d848b3efcd3	commit
79d6595039d3d2a4b2e4227986350f16aaca75da	86d4c69616612c43b2291c861be604a234d84843	commit
79fb6d52868269e545cb8c8bb12508742dc7b140	b953c71c799f58a48b92a636f02ab6e873c2210a	commit
79fc9ac35e50be9ba73456d54b07ed602d958b98	99ac35c4ca63bb0d9603d9ca49853013cb09953b	commit
79fe499709c7197c0cdb35613c45574ac8918e4a	562587481c1a566777adf338b805553913cb1298	commit
7a4aa434be7dac7b55be6fb2174025e16cceaebb	b26496af489cb444a91406fab4a73d9e3602fe90	commit
7a59975b9018307224c11ef44fb40b29b52bd5be	c5ccb445ad8eaa730884b255153f2b8c27870a01	commit
7a5ebbdef6ce47448d58308ec8df52ad7a293f6e	6aafab64fbe7245b4525cba93213d3eb412de0ec	commit
7a9a166a48c2d8bcd5a01eaa5034fea8a1f92e84	54e97d6a38a24c8ab6b75942426f54760d4d2ace	commit
7a9eb5787f2db9eff56f57207a71b2a95b656510	8de16efef111937d55edf34c835ec8f4ea6cda81	commit
7aa357d9de107c61da0689b2a674b5b2e69e9870	846665d017f3e852c6634757e88e5bcb4cc3eb92	commit
7ac918f9a5ed53e989a19d65e3b1dbc616f90c1f	ccfb2f8745f2d95e54f3e4a72847342e0a1badd9	commit
7aca3a6e869a18cc211e45ee67b448577c129849	bc07f16f3bfbce2366f723dc8f4dc4c9cfa0fb09	commit
7acef128a52dd2fbb5e758bf8ffb2d4585d1c5af	ac9db7b69f7022b0f56931c23268fb32fb31ac82	commit
7ad36cd0524affc0e9129fe3e1bdb153a231bb09	30870c260f7cf6bb7de4381ad46ffcb318a4d2a9	commit
7b03c7dbab9eb304e00a57c06b92eb3a0ac507f8	183d9889888f17dff77cc52b77eda4edf4634270	commit
7b1d9741c525b5aa7be0a2613337ddb8c4c4df96	e32aa3cf179533b933f52f989bd39626efcca701	commit
7bdaaaac7931b854d909fb2afd3fef629c937d1f	939846abf3f596e7c9fb962ce50cc3ad26c463b7	commit
7bea53a405b1788638ab15cb0181c6289d3610eb	212c42a19833670c1321a43accda0f2de3844bd9	commit
7bebde79c5059952b08f096a64ec57bce07c771b	d7536324c753c0be747bde995cef5a4b205e639a	commit
7beffbb14d0ba8c41f168bb2a9e1f4bb15280ef7	8a3628d5bdfd76a623e9ff992d48716900f15fa0	commit
7bfe59ae7560f357af9a561109df57c8df6df02e	542a8dfb5302f5e4f8d2220f567c87ef3d79366a	commit
7c0974bdee6699ce03fe1db4024033e826da5264	b8fbbb46529fc34d8750fe35ea1506dfeb5614dc	commit
7c404d7c89a54ebb8e512ec71a4120015477dfd8	58a1e3bb34c419dc45ad4605ee354bd5c75b8109	commit
7c6499008e70d8e0b6d112b3d9943c8b8c25f664	3f847f9286650d935b6b898e48b079907a49c5ed	commit
7c6a623f81da3ecb07c79ff721631e797c741ba2	ead12a1cc17de9596a9cedea39d6ac75c8a9a6dc	commit
7caf58cba8a0521e73ee7de1bef2998db1b07347	ef0cc8384712df1d3ff02de3b5f70f3a40b69c17	commit
7cd375a75515e3c4312d2a467188a30c0709e8cd	5e3c8f3e3486732b4fa9111ae06c7322eeed2db3	commit
7d0e0599b63e31c84ef308264f24ad423695e419	5cd4082cc8b00c36a705687dc4964abea421a2ff	commit
7d153bc82706a00cb17adedfdc3ebf3b7c0c3133	c9824594a9efb62bc4bc4b9ecdbc298fee84d806	commit
7d19ab3009c9481469150d3841066539d0b93160	35f6aca1b234aa21212af4fb242446af34405f4b	commit
7d1deefe1e5d5e5aa60e65bff22dd1717add8fad	016aab4c7d34c45136f8f235db93d7e1791cc01f	commit
7d510c41b219fae3c985afe3acaafce8572730ab	75ec749856fc4448122183e87e0d6b5abc83bdf2	commit
7d59c0242718f3c3465ee0c93693a26dc067b39f	26c3b85d6b883052c125c3a2b183d81b93eb95a6	commit
7d605d811ecf8d4bf90158ea762f5201a4f80fee	a5e0d396968bda2163c602461686e8f5695ba96d	commit
7d9155c5bc51db561a828e145aab66984e6b1a80	1043f22e7a4e323de7b134da95194051edb63006	commit
7da1f021b55b28edbf597784d2d1900fc4831f65	84c653703fb3732a0a7156503db46abba3eb76d9	commit
7da586860584206b2c2b61e876757c8d4f0b5467	01b621eb99a9531268379070787e643cc630cf2f	commit
7dabda16aa6e3c2197c03acdf4b5c7fa83cbde4b	b9c52f5458e80e7f68fb2c29b0153f171af41ac7	commit
7dcf31ea015b2b3df3bfa9490ac69b804b180e6b	2d7190c224d81f9d39f1111797697c75205490ca	commit
7dd718d9eadfc01c96965dd0dcbdcfb045bf94b5	2b506c3e19eb01e3211121c54c122335717c2b7d	commit
7dfd86298eea378f5107dea3bd74c559f1ce4b97	71a6fb4a0ce044ec990d03648a9820e19bb22161	commit
7e1926dfd3e9470017908b2cd5e955a8c4e12f65	c5d1e7a9426712846100ea77beb3dc581e7d9ca0	commit
7e3cfbd42156997caf94a6012462cee6929b1e85	ac55ddfa07fa763b6fb9dcec009e19fd5db8bd16	commit
7e4e69abfd72e725d32d88102451047e00bcd65c	c4e1eb951869679bbb3be4c49671f55934bade79	commit
7e557df6028642fb55555556897b79e5bcea568c	a77de2af2e4eb47555cfc7f771126930aebf8eeb	commit
7e6cd1048346a17a345975f78b54ee678b9d11b4	de250be2c7bedb125d7b9056f16ee9990e915f0c	commit
7e70f29e98711bdbb43a0efefb74e99dbffc4ace	42de401c15322ba8f64b07af33f9ec6e3e2c44aa	commit
7e7a9e973959981c8da5d571f28fa330206f34be	2f71c84815c9c4fd74ff22ad2c0cc48345466e07	commit
7e8f53df526414dc7d6f5581fe9b205d329dfd7c	291beb2a75a412e60e2b1c3c1436eb8875247421	commit
7e9be42e476b478ab79e570370c48dff34fc6c0b	2edb5d059401cf3a0a89ecd9ebe1ae5fbde8c2c1	commit
7f2e1839d30f50e087bd99a8e331107ce58f35f9	330f382755baa757028409e832b466f78524a3fa	commit
7f3d6e11a5d876cb8ebc8446985b83a97621bdea	d3eec10c2f9a05a75574e435c9c1980c480ed5cb	commit
7f4341dc667ffaafe7604e95a1183645238eac15	4c212bf894b2e85f2f0f3c8002aa91f35b31e117	commit
7f6f7fa92df36819f8931580deca6c4ef5dc1700	d20c9805fff1444af844eff58ba77e8fbdbfcf35	commit
7fbf90e8749470c34f634c60b8a8b78fe55d576e	0100a8a59413df03a96e89a30b6492a7389d456c	commit
7fdda22e284a7123ad7b009299e9c2573787fd1b	0faa918dca125b981c6669c875e2526ba26f01fe	commit
7ff00fe671062bda947e5ef5b4d750e5e573d920	d59570ccfddc2c72b9ace0003c3fb1b4a25575b0	commit
800edc7bb73fe0cf2ab13a1d6a728a4b064809db	f2e7ef4c74cef8638706cbfed94e2155fcba9181	commit
801aa1953bb28ae455b7e1519818faffe76ac4ff	cf686c767f8f64214a48df92223cf9daf14f4aa9	commit
80256dc18415fe977be9c29263540cbd39ba9d57	05eccf78a4f867f02461a06940eeb11bd11e7c75	commit
804476a58d06016e44cca268a8bfc5591316851f	ef5ae5f84381381f630b4ed46b824e540026af93	commit
8092b67a42c34c1e2ec8bc24d2832ee01039c27a	ed5d5b56cf69c7ba21c62cd1c987e13006a2c09d	commit
80992d67c0e4074136802599f311fa08fd02dc34	8501f960a81b3775f001729abc035cb3f3ef60e6	commit
80ad40eed98259bbad43db948e50293b1f977f42	bc362d935e69ef000691083ed0a2da15e21b3aed	commit
813a74b69eb7af278713fbeebba33a30bd2c6d25	3750b410df4335f838c8f14b2349a316e4f51cca	commit
813af26de29b38e07f9a11914a4bf92c2861114d	20c75165c951b1df3619de84e5ddc3041347dcbf	commit
814d17d585e6ee350face1800f88ea3c8c919c77	468dad6dd63455972e307d1c9b229c82142499d8	commit
816e40504f0846898be861425796a6c8f2614e70	9997b98b8ad0e78774c2f1033e02369c8d986eb7	commit
81a3636d07e55b100fa2834f30f1e3f8b3efb9a9	9707a76779b1a3b8f6d1eeca95f0a3e1f19daf50	commit
81cb7c7c3cd0e3ba3f154ed1530c4cb4af521b3e	92c545726d22b73c4288e62594c39552852c292c	commit
81ccbedea549b2b6675df640b3a81b3196f43813	5c542807ebfae2afbda87af7830854a75046729e	commit
81ced4dd72a264b35351c8b375dd30bdf51d868b	65d93e4b285d755e9134cafba2052994f730d41a	commit
8206a81c8a5a4f2116246a0c1d124d9670269136	5f9da6a182cc54f24aff00d72288d6a396362a9d	commit
821d762acbc72dfa4337dab70610f13626598061	1da0c8e917852fcf957f28a93d8e1ab341a234ce	commit
82211161b0185954fee149b37189a82b948a494a	ef8ebbd1d7c73044c01ef0cbe04da6303462b9a6	commit
822f259d6ec6c5c7f467ad0dd8fbb1aef766ead9	a7819f9b5d852ef23574cb6f4730c13eb99c3353	commit
8247a4fc64e562779e663434304996a9eb65674a	8ab0613333fd36e60cb937c8332c79254d8bd958	commit
8265f88a0b11bc708bd81700259a1d82a1227390	7797bff1fbe58359c472c345007d8fb134126331	commit
827b32a9eb777ebf786500617ab95c0b4736829b	7eb32f1cf1888b0520c82de65fbb69fcb8109a69	commit
82a3c6d5824cf8f66e02fa9c4ac2ec095397f92a	fc1ee38419a099c2167b604860c6e818300992ff	commit
82e119213c01fa28103660996a59036aec468d78	d79ff463e2769992fceb74de17d71224d813bd0e	commit
8309d519720ebf19f9a45cc75311172853379653	2389a81de3590cd349ba6743471e52f936227383	commit
830d6606008ce17224545c2f7b43d1888c9bd1e6	66edb1f037a0a073410676155ef45e525428c742	commit
833ec5686b989f2b000d8fab284c359068d2a2b7	cf4eb246cd1c8a0b1b290d00f01e8a4d73781ed2	commit
836f93d8becf0392123ec4923500eba5806d0fdb	7c575ffa836dbd3dd523434125513312182c5cd7	commit
83a635eed0ccd39593cfd1955fa9f1e5aefddd25	87a5aa2fdc5a509b0d6ba636cbc2a4c8218412ae	commit
83d60072eeb8e0b392503c0a1d7024540d7781a7	9db6e2aebece17bfef9950f97b69011d9406b6f0	commit
840cdddbf3d79c84ca9457825ff507ab3195beef	3779f556eaf495d0fdf5311ed1fb97d08adc89a1	commit
8453c48c9207f4c26d4fedaca80428286dac62a1	7291274b8be9f646a89ac5fa5ecb0209b5417e68	commit
84d153c3966a5f4fafa791f18fdc97ccbd505338	5c0ef17e45709092eeb7e9320ecfba4c8e764247	commit
84d9c94828df91054cf12696b723cd10a2a2bc4d	31f30e3c6d1e39b3f8b351c8e5b7ae05763055b3	commit
84ea1c25c6a1495474bb6b2436b0097ab631571f	4eebab5c2cb328b47b6b3399d639510f8c042144	commit
84ef92b200bcd9bd627e06c214ff4dcc6b183530	ca85f0de1f8c680d13492a082872ca5d72e4b76f	commit
85192e026f525fc61240b087eedb07aa2da7f452	bd7099a471c5ff3c907bac126ca4dc715c01822e	commit
854baea8356295082eba8c2b76b2116bcaade075	17ff91f03b491eae944d8ac3b10ac293ff4ad207	commit
8557afb1304755c286deafb982c176fe876f0b83	46ed447923360c78526cafe1110a179334228ebb	commit
856924a65814a900ceaa2d3705c8ac78a7ef4704	81d2c993ee62523473dc3e101a88242cd9f15a91	commit
8581032730b9d04852b72313fe186f994c0f8a6b	598122eba4cc4edb3c049b0573735016f931f03f	commit
85984319f3ef90357b63ef3777fdc1c0aaea6967	c51f08e9e2961ebbc8b384d261d3495f766c74a4	commit
85c2ff99b8d7d5717e8123e95c08e5629d316847	726a20505d75951148e094b36acf97d4e6d30caa	commit
85d2e70f2aae4a393cd74dcae93b7cd1199b6f72	45d34036f599c47b0eaee5c52cbbde5942122bd9	commit
85eccaf39f9a0211da1c2c833c390757f6dc8dba	ca2d0543479c83766a8604cdba589004e6fdd082	commit
85fb333dfe00883745b8217a7a1f00dc630da78f	69e4b3a2e5003925abb0bfa51bebcc268df789c0	commit
861b0ce3351bb38a030b0a2d61a00001cf381bf2	546e16bb6ddab137b01341a058121d9d3d5b4a9b	commit
8626abce1004a1b8034589ee51a7a3bbf1632a05	bf34de47ff4f0f782638ad8d48f7bd2d23037999	commit
863b7cc37742f0cd091beead116ccfa6ab715eb0	941568b7117bcc46726d904dcf1ccb7b4e028679	commit
8647149335d4b0ed2a5e855224f26f5274971656	4d635904d301ca31fb197826de20ea3fa9bc78cb	commit
8657339678cb6cec53902644574d591ca180dddb	b73de52d25cad74b68e154d18b60f96a109ee5f6	commit
865b6e1462fffb9dfa8041b448ccf615b53b2402	5ef0ce90803d11d8a0d7c83c916ae1a70840bf1d	commit
86ce94b605ef61760ad8bc515472644ef3454c8d	2c0b0412320e721e6bde1b25a17223dcf56e2601	commit
87062be2dec91323abcd1925b0d903e931e09ce3	71ed252defacb6ed72841d984020e66f835e3cb5	commit
870d8c65e99dd38ee28ddc8cf370d5eef21c4288	562be97db32cf216163fdbebb40245a959822ee7	commit
8756cfb7131af7781cc19a906f642564c7eef334	2ba360ee29b52fbadb96365f527a499bd608d603	commit
87c63d9fdcdddbea0c5d405e6273fd0b6a895047	6d2b563352988414b9f1edbef8a2412b22c4bced	commit
87ebbf95ae2b80d5d5a3288fbab589d9080d9ea4	e9c6f45f7833596416f70b83ecf3224378588777	commit
87f6c84cc3beced3c6fa674740f765fb05011175	d796e2d226ae2386bf6db0799e28ccb0e1944460	commit
8836f1454c3c000d438c9f0fe093a808d82ec8e8	55aaab2305d2445d3c709cbbe744480bd8126c7d	commit
8874bee9672474989f0fe29595609ff52ea6cc52	919b04954d8f67e3beb4e0b5d40c7fa8ed99875f	commit
88783ad414930d67b487865a0ba4061d351a1429	90556fcba82b2b120d588e5c5a2d404e82ffcc89	commit
887917e177cb214a76171ed44793b7a4e547da14	9ef394295516b9e17fc7739af791ba42c8223112	commit
88df9c49bf6d7755ac05399186acc19f0d49812d	b90d10fb81702504184cc4f13d048b4b7b4db4b1	commit
891bbede499103ae9189bbf9014604cf20207bc8	bca9075e2534aab15f074b6280e735e608842954	commit
892f81f79555643f846558bdc852fe93744da732	0759728e09bbc7f2c6feac849bb57b016e932d6a	commit
899e36ecae0e2254a7196dbc59940378ed44ba47	ae2fa13d5318ecdbe25f278c434aa4ecb556674a	commit
89d9dcb8cb41449bfceaf271dba4223e85a01a2e	d89e04e50386192367fa41e447707a9cb8846e11	commit
8a025d09aff52ad4c1d7543b8e49b5a91084dde5	e6dc75422a93e7b783a9b6f94f69b13393d47eae	commit
8a2afc4b46ec87b6872bb42b647134049049521e	f7585eef83e850a2524e78ecb9c252369c6de69a	commit
8a2ba4fb6ce21fdc8c58a1526da1a7b678ad289c	3e9ecb9f4805730b08a2deb305fc5df94be1e10f	commit
8a3801497ee8c0e0acd36c378398c1d78ed43c2a	b2a5ba2e4e8283521e63237f27d17ddf6361ffa5	commit
8a3c5c75aee75c41894643ebb3fc21e5e6a50d2b	b4e103ab7eb8bfcf6558c64790b7fc0f9a3f8f93	commit
8a3c6c50d568ba6be00a754316ff0d597ab57e94	2a928723ac76bea4554c6b9b4b9e823a8da406ac	commit
8a8abd6aedd489356d1375b87f53b113f39a2607	d9e177bf1e17f2008fd6af2ac254e34cc73be0ff	commit
8a93f7a11659bf6ceb7edaef9196478998aa339d	48885a6db3258b02b4f58e1fcdee190d2ab58311	commit
8aa5bfb55c7c0230ad80ad36873e658a2e8b2abb	3a4623e48d7fe048a7a26926deabc58e0a8df7f7	commit
8aaa9a388336c668a998b107fa0cab37b8285f23	df451b61cd58c6777689743563825c3d06dfa7cc	commit
8aafc681da5446596b0171a300701dec7108a8ba	2ce7b99eefb560a18e401182785a4b1f4ae8cede	commit
8ad69b36f444bf6305946984a89487be7d1dec49	4e0345220117ec2bcf6cc5c047dbcba80af271f8	commit
8af46e3a8daa565223ebf950651def8bfe447c73	aebc179454e1a117a63e6b29c136accd633b3407	commit
8b082bec80f1a5a562c9122e3615c7eef9291900	50e499c5c2dd40e325040037187ff818e5eafd3e	commit
8b332515f23176881290fc7b67b84ffb5d9f260c	868e06e892c7b0ab8135b311163618ce501a0167	commit
8b6b6fc7c03ba0ece6f71f43c1140cff8ea451e0	8e4c89e5b513655b9db279b0c777d909d428b79c	commit
8b71cf706970b9c02e9d4b5f1f1d7f8ea24762cc	509a95f31095655b6105fcb6ace4378cfa9d6ba2	commit
8b77843bb51acb6633db142993207c6ac8a01627	7aa76872bdec980a81510e8f003c86a615923163	commit
8ba9a6f97a4bd140bc78014d46cc60b188ae4e20	f9c962a7871ebb4d01d3c4371766d574bb6e6bfb	commit
8bb2557a543404ce4c9a53a4db99628203e53378	944ad099ee553ca860c8bd3fa10a85647bdd098c	commit
8bbbc9c49c33f52c3305030b50d8abe2ac9d5d9b	8e4922c1e79fee1e56286bb6812a546ee8c37925	commit
8bcb92c7dc49ca86f0ac617e5b7408d56f3c3a59	544249c7bb66ddc3e0a694ba19a40c8c7638998a	commit
8bcf134fa2206d67b6d7d7b7cb019df3d54a9db7	50dc8af1a8dc52937a44d5a7a1b9d455a5f4a28e	commit
8bed64a644ce177c64cd749ad941a7b8a42b7f41	bce2a14a8f5ab7aa6c8cda47adc193e8d7b5dc72	commit
8bf1afd12242a2b9e0c78eec20d7782b66ad35a5	a96e67933852d6f50c82bbf5dbac64e89a5ca180	commit
8bf9d03dd910bf221570c495bc2b8862bcd5c935	0c7fb9bbc077ccd06a3a54a571d98acfdca3249c	commit
8c2a5f43e1c20d11fe3483e2e20c515b9355393d	3f3f3cbf612a103accf592e572920e8ee0de02fe	commit
8c39cc342c79b3d9d90f06249e40d1907ff04b24	74be77893a48d95686dd497e9f2527e34c7b2828	commit
8cb09ed3d0576922b9c3de61c37b9d27d5c4b6c5	bccdaf3a1892443671db78aa979fc5416c9691d8	commit
8d0d2b18fd7eb2bebea240d85f727e738259b8ce	2daa99c9d727623108c856b1a5f231278148458e	commit
8d147682842675d75665fc55a642e4d89537141c	3ffe703df3e0ed05338b70f4f5391f73e367f335	commit
8d1c09485cb21997bde9448b021ab4a51812a2f9	fd74089f62ee26584d4cf0ad848b935952ec192d	commit
8d1c3ac29660187425f8a60c7ef4a534c17fb8b0	2f005f92d99f4141a266b08cbe79e773c0e16f22	commit
8d490bc111494bd90d87f9d6307dbb4801564bcc	e5a0214a1c7c73945c8607b81c1038590c036677	commit
8d6718de38efd1f40695b76b71240013f60aea63	e4e6d6ffa75f53c6cbdbbfe2b2e64475a4879b26	commit
8d866c84c0191ac8b1588082b11e61bbc8ee2ac3	8748f08e389abf5133d2b9fb48a2dd7186d9d8e6	commit
8d9a5d944f89c9077ed843592f41defe336d08f1	dcb9cd0334b97739e609e04b545223a48def4716	commit
8dbe4ac581baf8d2b1cd2143ecf529fba71fba6b	f2851adf668d44965914300ee9de34be42c25c39	commit
8de05cfe41300385728b9e9f48837ee71261589a	ca3074551f453e00b7ecea9a4df411bc912ec4f4	commit
8e466330a24dde4a5c282d1cf8af305dde41b0a8	0a99a52e058da3a02f86be30537a43489c5137c9	commit
8e46c58f9a0d4eee1aa77c54ed3387bda17c0ebf	69d71944991a70dc32259dea937b42adc33d9f2f	commit
8e4b18fd99b2c963a3f54386ffc0e373e423fffd	30fd5d25c557e071034a3b7c8e4b46482cfb040e	commit
8eaf0afcb153a57ffc6b6026f9858f1cd103b7b7	e9f67f4a78d58fce04b646cf3cd0e04293f79e25	commit
8ebc6f0e17af0a518421633443225d3a00320e56	fcdee6ca0ba4cb5297c68a186dad6ba0fddfb937	commit
8ec42af4cc3fede0515ee4954510c7e13ee6f00f	4744c31d7a5fd264af1fcbf6fb8c35556ef43994	commit
8ef8897f974cee07859d03321af26b020e79e65c	6fab9c2866997b2583564a1f34a2a69d9efb6e69	commit
8f17f1b092cf0c87ca9ee9b4782c28b04c4ea210	a54bf03590f7d3f0d86a533b5b1ebd3fdd32b805	commit
8f30f5651ade9cbd1c0509ed4224ac962865a3b9	ca77c9b659df79e687ef597e81e655021dcfc869	commit
8f3e533ac913ee69b3cfa778837dce4620c27b81	14808c7cc1d2318c12ea44a8f211ca2f3ecbaf5a	commit
8f4be8ad559371caac34578fb15b021f6f4d5ffa	92c5cd13de99aad1085a2c44f1b7950bd3e20813	commit
8f5c0e761f4a8404be21cee95237c93ca18934f9	cf76e29140ab7b5c32c39a1fb4c4c62870e9c527	commit
8f6b732038f72f9114defdd058f401c4d3ad764f	4e2b7f5afe0abddae2bc15b668d9c4d9344a8c41	commit
8f8164a5bba6ab3a2ed0c7ca46cb8763b827081e	8dcb0d5c9047673fdc2be799f34c0d24f17389ea	commit
8f8d6124ef6c9199551270ceec643299b5784e6f	2878487c6753b39cf09d063b170353f6962a8c54	commit
8f96a11982df98741480aba355f05bdefbda6a30	e1839e163a9b79dcc8f798098c37746976798d7a	commit
8f9fcab405f39b55ae4a0904a9ed748847bdb99d	ae2af1a2ed9897b89dbba8814b5488aceb9162cd	commit
8fc6abaee822c5619d98eb0a92b4cf651b511174	56690d2b4e8178c7d2426da950ed63bc8628ec88	commit
8ffb36f1f3fadd3835bf047a7d4003fc6f741398	09fd557258288d4ec9462f9e979b981f87139cd6	commit
9000dea1baf3cb8cbaee40da5d985e6533ce7bcb	f6720ae624050afafac827f1cec014a8ac013555	commit
900623fdc9e122a35502e3a8cc53402e4ed1541a	ea927bcb367cb666e170b64618327adfa9d08b89	commit
9029903d9f33e4ec4dbb28c409761f0bb472d5ac	cea83e78ffe01a41d4aaa55a30f633efcf2e8c1b	commit
90355774b0f4b26391f4cba54bbfdae05ce53143	b80582a1057d2bba1ec7220b0cce6d9aa251a101	commit
90391967454bc940161a15da1560ab52f482e44d	f16f056461df853250956c6c857db2d9e3ec0591	commit
90480c1afa7d25888ea4816e6bb07bd45c7b4bc7	446f5705549641a450fc7327bd4a6ad7cbcd3b6e	commit
907f0c1a0c3896d0c9734a79b03a697b4259758c	13229a139264ab05b4886ce93e3a9e557368a1d8	commit
908fa99e352d30614daaf7a3428d48928ef94120	39b8437381064e3e4068d9efaa0d69e0cf712416	commit
909030f4ed820a41f4c77fba2cd2e7ca587e4ae9	a33e0b80dc45bd1549c0d1fcd51b741b6bee9bdf	commit
909a911461197deeb624850fc95b9e6a3f77ee0c	3f3ea1a0aefbb3c865e448d9d691941d1dca72ae	commit
90df56bf5ecd7d29cbfdf15877760dda25d1eed8	aab2d8a5384bad799dc62fff47adb99c24208674	commit
9120f2c9213da08899eed9a38ab23bb574df0d0c	c1c54da8db6475e5b4552ff0b3b6fd58e8a65d01	commit
9141abf80f468f1052d4db07baaaa289865a17e6	c7b05c1183fae658a09e249fd45acdeac516a858	commit
914622d71c7cc40f7dc2e4796756b12c2351a82e	aa6c83a8eb0064c2da33ceabb1606933a2b8b94f	commit
91914f8b45e148a169dc9078a06ce9316b7fa7b6	7e6d345495ad5b2bcac44214a76bff3d851ea559	commit
919259cf41db0d7c59a601eb9073d0363c947fb8	821463963470315c8eec42da78783c54f8bdbd46	commit
91a9af6634f47ef3ac164e28d115b470a5904824	64df0668520aaff536507b5add8b4dc5d4fb6375	commit
91f816f2bd12a8813e92ecbf854e319fe5abf97d	eba2d57f57a4876b948bb4736fd1412baca295ec	commit
9203c93a5220230daa545e1e7e75ebfe3f4f01ed	63a7f42e3c5846570afd8dbc2e982a96da5bdf68	commit
926382b3e6d52b991b68f50543878d275d9a69af	7263c50fbdb4c5806edec218900807bbaf4bfcf7	commit
927a6612aa089a89741a7596d39c1185dc97c835	3cb2b52334c57c2effbb38e6d637d39e8a9a239b	commit
9280734ab9fd8ac71d58f4e381d77df9a21a0560	231c4d0d0361d3a30bd4380239105435bb9b9175	commit
92a7dc54628b774ca4b142f91214ec13afc9d3c7	77a8ffcbac21c1b571a21ff6cbceebc00d32849c	commit
92bb8788e9c5b456de83c9a03e3c641bf7e5215e	e2bdbf322bbd2b2aca2fb37af7c3079395cc3b2c	commit
92c84b6b388750407ed5be99cb0569de3c6cf290	a5d65fb7e5a0fa3c3738d37e5337df4642ac0a43	commit
92d33acd704226807ec9c926a3e8cdc69a64139a	eb5f8ac5a57b8c52b4699dcef89d3500ba07ae78	commit
92dcda269832f0a437fa7224edcbebdeafc875a0	cbe3bde9756ac764693ce16f6d2da18a13b2eb57	commit
930b03526a565a55a348ad1be4f89cfba1f55663	2699376f483314a32b0179bf533a507dd14267a1	commit
9321a1541d485050b1c2338c8b73b603b44469d5	f14fbe367cb2c379690202b253df71183464b07b	commit
93610f10202392604dbf2c961896af4ff67b1551	a82a0039687143f064c022dfb8bf615f0fd924d4	commit
9366eca7bfcdbbc27bb98417942744b68b62fe22	6cb63dd440ac62ee18c93102446eb9f458a58055	commit
936b58761cc04a79aa245328f55885f82c227912	be49f2982084dcff186a9f791c240300e51d1674	commit
93825cf9e51f94cb033a9eb6f172ca9351687f6e	68f502d8e8d531326ae218305c9c4b4ae3d477fd	commit
93a7eeaf7ca4729251baea780392d21a6b981bc3	b48d267b1ddc25b6bb423854ff99e5646a7e66e7	commit
93c70c59678da9af97126eb860a97d00c7c90a8d	99b1c532b8be127feebc1b07dd64c082ecae8cc8	commit
93eea070be90cd4eadc7b41754b1d149c4f532c1	9bfb3232563489d230fd43b77ac5d7645e573da5	commit
93f18a697277a603b99f1b30326607723e59163e	d554455ee796aff9604fdb21f8f8b4c7e2e7a095	commit
93f1c3f24523605640c9359f6c0be3f6f9cd5084	3c42d79a7f42e80581bb8fed7fed2a0d5da4a0b4	commit
9407460b3a7b232ca108a9833fa5a4633179a8e2	c41c638fe96adf1c0a49c3b2b9841b6b528da3bb	commit
941a6b6f7ae17fff8b4551d9faea99544962ec3d	ec9adca03c6b7bc382305544a7e3b40af1ac21fc	commit
942c9819c25ccaa35d66cd756f7e52ec70599d1d	f42887314bc9a44c1241e7cd2ac8d74c61c5542b	commit
9437abe548d3e671a6168aed2d3034911e9bcfe8	bde399e57779a57d308be75728a7ea983a4abc2f	commit
9457c70a6a10b682173e87bc00b99886a0e2ebc4	dc8a24dbcec7ca260c779fa8d45519be6c868b44	commit
94868692c9bb38749442c11df4a400b572c0b7c2	de22ef6d979e46e33cc2299a164f1a5c5dab6b46	commit
9490b8ec3492b4b6aa30b483c863ce8db30c0fb2	3659a724927dc561a7d330cc3d3a17dd0971d655	commit
949afce55fbb72b9b92c026873721c505aee88bf	afbbfdd6b3b0ea2b49380100a5cd23b988606087	commit
94add34fec6088cf848334316eccace278d25619	e8259bad624affdcd69287dc1bae1624fe84cd87	commit
94ba503d97c4a13bfe147ba323623d4b11e36123	4435010464ae01b1158bda65f4ed8e6cbd290b8c	commit
94cd8ce575de535192bc849978ae1524a1c98e8c	130b5c63e6b510d2f7ae155ba918d954fc9c6e6c	commit
950215bacf733b63690f4feddaf65875f01673cf	9482edecbf79441a5b05800a4d4a06e909f1487e	commit
950e90bea965e7fa33cc0e511732eadd7b4b81c9	0e271f7128a34fe7aa6b1440fc06fa7e8f1ba0ac	commit
95289405dfa7f86107ddb7770b5569d2491cedfb	517a8b312b5a12100c7926776c5045e17e938708	commit
952913bd034216f88e5ce6198c7f0f3b1452493c	02ce8f6d4d6e4070ac1d4f373c241cfe2112e110	commit
9574e28c86a638b0d2422192bea589173fe574a3	bd76621d6b90ef65411dac44a096a18d9d753efa	commit
95789f199e81f32f47170e90e2c626d79bc9f59f	142a31b814f6a5a81e56397b3266487c62c53aa8	commit
95a96e82720b86f75a0edb870ad9da89a5ebecdb	3be0bc7b0fdd6ea1b1dc73e956b4c23567d93d9d	commit
95e044f4a0d06379a22a41dfcb45f4dd21ceec6a	5a5be19b4352699f3a19d44b88e358879e197816	commit
95f02790e07293c1ab84ba0aee37f079ea7d4f89	0e9cd5f0397d83a9b89000829e1da2735b696d9d	commit
95f7c9073513828599f95744cd0e53ec1c2cfd4d	e3979b649aa6f987761f6718775298a878bf57e7	commit
960db02718955cca7c5f97bb1263d1c30806cee2	7665ac4c1af5b371c98004e7293f0c1e9e148e72	commit
96386fb90ac7ea78e65dc2600be02ed69e94bcd0	16890c6c37a97f512b3c6e45a432446732884061	commit
964f9556e9f7acc35456a80a6e1b3e295a115b46	4f03501f65f4f9687bee1480d4bdc5d9e354d58a	commit
965048c246282bd305904b5159a22a4d92bfb70c	aedd65bc5ff48d4ee12243159be475e0b4447e48	commit
9666cec525bc2f52d94b0a9c1b2c03cecfa9b3ac	80b6fcfbf0c5d5a9d2df0725db67ccf921b15f99	commit
96776f2ac0a9d56a6156bc41d29dc865ecd74cb5	388872680f850fd9b4d3872d86406fb24d2dd703	commit
96778c717c5f7d0fda4977c440b8ca3bdfd46819	0934fee94a7ae2d2425072e12a56b9b06424e065	commit
96ba32e0dac52850efd02d87f0960ea951d42743	6ffb0dd9276f8ca299bdd33eaf93724cd6cbedd8	commit
96da070cdf7bbf44fbf509ec0ba34dc7c6bcc518	a4bf2803daa5dc2e7974041f8d052f94971e7401	commit
96dc3a3bd63145f65b21f3ad5cfd9c2cf26185d0	15405dd57568275acbb8b65bec9b1442caea2f8e	commit
97393b2213a9dd6d0fc58a66e4db2c0dae1dc1cc	f77220ced93d44f4ab9a65672e39d74ecd1cff04	commit
9774adae73ca808529573b4f6764cee726cf336a	662a6aaf527c5dbc75977d2644e2a895c4a7dc6f	commit
977776db5b4bab497e670928c04fca94f3ee9376	fb2725f7f264e5ad9ec634ebe112272798e630dc	commit
97963b6b6efab6576ef393e5e49bb4df08858c7c	0937cf9d537a25aecc6899231e81111bf3403ae6	commit
97b71392d06a56bc627a5364c149d39be6a477fe	458456fe695eb83729399f60e153ef274986c917	commit
97b71be25dc7ceb331312919f64104c6248e0ee2	0394d971a754622845199de2d67c45cf58292373	commit
97e771bbd9e3a486f06ce6ea0fe75cf0830bab7d	a6cdd327391e1c603853cabdfcce24ec7f1ab4e8	commit
9822e4b5b6d859e0b24b815308cf3dd7e797806d	74d732b08456261f1a85752891c8909000ee7d37	commit
982ba030cc40ff541ec60363efff262731ca3ae7	73c716d9d2324a45839b9375bbfc3c1b4e6348f2	commit
986d7c929d02f4ca96b059f4baed0de09a4f6e7f	2c23255a25cf276fe052282e242a03e91c40af5b	commit
989a132439985f7a96f7b73a3473535b3ae736cb	0ac1954105bd34ed97878c49fc8ddb5ea1a1e8ab	commit
98cb2fc79a2635726619e90d41fc416423fcc19a	a1aaf4e292aa0f79aa251893035d01fe2fc7b4a6	commit
98f072aa0e36f8549e56609143013988308a9a81	90d5bcba54156351253a4b1cc56fd0f173feb175	commit
99438f4b262b9bbcf12de11dc6e18be5639da885	41fce3ffb824b99c2b968bcad3a39b81cfc9192f	commit
9982f707e3298b299916947a6b96101743809ee8	4eecaaba0c7432a3b43cf5febeeba940b397670a	commit
99b2cabe4a27785f9aaa99512dc765a3046a4b63	3f079631d10bfcef450ca10a63b09064a5bf89ef	commit
99bc61e6c16e73db9eda6a399a700a91490eedbb	fdc7f11ee64fccddf47e5bfabe505b6a403d933a	commit
99cc12e40820b979b6543aa802bfc7ae3fa4d3e4	c8deaa7cd8652851c624b9d4e2c48d2e228a3550	commit
9a13c5deb469215a711659a3995e3e23e366d628	29bacf16dbd13b1205a167e73a5330864d5872d1	commit
9a2d87c21c6df45df44730650fec98514fb54bd1	b1918a144a171e8b9350b8993e49fe80e5e8466d	commit
9a316de34cff3f7ee985c13e1b6f1dafa16b0bcd	da3920661668ad76be60efc63f41b0340d961dac	commit
9a4024c8e6be748fb98e3f7509e7c2b194a3a100	81d7aab667ff3f216de31a0a7ecb4124fa4f1ec6	commit
9a585a8a71d0ecdf412970bb6d6e530cc8007480	aa491b8f461fc5d55175e7537b096165522e25a7	commit
9a5b36f987c30ddc0c7b31bce553167aa77c80d4	d616f086673bb29edb0d2375db3d4ca99e0b523c	commit
9a5cb88bc92d7f8c292ab3392bea8955b09211bb	3bb2825bec1db3dfeb11280a55992d59289c740c	commit
9a9b238dabc18e80c8a44c92ba992f1181972dd5	30646bfc8421b423ba3eabd347e5e1e04554f0e0	commit
9a9bbd552b1ae57a41f2920141405713766d1de0	e5767e02a596315127cf9fd4a95305b92381deb3	commit
9ab8bf3dba2e765a7f1ff92adae0390d1167c898	2bbcbb83a38de881499bbe5002c52b23ae41c335	commit
9af09f9c10e734a046d5b449f6929d855b89db43	e0cb23d333881c47c63c5fa092595a12d50f783e	commit
9aff83d2cae9bd3032f1c3800529d2c5071c5cd6	7b530a8bfac6f703661a17fbde88dbdd439c8af5	commit
9b276bb63e94069821ecdd5cb4af5cb2bdc560a0	1dddd887a152c2962071feaced7c235d3abd2881	commit
9b30f4661734a64e23ed810e48f007e5906e1caa	c2ad5c461bb114a82d27adfe1dc63e03fe10c946	commit
9b3f3eed0b0016831f58222c6bf3f1d70507b01b	d986003d59f1c667b959e1faf77fc5875f4f5d88	commit
9b5ca5f2d9f1ba529e0282aced280d9d64a658ff	7fc5af065799fd0767bf4bc739a466b48f662d63	commit
9b6ebcaa30083bcb4116249b5821cba7bb00125f	20973fcac3d0d31e030260348210fa945e320154	commit
9b96f64cbf85397e2ac94a0abea006379144eea7	417e7739ddf9708b3b104de7f21fb1bda0b78f08	commit
9bc4f910b947f3cfa6a9479f5ba9f3cddbfb462c	c7a71a037c3f82f29d960962dab38ca8dbf70347	commit
9bfac122629bf8699d1c3fb4a230c14fa65b04cd	2ec408066be712e9d2eb92914fbd949cb1214717	commit
9c03a2795df127d7f22fd6cb6d6889a5104e3ba8	ccc3743a8458f5c9dc07327d13781c21d3415393	commit
9c1d95027112cff1e36748e3dfc34829a06745ea	cb1272898c5980e2fdfe64ecc6dc849e8a618bec	commit
9c263cabe3f0ebccefe32ac98a4f5b0e66b41918	e0896a8a2cefdf2e8a3440acc1c81db489ee1e60	commit
9c4e71ca45a52bed54140a87da72547632b4c1b2	d99d3780151974f6345488a17c8cc7d6d70c2c2e	commit
9c6e9e2e129f77905c4c5518c6090cb37869dca8	d5fce4b8431a878df5338258befe930612e70552	commit
9c92b0105e9ffe917f4d3286d87b52bce80d2268	3609f8642af2d9adc873cfa7de7123ded2bb48bd	commit
9cd082901972e769cbb414871dd16784828971d6	010111dcf9353c869636f84e04d1ea303f2f1bf7	commit
9cd19dac7d70296d21712d0bb22585925788f285	6df188e03d43a73a00353bd114ca05806d6b8bc4	commit
9d043b6aa16f035b0009f4ab33405da8f515108d	3cd5ecb1fb5a4cbac966d8ce40b05f6c2cb48b71	commit
9d113ef641870e5e75abe1566979bc332ac16809	63bc8ab81483da5bb81cf7dc32074c0306d3cddd	commit
9d15c725909782f14bb8b5c9394d41969aae9f29	a9b4d4c1c9323ab7d1405bd02307918e6d2ca652	commit
9d3c66b5a380f61d7fd1c82adbbf2bddff9cc359	511290352e37d9ab933700a9f0014725ded92f1d	commit
9d4253918d377ba46c989cce3f586f134324007a	9d4e966cc553fad4729b13a17384c00b6f75fd2f	commit
9d4c49b79255e30edacb89ac7a87e9cd8fb5438f	f0eed595382f2115fcf4d510e23cecc5a0ff53ef	commit
9d503391c134d744725b7c1bc7cb7a357bcb3f08	d4f9716b26413e62d41e17ab2df212d27bb84c65	commit
9d536639a296697fcf2ff4e61919ebfaa306df37	10f2fbe0992b6803c75d829132e371c12d5ba86e	commit
9d5ea534776c4017f037967a0518a4ca02f29d97	0f3cbf3ae85cd90b3bc1c31dc09b6fa16870a343	commit
9d640855d7e07b2b629a3475aedb9fc436d67530	f3038bd33a4bbdbca392782145dd87e1e532ad3c	commit
9d6f4fa31c17699804102cb02c8b9243e7721981	3f0879557f538cc92a8573df6ce2ac76a4eceefb	commit
9d9109923123671d1e6aa1d65becff41951387b2	5445c01f645d80776e1e94d68ae3d5f13cf27113	commit
9dce5748da8f264c9cbb73ff1180975a53eed0a2	4cbc6ab717549e9ba721b7446fb6b96322bd99f6	commit
9de518ff0c312d10a256e633e0c1f7b1f621a1f7	60c76538ee030a25f242ccc2f2a5917ba639f486	commit
9def2b04244a7ecf22b9799caab2db212537bde4	a8b77bbbb13fa4146c8a70bbb7c7a4fe2e13a8d2	commit
9e140e83424aaa38dc3d34b8f240e77a2c58e486	eb92da845b8473420b58359d970c7c3debc0f971	commit
9e183127be26e42d6fd5b36d63e8e49f513826de	356bea27e8a88a9de215e088a4974a183359418e	commit
9e4a5d64106189ec104f754e9efe6d9017677f7c	102b3ab9ca580c25878bb280cd3cf256ac1ac7b5	commit
9e4c9b26b4a289037a626caa9eafa471da33d6dd	3653a814f806531dd53a27d0f2f9f0afd6b637aa	commit
9e542cb957258272ebfe4edabbb84c573d5b6eeb	3dd9171e68baab1a94e8e4c1dfa7f353a13d1da7	commit
9e6b2c8da2f3539ad499c5fa1a819223c3e0f86a	283eec6a6fe17a06ae9c4b8a56c019a5157b867a	commit
9ee1694c65a74b3eebdc009433abf4c845026f8c	0fb700c1c901b930d5e1f79d97eafb0b98b48fa6	commit
9eea2f44e33740bc0eb9a71dd09f8c2926df8d9f	a58667a74cfbeedf2e08d736f2596e88d38ad824	commit
9f074f4724f889bb9ea79b4bec86ed51a1f7f7d2	c6a879c4032e63be75b21630988fece5c1eec0ef	commit
9f235e05167f338381c308959766f6f53a5a833b	229726b3697ab24eac80102a67a1c5d5c3c54f3f	commit
9f32b124715d5d444b1dcff29602dedaa6b48c22	e08df497cc2a48190d5a28960bb5dc56d3fe2d5d	commit
9f66c5f94a9f1c357da108b2a8a57fbcb47ec0f3	dd97e4e3f2eb1e1eb3aa10858c319dcd287629b6	commit
9f90bebe6a94aec2cc5f977cc0139832920bf1f9	441fbf0ed0f3a9c8658caf6f99a16e42665d2259	commit
9f9d7ab9c486687db4d3373ca7353bd9c5b16f53	36050b6eec465c6144c731e029bacc55ae9ee3e4	commit
9fad1f4db5e61315fae22c400f1cf455d1ea322e	22eb522e3d6158b29e5a3016a6b027ee255c3f26	commit
9fbf865f0014764aac8f530aa473c89c1a664af4	2a7fa775c95150d0c124a3fe714210803674b92e	commit
9fc6d389164265e91669a5051d703b4f0af3422f	52ee6528660d913643a1cc5aef9adbee1f601bd1	commit
a00956c7d85b56e132fc96f5dedf63e64f2314fc	34e81738960f396e8751c9d6abae6a83e8254410	commit
a00e7e0c2c95273f7daebd077caaf787ad790a38	d460c928dc36aca6231a86393e1845cd6484f251	commit
a01a126a4df80122d1131b6a432d057cf18aae53	de87273354307fd9a370bbf14e23b626a665fdcb	commit
a031298f5025264182986c9c031cdb5c9d656dc7	2042baff6fe5de11e45d6a2d4085b86b85a3fe4a	commit
a055b1a7b8aee56764733390acd72e42582e1132	ee6fea8c67d94de67a5d35fca0cbfed7370323e1	commit
a06f4575aa0ee85558ac73ced2d548e3ea36a883	2a2e56a270e9c051a233100a0cb5627812ed59ed	commit
a088f077fa24203c9e70816c181085e8439c327a	6338c71963c67e5672ca1bd6cb605b1d645d4717	commit
a0b382ccb799304e362bc238c3dd959ca45617da	f0a0079b43e482811b4b3e6595896b916530404f	commit
a0b91028e97a82146bacb282b02825085b36bc49	1e30a15706350695df7e0c3b33fe2d9f1c8d835d	commit
a0d13ffd5259cad34a4a1cd9318c17ec6bc0be0e	f8d91706ccf4eac01465206edf01051dbb314d0d	commit
a0e53acce5313198359a12b526c8a647042430e1	90c177190eaf6c62652ab438fc47ffcd403c0ade	commit
a1149adfe1b675b24208f3230f07c391fac096aa	2909f3831bda5e4ce1ded353dfef2e5e60f371f7	commit
a13d5e00f4e678bf3e2c7b738b0a8e1655419cc0	d9b14b6030a01c28de7476a009b75b5307d4d134	commit
a1628c2badbdd7bb74da1ac928136ec47779a81a	ab4e1d32b7e20ba7f68a13f123fce473c9490928	commit
a18702f6b3cbba82efa1d70813d6c6e593cdf727	051cd5c1d9dfe881775df89272bc71918a081404	commit
a191a996e871f8ead5c4233d51375b83fce8888c	98bd7d27b068933bdb32da0e8d6356f9b9bb589b	commit
a1a28616043e46525e0dddbde48954deffd58ac5	ea011841a4977cdb7f3e0479573b994e882642cf	commit
a1aecca0191a323e79f980736795d870f567d602	72a4df5291e3f9afd4d30a6017d1b7103e6a8a5c	commit
a1f739945d45e99f0c8ab7d181900f8995c3bc19	539ac243b56f2bf6f6cb281a6769dd8ec2ebad32	commit
a21399e997be5a75ab9aaf2a8c6866061d00600e	acc15c6c8fda1854915ea081c00a1778f20468a0	commit
a21679b7bf22c5e71f83bbd1fb7e4cd3cfaa3e1a	37aacab64b7975e7ddcf6f573d8da8c257d24919	commit
a21e88ac45e77324d056a0cd5b72ca99c3f8a6fe	750752c1c2f293528d4d834b87fd89d6e226923d	commit
a22dcb329eaf68aac723b13f004fc89af22f2ea8	fc67cc1d910811c4ff556d94ef2ea0b98136b8f7	commit
a248197546c40e9d897b5deb02e1bbc4a8db90e1	5bc70feaab0f855cbbd75bb3e798afa101cf94f8	commit
a24c5107ec8ad6617b5c884f3ed0fd3832c116de	10dd6f7d3c0e244f9ee0226265e38a83b9eca1e5	commit
a254a4a4645a28ff73c4f57d2c9493322f71328b	0d16238dfe5760abc0616a95afda1caa7e8ff313	commit
a258d104dcd5a16226f8d3ccdaa021fb13092b0c	81a7ea942cf165e5bdb9d7e282a66572599f7472	commit
a27e7db3e75b9056a4e4f0515e2ef2d1efa57d93	8db84c20c0ca74f65aebf2abae38cfcd4d017537	commit
a289b7bcbe5021448630a52190f8d877158acd24	4ae58fda47f022ae6cd247f9cd6132483e5fa6b7	commit
a2909b9142a5587cbb41d2f814ecfb561c511334	66ac710fcbd8ba20fb78361c07a115396bc34d2d	commit
a29466f2102acd89219f6ecbf8e08bc5e21e4e73	6333cd7b7a0526949689e0b393646b76d256ea82	commit
a2aebcb71da279200d6175212a41303a778da3b2	5e8095fd3c4a31dbba21202060976ea14b0900a3	commit
a2b4264bf82dd51e8ef9099bb99203b8386cc638	1945f4019c152073051b1c1dedbf88c8ab5fe96e	commit
a2cc8635f67340c2489aa40979611934db9ae730	4caeeeb4b8c63918088d84470617ea34080f2362	commit
a32f86b28c98b5181cb9feea85fb0067aa50fabe	c3da2ef36f904e1885a162451b4d71b0d67e2e12	commit
a344e66b68d615b65063bff3ea44f40f57fe8b18	0d51aa3304758454470d9db287d38cc94513e513	commit
a3672a552f9230f3bdbb89b9922e4164de9a2ff9	a8b69c7b031c73e56be85474f685b69dd69befff	commit
a38973712e377db3baa7db6eff91029b71701ad7	e0f07cf787199e0739d8913c4ea793c11a6dc881	commit
a3e9416063e232113a5426c6b792356dc9882ad4	346e70b2f7737e2ccf16054a4fd9397e102937c7	commit
a42ea00b699992bf68dabdbdf9dccb58a7b5626a	3a5ecc89abfb0eaabd8080e9705acb7768b72216	commit
a45d68b6462f69354b74faaca20a10a216247941	46cb96f7c02fef15b0408eed7a03136ec52e81a5	commit
a486a69c4932eb25889b6f73e531cbf602dcf97e	cfe6ef61cce0ff9a9bafc1a76834a3a9eb4d519f	commit
a48dbba17c1d8006209edb9ce00e85099e9eb5c3	2a32bdcddeb6d2776596f3fcc2db3144f7c899e0	commit
a49e8680f4055a6d5ddb82efea3286141fb11d33	999898cd627a8970c01b60932a8d3abe4941db85	commit
a4beacbb6c6e5ccf235b568b9fc4d4d12c267c3f	82d59e5b35776ba0311546ab93d92a462133bcc3	commit
a514da4223b5b74bc26ee393bf4e665aefe1cd0d	7a5677b2d0c5750bd83cc2dc5db17a759c79449c	commit
a5156624364fa3aa7ffc5913d63b2235a15965f3	eba1a25fe71dff90b6fc176a71b8ba345bcc5f67	commit
a51fd732f073e440a147229a69c02c5af704b2bf	ed595b332e2ac3494cd1385511c7df88308f4431	commit
a53870ccc24d8ebe37c0eedd15fed91f9a6e0185	753d2708aa3dd6066baa416937fd4b57c316ce0e	commit
a5425bc069d9e3b3aaf5f37330cb8ffe06e14826	cb27b63406bf4b8e2f8188e51b5ce40d9cc636ae	commit
a54bffe4c9a4bce114ea45c1b0c1cb8f7fa9c17c	fc11c2ff261ef857324a3793c67dfc8b4ed270ec	commit
a54fdf8fc960142a80f7f5728bb01ade0812cdb4	2a93e851079835784548b293b98b5ddadc70e7ef	commit
a567e92521924a2a5c8c23037495749cf23da305	aefd7b9a39cbd1bdcecec24bd11b8e099fe09ac3	commit
a592ce7dc726f95fee24861859c7b1ec829d79de	a6d9e61b48f18a7e9f3f43dc7ef969f2508a7e80	commit
a5af85d0bd8711e55f5375de6b01755c2e164fc3	485b9f826f8c7a6726e867fe7d0e1e4e49a19e29	commit
a5d917328a20876480176b31a3e564750148904c	05373ad4c13039955370ed282f39c0b5d62b8124	commit
a5d95fd2a763bb29e122a320ca1fc20133b681fe	e0dbdf67c32c2cb1e994949745cce07b42955c9b	commit
a63c545b529b6da0bb895713c5e4d20a8a0506c4	123a8f60460fa0560faab5c8207850d55d223292	commit
a66b5d571734bd4fb2f454f26cc67ae8ee42000f	3aec0e703fba9073382991d95ef074d685f966ba	commit
a67d96088c5fd2dc2649a427c56ff8c874352637	9d91941b1375b313f7e1719ace8c8b9defae39be	commit
a6d44e03cd01e93a4e6c2819be18602b8b9d8084	99e5e0bfaca28fc5e68a190082a3c307f2537a24	commit
a6dd77acb2502c1f896dfddf502252e47430d322	71f3d9ea8151c4c583489a29a20af90d30852582	commit
a6f8bc500dd1d8aaf89e9232c24979285ab220bf	50923a10bd08463ed6b5872f15e982c96cf0d10a	commit
a70eb76364b0b37413ff2397e39d37f907c73ecd	34c9be2a2b327477eac996a7024224d04311ee94	commit
a732a3366138ec945d9d77a40c651cb8d84faeb4	c89881152ce1f1deea3173dea31e6a1d5f086352	commit
a7539cb4a29a2d2b4280bfd8b97df5f87fd7b77e	404554f49f4d159939803f68a9a4c6641a0a5ba7	commit
a7a87dd8b1d03773086fb1904fcdb0fd78811aec	2545b0c1f192e2b3209212de0f52419894a4f533	commit
a7c10bd6e0d48068cc09f0c01862b933b6fec84c	00ea1655dfe92c6e5900d8a607de8750f8923d19	commit
a7cdb99078d91dc82e5663c60f76d256811c8999	f439aae61f5a2de33d829b2589e589d57f218f0f	commit
a7ee5310eeaa10d26c90c1e7a7e4a2a2b0adf50b	a993cebe2be30bc958549c429fa36483b5ec9472	commit
a822b463141db361c4583db3372a306086f4ed0b	4abe7b2675503e8ab3baf83d0072d481b4257c00	commit
a847b6792f4a5b49837133ab54f89338f3eaa697	523b569d2e86f5137dd39f750f49091a9aebc810	commit
a849b5372bc0db69d424ac318657e27598df1d02	6c3be0f4892a7eb123f265865e92971ba180a689	commit
a8925a3e6d4b89f8237e8512e567fe685cce206b	e2820e1504f5d48de77abdcb308921f13e32fffc	commit
a89ac473020ceab0de8a0de6c9b96e7f97b059f0	dd61e0107f8236022c40624c05b2b040eb485464	commit
a8a2ddd59ec8bda34e134798c1616e61b0d39c5f	16664a7ed038db12cea0d5db5aa4cd9080a54529	commit
a8aff2e68de5d374941fb9cfb8a9949d5da76889	c1bbf0243a51066bb4ac464795ee041b5a03e389	commit
a8d81b8e315bd9132122650d156b45855a3a9d1e	b3094ee7c8b4a6ccd9a1aafa8c3e91444b79943b	commit
a8f1b9273b20ce3346eeeca3ca736cbd66489abb	e2069c366feaf43c6628f4b3fd89cb255994e7d5	commit
a8f66d56790322fb6bb1294321d2a8f465bd3c2f	e228be81889aedc8eb88709aa1dfde0756d4c385	commit
a8fc56da71b1720438e4a1f5dc18e28016193279	fdece6e30aa7fcb902ed6a7503f6c505078d75b7	commit
a92abf20822674d445361e8ab40e39fdfa9ac704	724322456281bcdd658412cae68608a8b78d2bf5	commit
a9331e78996229695830f7243dcab287c92b1d33	bedce329db9f482f05478c35aada2ecae45a3772	commit
a962ddc31f71ec10bf712fa48a667e2156ddf73e	c4c64cf918d9d07c8aca5965b4fbac3b0a1d39e1	commit
a977abead607c62bc7503544934651cc3a4da2b3	b7f65af0bbcdc7b94522c959a0488130a58208b5	commit
a9b5ea8e5f3af31f9603c8ad1d84aedef2e52a6e	3ab18a9d1ff405b9ef4433dd043eb2114dfbf8dd	commit
a9b967b83152da9daf03c67d494c623537fec1e2	3a4d9988b880339de6b79613570d5ffec28cc713	commit
a9c0f89e89378bf0fde51b97e16135be8b2355e2	b63265867aa91976d91933bb03780f06ef88aa61	commit
a9c28211c34f412db67da263890844e5b887d1b6	836a6b943d67be2e0cbca8c97f92afb3b74def20	commit
a9d7e2e1768fa25aa58c4cc532a58ec33f358c8e	f69941c1953494d24e7244dd155f326fba2c9cef	commit
a9fe5f115641a716e60245b65a1cf134e9512732	f4d03b20cde0c60eca243b297ce1e342b75795c5	commit
aa19660676345a7b553af7d695b256c86b90a85d	f144938fe8dd833ac95a9bab391a1166ad83a0f9	commit
aa1b5dc48acd5674f26d169fc78f5a7f34cfeaa9	da88d454eac96999792469bdf3a834e942d851a7	commit
aa2e7eacfcde71c53f1539d7c36a3da2f3a0977a	c819cdebfd014d83cb5992d165bcfeb82db05c29	commit
aa4c1c2699b9ce70299ef75833c61e6998429ef4	58252792877f1e5dbd89401b25b49fcb74b8925b	commit
aa5a01a1f9fd791524fa182ee31e0a58d84c9229	3ddd87df7b833e1c99d3aea910f3af07a2d39bb7	commit
aa5b2230af0e6b560ddf023b1ef9087126f2e051	826e6ea4398f8bd3eb4f8f2be03fad6dc1ebdeef	commit
aa628b096e17d2e86ac517f423404cc97f6d6d5e	49269ab867cfdec60ebc907d20cf8e6fea4fd1bd	commit
aa6d85fa24dce8a83cd163226062400cc86b1df3	8e58e33223b840e65e54c27f17ddb3a692aaef54	commit
aa785741c9041514dd93b5f69622418ea590a8cc	b0a981f20d7b8d4e3edc34c77036e820d60a7c1f	commit
aa7aa90a016198115a6c1350b7e50839491305ee	cd7f5e1de058c55b7f431c896e0ce390233932f9	commit
aa8e051d5f1a9204c4a7de488b46563238827683	14ad08b80eb9ffe4e433679165c0324fe63d40dc	commit
aac3ef13b7cfa63d7feca18f20265970b55300b0	2bd28ef1101f081632cbefd01cc25b26b53316df	commit
aad15480ea564224543b7bb9628148572988cd19	400de1f990ce63e8fad79edc32f81b055da420b9	commit
aae6013f0dba503dbd4908315267a9179f3124f4	4d60289ea6f03e5bc09c3de8ddbdf4842df2eefa	commit
aafade002e85b0c611918dfec41f7ca459fbe8bd	bb0a9fdc4e7450172a654fd3722a627c46b5cd19	commit
aafec2c2ac2de56019c9c1e9c7a70533cc5be482	b3ce8932c81e8cebf6ad6e4cc48752c531ed538d	commit
ab0543c84f19989c333eab55faec2106691442df	88299d68715547fbc049d051d07b56643f461f05	commit
ab07b1dc07924086048eaebca97ae33baca8fa6c	7b34af27302ad362e7774a8221f23e6f01cd7432	commit
ab08d0b22907662cd1dee0feb36b814e9feb5f8e	fe7fe6d09bf386a0b2b151ea2531af3912cfbc8e	commit
ab183ccd591be9367b6ff17a4a40e92cf4597e2d	8af555603566b7820eaa8bbc869ebb7777e94705	commit
ab1b3edeb7746903286c7aa5a44aad3fd04770e8	3ef591583653b21c71ee88e3f8feba57f49b155f	commit
ab6dea3bde1a4519b952267d7bdb093eb4fd7d81	c95041f5fd184eab48a74071ec093c93bd81411a	commit
ab8b98004359ca60fb913613e3bf8c76adb69a98	1f66cce0a889b88ecf3bb3afa10754ead8e9e664	commit
ab944236883dab9644a6f6b82018df2f8ee05973	0c37d5a267c719b6b2ea5c20d6030dcbba0c695e	commit
aba0c5759f802fb5d2ca41da0ba7e5364fa1ba67	6970dbd11cd694bfd4316c68207295006804679c	commit
abc0f3306ec7df4b3c8bde39e352ca354a15289e	3938bd0bc2a838028651b4549dfbd7db2b04d741	commit
abc43b8b78d7f0e3a86de4a20ddf085e22ef7bae	5e01898e86f4184125906eeb14268a7a3ada3976	commit
abd308f5c1a391b654ae6fbb21ebead610962cc8	5e6daa25dd649a9c5b226eeeb4de375e694e5a15	commit
abdc069c90f4f3475ccb6c2404221622902a1c8b	e5b5f88e88e2f89610946f36ab3e71149a62cd6e	commit
abf25f2575cc0606dc658b7d1ebcb77ef4b292e1	68c82cd1560dadbbffb33cbf91319d88af13f316	commit
ac3ec4ad320209705a17b3a21bc0db0738df8dbc	727ea17f67a52ed85a6e948da2c79f32f0b162f2	commit
ac416ba167201dbaf54805aee233fbfac8217fa4	92c0ac90ccff793a91aa9fb786d7ab5c9d3ef205	commit
ac469be52283bc138d45a378ed79167021690c53	d212996a43e8d9599aff92380524ef93eb275d1d	commit
ac6d454ebab0f76187cdb582ff61f58b65277be5	11f9c4135c70ca5233b614525d210ff5de590359	commit
ac80c050e449af6ab1bd2427b3fc15e92c01e48f	f2325a73c389b83ec270d12959fe483abd071616	commit
ac983a9186ec293c8c6c060cd371037419a7c387	b65c4122811ec0b4d51cace70df438f41da1dc9b	commit
aca2277b24da6d42386fc1273d08ee4c61220fbc	9ac8468ff2589b21cc6548be80c30ad3b465104c	commit
acad00488c5345cd1de0e50ea34bcdb829e2e70a	b4c844b87700e51ddc47ca5852462d94cfc380a8	commit
acd8cf2043b5ca9e06fa8cec4574ebda23a4aadc	7a3665261c5e0e8d81a1d018ad9bd8aec206597c	commit
ad1385bfdfc1125f21171eb2c0f822853e32111a	3a142c694d854ee6f690ee6ba221054499fd6736	commit
ad30a253bdb9e487dddf434ff9f1d2fe69acbe01	4a9a20073961e9eacb4397734e7f87e04eae2ffb	commit
ad4405538419c27efcd79f4bc1e62feba473d9d2	e4d064e6b152b5cbd674df8a19f6f81ec376220f	commit
ad50a838d012684c55f6ac1f1580e14bc7d07f3a	dbf9156bd364428ba31c6a02c7293bbd8e484c4c	commit
ad9819deeff6da6b15a273ac23d798ed1d6e638d	6f7a0ea4d56f7f1c22159b59299ad66fc99c7f64	commit
ada1185798cdce42fac9aab84b3c64f682891f0f	35dad7b530cdee3213d323bb84b3005f0d2cbe55	commit
adaab6fb034c21107a4a078e581823a71f390a7e	960930bc5c9538c80a3f1ba61869b38377ab477e	commit
add7284a1c4c128bef8b6e865ad01de7dcddd18f	54ca915f5f2f506c92603ca9267aac2c57ee7c1a	commit
adf347653ec59e65a651c5faac7283c4933e8020	98f07e87f914814c65b6d27bdc0d404cea519f20	commit
ae01fe5850083472bd80463e54674e6c35c0afba	d9f883b446e3de3f86b2204a1a5d32c2594a86b1	commit
ae398a489a287663e269b3b99f0bc7e6944e4dea	b4ac812048c958f136f4a59d74c5b21b8402895a	commit
ae5231cb08aee83fec4e1f9dfe6f5b89d058d7b3	33766406fdc16385e12486ad38963a22669f05e7	commit
ae5cbd06e960d73dcd7c4a083bfde638d60470b9	b56c684a280400847a93b6823dbffa02a2eb373f	commit
aebbc505ca74612a0e0a73df4de687bd26a8e0d0	68bde934cec45520bd4e1fe86801d3a4b6c73132	commit
aec5c66e783366c439f200403a490adf7f5f9934	5c9c1d95314b460c2f0dbca3632bf7ca64cbd863	commit
aed279c87b055baaad2dd69d2de55ced92144e38	689006d8fff41494b4877e8655e5d896a854eebe	commit
aed34a7c7d7e41f2776c8d49c72ea79f608f88bc	7ead082ff605cc0abad183a1e56d1a098f65ba3c	commit
aef219aaaa770b5502e2c4eae2d6da793b30dc58	a370c51b3cfb315e39f0ea585ada6321786b9da3	commit
af8179798b2f90e3277df8f7202a1df746cbff42	f41642d08b1432a676eec4f7a663164c7f09506f	commit
afcb36aab29188d2691bde9b8afa355e39cdb5a1	a60edd5589d4ce2349fb0ba4c43816fbd5f91226	commit
afcd3a1057820a892f448bd61b7a09b4f796116a	1d868fa179e0e8794653c8628fc286f5d63423ea	commit
afd794c6439bb836953dd7623e96aeeb524d1395	9c1fbceb4dfe8c81bfd229897db656bc4dcc415b	commit
aff6f79425c5e5c764566986488a42f7cb37f48e	8e356f2cfa6b9033c0f6ecce723c6276a7cfbbdb	commit
b019b0f2e3070c66be8a42c833807515447da997	797c23ada15848bd9ab418b71bbc85762b313e50	commit
b02866fd91631f8919734c7d48453b5abf6dd270	bf3ba769304ab0238ff0f95b03f4c25d2895db2f	commit
b02eb24ec603518b7a230c812e6f11e725f70371	931586056f94cbb9de1d193aa2d237d3bb1c31b8	commit
b042e4d5f02ccfb94b07d4a48a690ff2f09ca812	68b63de512df7d72356399d6589db343dc777fbf	commit
b04b1af3a13c616e8907f272ad20cea9b043b3e6	86c030531a10e47994787abb77dac5fff1986428	commit
b085c7d9a098e9603f0484faa779c7cacf42fce6	68961d4d394c103f826a0767b7061c77e593bf7b	commit
b0c5322e9e340eb6e84b1d5c8b53830e42090639	4c5ed48cbf3e5a404fdd0652be22edacc728cf40	commit
b0cab1a4bb9e995ba55eec55695a7a9160671ea3	5771f1924f1ee87509959437aba0a6e2ef379888	commit
b133a3e27d9da94eae799075858766368476f8f1	c29fc0a038c89f97ea9517f618af5448c965e091	commit
b17c63fb3eb8c15f17b3ff5ab7d498d0ba4119ee	a9b8d4ee9fb3bec20d1916c28f21a1e1053fb295	commit
b17c89611bd99a32aa01d9fafff6f6484b56af3a	056dc0bff9358c82bce9e30ce09731c5876b99fe	commit
b18f003728e61333e010094006c35c9e296110cb	476cd6f37a6e735cbb2b42afb1ed61bceda75adc	commit
b198ffdef970037a5dc83d27862b957c2ad12555	3c54d7efdfe94d36eeb8906d17b7380070fda891	commit
b20e8c25a98254b09416b40f958b329c5dba1758	8e95189b67c1c3b5a8f84772e28ed66182f05ef7	commit
b256ef637278300a720371c00337665d4ecc6f1f	1c904fe34b00dea7eb69e5de0388ba4218f539ab	commit
b26998a83ec3f24b5dfbd36071abc7aa313be330	fe7be8395cd900f1c1ca3b18ffe716470dce2df9	commit
b27d10bcd376e7a45ec21a6685520e46720b0ef5	93f20f53b8b126366d2897997e51ed0dbca11a47	commit
b2a95520c8ee2d0ede52eebd43befbda61c6c65e	61b1b5764a1c27194e95da9d6a68569565d7baa2	commit
b2f1a83c689a35aea9f5f561791517090cae9847	ed6e1d17dcbed1bc62181428f8e9cf09bfd13105	commit
b2fb49c485eb186b62f76a105dcf0b8d323b9394	f6aad7707760cb4f5816279dd3a067060aba2849	commit
b32ba2b923700b592877af1e2975fcac3347ccde	edc4233ce0233fc3122133c6f6e154846d1a0d66	commit
b33e2479855b59a09642981b0e0e6c8d2aa426ba	4b95a72effbdd5f5397ddd773e5c5ff3d7c8e5e8	commit
b3595c4c3cf68b0e831af8da67ddb02962b35033	ef73b3d3c18bfa726008421cf48f1e8ff59974a6	commit
b36457c902e0e9155e8648e169f9c95b1ac6e5bb	712703b1b9098e3be509a49a7d190374e8d4dfad	commit
b364ede97c3b25da151b1cf8159e9b6d75955feb	2ebab5b560c0dfb8c895aff2d0e4fe70fc69ec67	commit
b37ce3aa636aa512b0202bd510a562791fadfd78	7256ee00350387f30dd4441c1c6abe96adee29b3	commit
b3c363cd1c044cf855b07a5d4db82beebb0a1ee9	91bc7d2db25c7c0318006a95a55689178780f1e5	commit
b3cd1bda7b4dc6215fa02018289a38d261a38dd7	6faf2fa78de0f0d8cda49bffea2afe2ad1ae25af	commit
b3f5d4294e070607fab4c45e31397b5853bcbb5b	994edfc8aae67bf4b307830fbc365ec34b401510	commit
b410ad05021d8c7d8447a200ac973c6dd36de24b	fa925ae9cd3b49dd4e507c56f3c0aa7659b4ef82	commit
b433fde0644bc8c24125f4ba8907fdd5884cd2f5	ee0ba77b7fe46a0a7c27b5a65ad7cfaefd4b8e39	commit
b4a367840043ad9843b0d485219b0e7aeffecc58	7f4049c96717b5f67651ce952ec36a478e24d860	commit
b4a4f1aa254379ae1682295f60798ffced55b9bc	f5492950eb857239857b0ee3edb058c702ba2854	commit
b4b52ff47ac46fb813fd98e01c60266cb58322ad	8577742ac1394eea3d49f459e7c44ccfe802595a	commit
b4d4b6a4d666b67e963074978b0ba1ce3af3e08a	0383f16fe3dea0d1dffa014741609ff1270f7dad	commit
b50774f1733d2524ec256e37db41601e4e105b95	156be67c6b251d1994173683c53c337e082ac093	commit
b50a2f3ce7a883e5d6a8e2c39255b43a3a81efdb	04a3835c78bc7c5318ef953a399285c54e4adb27	commit
b50a765a0b411899affe39b0896e692941e25f9a	3b143b1a1a088229f683408debe463d94e9db6a5	commit
b531454d2611d4e90a4a3f6376d7bf826ff9e277	58eba8273c2528ea2f2f2f687f36e459cc5f8504	commit
b544121d3859690443eaee5b30c7ac47195e4d82	6734dcc710fa68d5526c9e06814bae0c7bc43262	commit
b56d63071ad829edf5e033c324bcf550897be9a5	94211f3bd8c4722c45c4bb7774e53e7e5e7b2d60	commit
b575a94ee7512e97c190b6f7f91697516669e879	0206b733710c8879ca7cf705324eb60aae87c363	commit
b5b79bb1d3c983e214000faccd5c237560bcfaa3	9b4f7ad8676e95beb846eea0736753c1808b6e7b	commit
b5f8c57eb32c561d79ad1e0cd390083afb587f14	018d0c46efa5060986e25079c2d4178fa36bc07d	commit
b64618df42a3c035db9be52391d87ce81acb6578	4c33f2d87cdb41c5130ed4b88542178f1115630c	commit
b64cd2964e85f230ed1aa1786bd79e30652a1186	02a0329442beb7a54827d3cd3076bf0a96ce1e68	commit
b692971388f27e46e6448c6d31cf5ed7b7d46490	ad33573791fd0b7fbe41b2ec9707134278e724d8	commit
b696416ddf010e1684bc663dfa38c60bee7ad43a	e86b2f998d5d117789c38aba3cc905890e7fd0c5	commit
b6a607bf4ae40a7633a907cb9c212017adc189f3	80d8a5564e8d80b48e3ed88a6eaa6280e6f44904	commit
b6bc2debf9e4e1cda81305ef409e8e992a5dcd02	45b27cf9e7a17c82fff2de64c0f91f86f54ca0de	commit
b6f872c950593dc0890ae7a9666b1ef1f23f7fa0	59e837ede3b8cb5e9ad41ef0961ade58d333ccf9	commit
b70245c0b9c6fd9cca21abd6f449c29a29826bf4	23f9651bf23769a7e4b7d17519506b431fd8b637	commit
b74ce4aff9550f7a69aa679f22dbc541274d3d40	24e94258876b6b2c35439d6c4d34791d33bef200	commit
b7500569bafcf1afac7c31c39d1e9f8abc21b601	84cb9b51797d451842a492788a89cf1c31213eb3	commit
b77189390e21bdafa03696e281e8d1e793ab2d32	6610e081075e61709b7e1103c679c44021d0d352	commit
b7da772e9aba97b0cac3cdfcc086cb7380e32c1d	06f1a57c93832e97bc50e39f7819970816d1c88c	commit
b80d78ecad3cf22aafa1407bb89fed41e8e38a76	d83f0efed392e25908f71e60f7aa88840d87b71b	commit
b814b77d6b189eb25d190381a2fede96f28f218d	7db262c66b66dd3a9c4075294625be7ef5772bef	commit
b81534554febb8fe40fd8e0a823d7e411faef92a	f2f7a007d766c520982680d4a8afa8201385fbec	commit
b8469aa7e59f9468e9c4ddf905b47491ea05ac91	43fc4ba4f142f6ef1242905901a534a960b1f780	commit
b86118522dc7d23597e17a1d1908a0c04bcc349a	5e38142a602990d00bd774c180ab30e0010c6ab8	commit
b8697340a0927679648545ce95413a01dd4e396d	59864e0f2e72369d42591943241e21481cacdc00	commit
b8f0846efebed35ff8ec7efdc175fb757d9ff638	66339006f2fb0f50268f8959b5992ce894280bb4	commit
b971fc4cfea362da11d49d77614f6747fb549946	af176cb8d10819bf1129054cb17550c36dee071d	commit
b97210f7f3940bf7a8490f0b132cc168c97e735e	0dc35652c7639aa638c03677a0ebf313fc0b2962	commit
b995c46dbf03e50505987488db7a6d85c55f4db9	f112d641ce863739b2ad7ebfa1ca667444556de8	commit
b9cf52b052b1654f5f303051a6003403d70111c2	e4fad416dc1775953394baa6d01a3d7d223600c5	commit
b9d4352abea3a2c0bb2f3e660055161abbf52c48	1362b64e71c89b5e4090a2ca5a75db945880d8a3	commit
ba1473a2e242236e4598b0acaa5a354af30d070a	0cad8e6035bd5c0c93623bb313e908a4611b94c4	commit
ba272af2e25c3d519f4e2ca47db04305dbaa0939	09393fa6161f0f480b2a6dff85d616378077416f	commit
ba443407859c637f3cf0709c9db13bf58826d6b5	ea18f99b0e8db0a47d97251bf7c4c6dbba7af51d	commit
ba686031b9bd5eb1a41667e72a952ebf2c55d7e0	7ca4a24cb28643b5a64990effdb388024de8da42	commit
ba6aae70894bb7f4ab4b3cbc8b28a9a17c0bf84d	44927f213b325ca8eecb801434795e43a0a166f8	commit
ba79eadbd3c4ad3305d342cce49a85bcb4a570eb	bfbc8ecf88d7906fd6acf84176e0c2cfb917a196	commit
ba837e71bcbb7b31a1df86a18388e61e4c980861	0ee0e43d47c287f0eea88d6b36d67139be1ef9b7	commit
ba8adc1c32e44ce924a0b499eda19bb5473ce41d	a9607eea5d4700da5407bbd986c47889b7e7f43d	commit
baadeb4e0ff2620bff1e8b25bcf12c1262802f75	23050543df9a429bc8755b908f3d5cfa356eef66	commit
bad6edad8be00042ec91cae8538930962e1b84bc	807f448c047a924391fc52a872d0bbcb5dafcfbc	commit
bad91f6d0b91b214833895612243314281eadafc	6a5b39d2ca22a57075e9a91c0ca65c2f4b964c5b	commit
bb2751bf9c97b3341720c3d8aa634a6e6d88b521	121d915bf85b227dd53c5c595941d970e1574ad8	commit
bb3bcda777402f851ce726613c7fe92b2f51a3f6	31a0bcec3fa73884985ad0fcdac766abb97d5a00	commit
bb956fa3d9e5d57f89844a82c5440e90f57646ec	793bf48c24f123729d767cd2d316fb8f926b1b92	commit
bbf21e81bc1e712a28260f07d7a7825fc73bc717	1729b4a349ae8b5f046bffc1aa2a1a2699fe2589	commit
bc243f51a049b88f8926dfe4c650c58e45d57c6d	fff4117e728aa5c389973a69fb04767d0e6c175f	commit
bc6038b96943264f9425315257b820c0464b3e61	ada58a602f23a4c1fb9cca82111584797680a67b	commit
bc62dda25ec13edb019a4f84a902a59ed7427809	45863522be3589c2a070a2e0be6506b0ee4e9dba	commit
bc7bc1c46b6ea59352a1e938f918f63777ae86ca	31ae16b8122723dfbd93cb8b26ea830336380c40	commit
bcceed683be6f3e6c2535a21c662283ffd0bd757	d0a2c15d5832c9a92a7b5921582ab0fbc4fdaf98	commit
bcdbe315c0cfb8fbfa1254600f7156622cd79bcd	be479da4a47e6354783e54f835dd2f4f468753fa	commit
bd35163d6558691680fd1eb7babd9596bae2ee7a	5a011dd8b0b04dbd36803a21ad5eae4a78ab0a55	commit
bd3be9e592b882355e1ec12f9432ead599c325fd	21932a0f6c42a4b6620e394442697ed16f3648a6	commit
bd7b45efe5de0af6cdb3711302c360c0775db878	2cf0e24c7df09792fc8ddaaf861b98c8d194c00d	commit
bd7b7a80fc7a21db5f09ce57cb0e1646ce1bb5af	8ea76a8217903724fb2b29858bff135d72641e70	commit
bd7fe3e2383c0f1c5a8659e520843101f1faeb3b	7cff3eac2a706514455d94a37faac7d73cc5422a	commit
bdfa21fc4acefa6e6b5fa240c175797ad24a8269	4015d33c954c2500bc4c1376bebb21719d5c40db	commit
be3568faa365f0ce846e0b19269767cd390dad01	0a95305a5012fe1934908af59d8e02db439ce9d1	commit
be47a27b0a06e2afd489626cce3d543640702b0a	f90b488798e64149b4430df332ef6161fc00594b	commit
be4a0629f15f59d0415b8383cb48522ef4452bbe	e8f0e1431513e8dec0c9c701f7b33cf4a550b405	commit
be601b31a2b002c74b01830d7bde5c980d8b1888	50cc51edb8ef4c7211c6a9eaf3f86fda1502a1aa	commit
be63724bb6921c7a86f1f516f994b38dec629ed1	01a4db73c61c4ce4f96307227deebf599c806e17	commit
be6cb905eb4be7889e3f61a0f4ac7533e88675e7	cd0a7b999e744eda50f044d845891c4f497b5d5c	commit
bec0366aeef65118a8776d00ef1a196a0a838210	f1c16c8623097eb59c9a6e99508b4e34bb982946	commit
bf13d4fbd4366d69e6ed23cf20dc01c5b217703b	efd117d095719f5bb6d72a071aa1f4b4ac8d90e5	commit
bf2ee2342c62e899a80ce903f02238bd854238ce	b5f243a6f0acaef599fb01e3e4831441854e09ff	commit
bf35c543c14149fad190425595179df2eec41afc	393822446cc1185f9b54a51f55e973034d2ce1a4	commit
bf5f78159693054f503be9ad8c7edb70fdf38ce0	f5baaec1332002f17d416ac05af749bbd030d6ba	commit
bfe9ab1584fb8085f7b831a2193fdffa87d688a3	aedccded9ac40a51c89113d715dad737142cd608	commit
c027f7a6bcad504d2c5fdd40800695991bbab4cd	9c95f9215ca52c3b6fbc3494a3f59d8cf43a7503	commit
c0735a628838087ce714858a340313366c355937	e39c153d000ad4fc4087ce8546f95b2b803c9bae	commit
c08279749559d40305763e67cf9bef1c39956eae	7b1bd3e4a3e9730bd8930020caee84722436d575	commit
c0ea6daf672ae1dfc012b3577c7956cdc8d4f5e3	001d73a73a0638409d0fe821617b9674a0725a3b	commit
c0f0023297d93be24f848baf9a16f91f9e962874	0e45c511e8e0dc1aaf9bf3023a8cb962995117db	commit
c0f25ec92631bedaebd521da4b924170400dfa8b	74308cc876fe2f894bf3e538d327a4909175394c	commit
c1005bdbed5998746331c885d0dc2327ba2ac496	433b80792dede87dfb131e105b61a5def1abf0dd	commit
c1019a9e9ed6d4d38ff0e638e8c8a93e7653a3d6	255565577dc87c8b592b65078c21354616a1ccad	commit
c119622298c731677f94f3ae24f93d449dc1c413	2482cb0c369e361edf3814f22165377a52d71f01	commit
c13bd13de3d1bd80f4b601ff11cc4b0530675a90	3dec68e104c76b939071d0ffdf6e66c6aabd1ba7	commit
c17991f75edbb181333b4745da5f52d830c3b20b	7e1a083e1497c4ff7d6d111b54655f95ad89998d	commit
c1bf89c63541a5f7a38757c56a50e1bdf20e7299	6244dcc0003b695d7d42b13a3959dc2e3efc0d4d	commit
c1e8baf2f01b6bb5a2cc540707bcb042581b6f4a	ce18deb1c83e11e15c3563e995ee17240e90cfa4	commit
c1f5cc7396ca69b91687390ac97c201e9d72323d	caa043e7b91339ec611a9a6732d86df217ab0d7e	commit
c2270f51be79e0141e4d88e95607da35e51b3375	759b3ca2784a829913eb8ddb1f95c3919f91078d	commit
c246fb0f2eb84db3dc28b6898bd95c33614455e3	6edac162e7d3969b46c5843405d8071869f5b3d5	commit
c272ad909e7d5735bc7f9440938880a548043217	1c926ed17622ba120eeb6460b72511ce810281c8	commit
c27d53fe223fff919063d54c854bc51b0322a2e0	3dbcee76939420165ec5c30407e19ec3218fb407	commit
c281095a51fdfcf18423c8ee45d34c68a6b9d62a	4a0f2fc7240df88453e5159d466aa8193c374821	commit
c28faaf047e1ead227f8d0b6e81c140faa4e5eef	c97aa4c537a6c5a23ecd0bf6e8a66b5f8794c188	commit
c2a0a578cabcc56320b0ad8227e9fcbf9225e04d	6e98738bf654e48fd8d140d6f7b8dcf08732a018	commit
c2a707f5060e4e1d1dadc183a1cdc223c27faf11	4a750f54800adee43a7b6934096951218cbbba14	commit
c2ea9bd1455cdc91dcf5b3749fcc3e59cc918819	617103c4b030b4c5f029bcecd6c8c2c2ca3550a6	commit
c3130a2472efd8148f93039723730b7e5d4aa07a	c211db86b3404180a7070600a6d6810a8f82de46	commit
c325a1abda03ac0b44ca8a5686d62123de13e847	ff22d64adf5897ccf5eccf1cd8a1477b7f31e5a5	commit
c33d6797180ce3bcb922f58891455a916e6c2f5f	a6b81ab77edeb1c5051b0bf3bb6819e2b0737853	commit
c38c9434803d063b650a195a5fe811b26c5e245d	105d9940a111e66c863cde577a03eee85220106a	commit
c3a06f372a8a4fc9022477def048f5fb78c0a858	7fe7efde7aa7b7497d50572e6f56a1ed389a6434	commit
c3c70fc09027ad09dbaa1779a10fbe1c0d997a47	e6321b96cf00b9e6d136a4e7511d1dd8d8f1668f	commit
c42ae0dc78155eef04d47ee10f9051c69ebfd277	e21d77f1b6b81cf024368f85699adf200c237638	commit
c445a183cf19fcc18fefd4f8703e2ec4f8fb51ed	80054266fa7c81bfc6734d4c7ddf7203975bbcfc	commit
c490a978a8f51fafdafc003d02031fdd300e18ab	c328a6523ac15c0826608141c8589301439c7c2f	commit
c49445d5d7d3dc9c2b41560ff11ea834590ed0ed	fd4cbb0887b44bb95d740e76a0edc8abd7e221f8	commit
c4b800f88529af7c37c49f647e955a8c9c9876da	f58ed6833cdb9c8fe43bb6f53fe4c35dcac13820	commit
c4cd201ab82dbb0bfb0aa53235dc1e61b1e14b8b	755aa15dbbcad489f0e22bd0b9ce317959645d6a	commit
c4d253b36c032a41ad2787eef7a84be9c852e38e	4de91ff5ad3caddb8806a71f91063a84e0e79a13	commit
c4e1e3328b2a8e70799f1b73bf06a3a225ea5245	64101a900d4931a766e176f73395792c78d46243	commit
c505a08f619c6c64127d3e31bcb81f799cd05324	e0f176f63bb6a0e24fc6cdf0ed712aef9324b6c3	commit
c5212015a4b95099f43517309e8cbf58172b5e6e	48aa797f368343bff5e5090262e66bbe7678d13e	commit
c52dbc79215f03a42e226e08f44d1935ff723096	6a9355d9e39899678de90058312a3b85e15bb791	commit
c53d6b6d2a8903c26374f0e301d25e64e6b1dad4	c908c75c5e35b4ca00683481400833f925a73eda	commit
c55e2f563f8b76cceccce32e7ebd073cd78e030e	c7e99768faf716023405e4cadbb01d8148045440	commit
c57579a3dd05417eabc46aecc7a783b267b514ba	94accad2463c757b714c7cc51036df8d47992471	commit
c57910ff0490cf20ebc2c6385b2bdccc17517151	bdefc4c5f5bb63cea66da5bc9045bd98453201d9	commit
c596fcfcfd0ffb9a0fc8c48a58d7ca6505aa2ca7	7e502e05e3510369927fb4d0cff26aa2da6fffa2	commit
c5e14247583227aa6a5388fe3e46778a5d5a72b6	22b1a50e8b19b0e714d5c1eac0e8ca8bb8395a07	commit
c64e4d99d5feb971fdaf1b7c63d4165cbfd5cdb2	5f793bfb4148d5b85dc87431b3ac62f5e5093b21	commit
c6612c97557e04adfbf5ce7a3a43a2259bc630d0	a245024738906f731b821e03bf8fd2d0682ba697	commit
c67c652605e6046952c295872844782ef56e45a6	b2898e80ce9699088f789d56ee88858c3a1e9567	commit
c67d4b25ea34e325cd2c2b5994c353ae1dad2c08	35d0d4c4f90e7be01274db2688ae6c2e4cb9b5b9	commit
c6c5a51595c88829d18f4e76e287839e93391d7c	15aab0075267dd0e95d0aa95fb6991ca90e90c14	commit
c7057e61081009cc570355bf89038e9ab4561f4c	cc08ee131991c31db844b7584424fe1d9e222dc1	commit
c75584fd00acd0be1f53eaf6af5c85338a43a355	7a8df3cdc0020d0468bd38bbde6bb49ea54ef519	commit
c7c98a189fbf2f752e245e8f71743c9cea4da74e	d51636dec5c7c6424211a57711d878e44af8385f	commit
c7ca30010c2da1fc1844eb755d8913620a5fe27e	4212ac5259001cce4bef9a5e7c7062660ab12bea	commit
c8252792966f04c0a726b3f9b030a497d8facb78	8eab91b0984751c9daedf0bdbc6c2a52b36e3ff2	commit
c89fabb9afc86b9c45d44aacb610ab48c9b23eb8	55cc34677c791176064fda2cbc5c31b3625377d9	commit
c8a90481914a9912816a782caba3b05463f86d7d	c80238a3bf483c5835da90a53311e71224b9654c	commit
c8b1814fe9660ff81837802b5099bb6af919d580	53bdeebecbde4ae015ff3afcbbbfcf8ff6ef5fe2	commit
c8dd49b92dbc7bbee4fc1a985a0e54cdffc5eac6	85ca04e2cdb4389204dc2670461d133e0b956fd3	commit
c8e98c03d34a070aba4a206e11171b5322e47b70	a977318ddb3d3094b22afa37a926c7929383bd4e	commit
c936e626e46435fa767c8003958f4e27bdc0857b	3186cd27010e849b3cf7449b1a802476fc294690	commit
c9f2c78f23082527fa61594b246259de34095eaa	91f8d833eb42cab5082bd9c505128fe9a432a4a7	commit
c9f856939a2d8206360f4bafa57e1a3213cf773f	6e8477093e8946b0b0160dc5169fb52bb4e2b449	commit
c9f880b0212b72627a07449cdbae21974aa7e314	17428174158ca22468ea73dfeb780b24e9204c5e	commit
ca08d3edaad55f3ed0b14080903bc272e3337d73	8fbe069d8a5f6ffe9cec3e99716941f0d781ba13	commit
ca0c7eba1ccf569f59f0d0a410eacf9883930e04	151271132e0cb40109ec9d13eaa4ba31570ece58	commit
ca81094a3fa741d58ccb98e3ef96813a3a73e7aa	e5fb10f655cde0e33223026b258d68962e75cd36	commit
ca89e203ba06c6881c4864a160d91d77b484bb1c	4b0a720e833ee6136720c5bc16a7b4a1b3277062	commit
caacc507c94285697ef12cb8261e0f20451345bc	733a96f97291ccc8ad680eece57ee270044b9200	commit
cacd53f36651eda5984a6867034d127277ff7e6e	6a29594ce56f13b30328ed5416f66ea694de743c	commit
cacf900c1eeba67ec5b8a1dc51fa644cd389f0e7	5d35f2cb4e176cd3f8a91bf93180bc3527cc8d30	commit
cb269cdbe1a334a7bd16d913e41dd36dbabe2850	7fd11983b6384ea5cc3080d219ab132ccfbfa73c	commit
cb35dbae8f2093f7434c317f4e0a00bf02457507	f8348f0b8c1445185fc9c253ec595cea29d3f332	commit
cb6d3a4c702e48f37ed59eb8440fdcc317b99dd8	5840490332c09437c15851d5ffcc6b6522abbf02	commit
cb8d689b99d8a79e49c91ee5b7e9c7978ed9495f	6d023ddc0bf21b369f5fac989edc0bfc140e37e3	commit
cb94c0c5acecdfa0c6cb7e57a9f92c6fde01f019	fe73482dfeffb4c148a9a4a42ba5db6f616290e1	commit
cb9b4b60a0a5c3eb9d8bd70757cb4dd681a23a44	1eeeca6738d9e6a55d1eed0fd46b9d343c815652	commit
cba241fb5a6bd47c3d34205744274219e5ad2e60	abe3d03b5e60ee232029abb2927904bae03f7505	commit
cbabaf39d4d13893e9d34efdfe4794688c43436a	0dbb09ddacbbf34493e6906298a727b02bd67ab1	commit
cbc76a8e189c353ebd9093d4e1d7ba21d4d97769	afe13d861bafea68f5302367dc3167c27d08d778	commit
cbe69597ae929349080fd237f0be6dea4030df6a	c63dc2f51b1962de37c2ad6deb62643a03e7669c	commit
cbebc6f2854e9c791bb787ed56cce409daa4c59b	6fc7f01e5cea96bb680d3c3d097c7a51e08cd0b7	commit
cc29a281e096c0304cf60a6b67159182726be7be	57f627fc708ec8d8dbe08ef241f86ec1734c73aa	commit
cc54c38ec0ee8cec8f4f22dd7cc030a696841a5b	77520e7478d2a5a100bc6d73bd39e5b6045bbdc8	commit
cc7169da6cf94af39e1730d64bf4f55d62c20002	1e77b300137eadbbbfb25c880a1a3da81573a0af	commit
ccebad090bef4f4d5368c852777125ac6328efd6	537ac339aad962a8d67e27f49e0816ebe130c42e	commit
cced2b48b154bae2f139b3464fbc1dd359ebe7cc	e2a445892a02775098aa9e240a9002cd131980cf	commit
ccef03ee9b8503b4911da0638e2d31c952ebe2fd	94da680c4b8f9f639562abbd49dd2a2acace953d	commit
cd7a4794685ca67f10c57d7b99ba7783427f5609	64cde863b389c9bcd0811cfdf38f9f2c517105e8	commit
cd93db36442e5d63e4cd70fe3f69e221f31476ac	2288e90a2d1ffb1026184911199fb88956fc987f	commit
cdb55c3d487690346c79197e238979d11117c992	d2e572ac7794bc18bfd5021e9524cc64f2b2c33e	commit
ce00c69d262fcbe9d561a60ac3f57c843a9de867	474f9a2a702f915231e70a2dbc1667dc2638f33c	commit
ce303cafa0ec82d80ff313c432cf2431244b20fc	4706fc1f005e5f0daeef43eca642101e8e54c745	commit
ce668914f729d54cfc661b3b9a628d6e9623133c	0fed1e878e716e0eeae39170f92bc60fc551b486	commit
ce877cbb70595882fd1a06484074b597ab68c9e0	b7eb25fd7de8b21e7659a1db1d7b8b81f13b91e6	commit
cee6e331a2ba88d85fdbcf6136eedb9e53164e5e	9f9a58220d7ec4bcc7d6b8c006b10bde6795f045	commit
cf0d252852c823368cf973a1c4c2fa53b6087f04	18aa5030f37eeff7f134cd949c6babec176400e9	commit
cf2fb6bfcb8af4b7d3ecbc26db46d9f89d9052e3	5541203f4611ecc9a25a1929b86ba8f8db917c8f	commit
cf6b605e6793d04ff84f201ced871a74acf90415	ee6c990e7f22bba1058fbc5bdd2a4ef32f6ba42a	commit
cf9a114e8eec67d3c9dbdc0a523d522e6a12121b	8cb1b730e5e53aeefb9f1fc77dc65d1568a14509	commit
cf9e7142b1490cd9367e519d7ff99ec41ca84c26	942e3a505840785d85f085b4e12fb9427498c2ea	commit
cfadcd035e10508a7d3f352e36e6cbe30369f3c0	6e3bee9587d1cddc2fd6081797b69e4abf037484	commit
d003450814d1691604bb72eacfa818fb5dbacce6	dc5844b7ce175a1bbb4019269ab110e775f48846	commit
d029f08deffb07f952e0d28d0b41fb58c4c38e4b	7de65532c2842f4a1dbe94eaa27d00d7fba35d2b	commit
d0495d329a1c3a6bb38890acb5c58a61afcc3f5e	1966c882e9aa3dae1c46f509ef29271e7bb3157f	commit
d05ae0786ea2d3f3ecf6a07d7d06e79ba974f42f	2cda35db5c858abf2e34e749708d7d6a8a2d0d36	commit
d064b98dada03ffd059832ac839152175cf1c002	9cad7183b0f131415a7b2b6e66a8b2ffb9e66e2c	commit
d07fbece83650b9020037d5e1623dab9cbc308f1	fc9e01fe71a525727e048437a2fc762345191ea3	commit
d0ba535cb1868f8690d1847cca9c85fa99e37dcf	ef22e0920cdad90a84276b9e7c6c7b422ea85b28	commit
d0d2daee8f27818f22aa80ca98b04296b33d58ae	e551f156416cd2b32677437a3e1a1104b210b6f2	commit
d113ab3e187e075903f18ac5c582449436fcd52a	4b0fac8ef81c8090b56d0c1feef7e7f6d84d948b	commit
d122bd02baf383f9cd39c3ca21357805111ad58d	b6b422dd199e07993261af0eaf6a4050e918f3b2	commit
d180a985ba46aa77c02ffe703f087f40d0b1006e	74304d9931dc9c13288bce86f21f24c1828537a9	commit
d18a1f668361ff5c340b4401a6f86224539b1bd7	74546debf7637694682397393a713c17d6aadb6c	commit
d19d94b75049fc7d571f0e575239893797d1a8e7	2db4710be1e7cf5534b440351fcb9f3dee17ced1	commit
d1bfa3f15cf8e9e0525ddc076a628fde1fba7612	13b3a8bf54c8145c993e812806464ff487043981	commit
d1cb6eed6c905ca16e8b29c965c66fc4bfae24ec	80f1fa2a5f656a383a92d26cd61d8cdaff050eae	commit
d1cf1d71dd20ee1321a5bbcdccf824708e523b9f	f5b55b01515ddae05b41d17f689ee4b81298728f	commit
d1f3caf14a4cba3709bc4697d4857e0a87ef0888	aff6d78cc11b6ab470be8ca224eb2b1df99c8b6b	commit
d1ff8bf9f203df81b03307ebd6c4a4b5702d2362	f24f90310be462075b20c68ca6bd2d338d928bc0	commit
d21028c785afabb2b4eb95e64f8c0ada9ea77ff4	23d2b5dcd03385e071ea8ea547ee6faebc2f8663	commit
d2342c8390fdc62e670edf0eed322c9bd16d9ac2	a27a54b8bbe19f932b09c08ce8a7ac164ca43e1e	commit
d2647bc3a69302c73e9dfabb76c2b837f3b95135	edf408b1e687dfaf89e49c1dabe64b9c05119ed2	commit
d26724f833df3484c1e421bfceb422c2aea875c9	9c7e16c4e94b09e62ccb4c01fd52ef3464aa777a	commit
d28521d82901fe6fc3778747c96dd6d6fc76f035	b134569cc095010ae648aa586c33b40af17fe77b	commit
d285f378034f142749a35e5b7529e64267b32e27	684efc95363cb2a46e0a3ad40d71b78e3064ac9c	commit
d29514fc8b01dc265655f066d3bf9f164b963ddd	12a5efd7311ff3f29e7663b76bd30210c678ce34	commit
d298ff90f3cfcee9081b5cad50b80bde24a20ef2	d09c2a538dce418218972d178bce1d01d9760169	commit
d2baaacd52ee7cf183c79dcb205d957b4b34a5c3	4018b6aed42a4b458c01692c287ab0fbe54d3cad	commit
d2bf4332902d7031b57bb1b12994689916b6ad28	c25aafab7957749180850ebeb0eac0cbcf3889ca	commit
d2bf63d3eebf275179bd5610b06c242365ff9170	0922b76a50049f419e755bc900c9cb67906096aa	commit
d2bff273f4a5e269eb3d6c1a2cb8f513b8879ad4	203843c875858c571613cbed9dcf7e863d2b2e34	commit
d2c1e881fc26a4da4186e706e8636f1dd1b22e36	db8ca8077929ab56edea81f96dd18202e35a9d5d	commit
d2ca4fe368cc808fe68be487736aeca35c646841	5d82bdefb9a2cb75583bec08083fca6b0f35736b	commit
d3267d1fd7e443a367215b6fdce3af7ddad56379	2189aae721217d443cc7f62a3550ecad9077ae4e	commit
d344c98e961e5099069189fd9a5811a494d3a669	e8700c11d82a6b1dcb5e29858163cc02d7f9dafa	commit
d34a34c04aef414a56afcad6409f0ad9cbca4fa5	5726f49db22333d82c5c8ff1c2de02ae7526f898	commit
d372f0acfc81478df5b4e60cdfc8e4653c6c1267	6fbc4cea8062f256417b6f68d285a5e3885bee41	commit
d39615c008afade6f1e73d5b794427a3e2080cdd	6138748f142e230ee1e4f7e862a072af65c1cccd	commit
d3a936b5d812ff04b8117f40b5fb430ff54c8ca6	36ec0a8da65aeabb9df9516b13936de43f99deae	commit
d3cc361fcb2ebaed204aa5107d63464cd1eb92a5	6d961c47d8e65753432f1120d1449b9917634823	commit
d3d19c62676eef529dd9d14e8722999ee7d8f249	556886da8418b39bbc506146d97572f019821515	commit
d3dbd303a03597dbd6496997405d6f6c777f1569	2a2bb60b1b76f5cbb6dd47003451b76de76576ca	commit
d40afebf6aa14eb0df78aa16d871fe1ae0d30eb8	8bcbb160e00b641607e9da7c0a7ce905b2bf1208	commit
d43d43d92f4c73f3faa7ad9c8fadde7c0492ded1	a8a451030d589c1db3fd4e7615f64308235b0b9b	commit
d467c7217d08f56060d9aa87e820915548454f4e	63f8fbe91e096e3817dddf20a889695f50a948ff	commit
d474a264d70bb0df3032552471932d3e2d3e42a9	3de8b9882fc51d39b047a3366561c46ef308ef21	commit
d4a6a058090afa11ea64b9bba986c1d1c148501b	8ce6e8d11bf83325285bdc7f430f232f11e53c35	commit
d4c1919ab28d59216caf06f6e2383a4cced30b71	eb471fabd7268eaec6182c41222e2883365377c3	commit
d4e5155a01b92412abc5302d75581ba04da7c962	b4bf20dde4c272565e5ee377ee50c2d6521d1918	commit
d4e8a44e3ac8624731421e1b19dcc86750454bf3	cbe35f7e69854e583a28510b3df37f10d42bd4f1	commit
d4f4826015ba3de0dfa90d7237a6ed4cbf74a780	1f0981f0b4b44bdd19ab22532780868d9d29c88d	commit
d50ad0db29f4f9513b7f4f10dcfffb5fdf6d40f8	19860e30b7a8a8d46e33b08c601888bd6f8cf162	commit
d5423d24f1a0786d2f6ede755c12e6bd0d063cde	a7f8171a431b403e2a805f0208aebb2533e44764	commit
d555b6a9d259cbf0eed8029fd4437b78f2671fe0	2acc8eca29f6df51677a83fb90793c4e0517253a	commit
d573a55c2cbab3033edb210969dd2e3fc861f4aa	8372b023de41d422290f8794f069d08c4bcd0d17	commit
d5769beddc3dd6e52ed5f26e551313a9437b5c12	f31d854966db3fe05bbee29768542f2129406dc6	commit
d5a2f5b0b3d04b1ff4d3f0163dffbd84d55f11b3	15a520e3acff868867f9351b6745c52ae637ff2a	commit
d5b66fd5285f0be492bac3782652d53c5d617a87	94844ead74e013858e66739984d765826043dd3d	commit
d5d46ddb72c1a0e7e01c9011196ab795a8aabd4e	0355b46c22295203e4b887daa44eb6368a5dd0b3	commit
d5ebd9bf48486fc5593a84468e238cb6fe78f08e	a5b69ece20d76e0197f6bd9beed26261985a888b	commit
d6155ab8f8d363c21648508961c76e0fce9ea8c3	64f3b5322440dd6a09380456c81b2fbce0fb4ac3	commit
d6484cd74471d8f61569c6accbd31b364a02d765	6407994760ee28d76f2376ed4f41a18ddcfc808a	commit
d668b270242b4ade57d3d760f2c9f7ceb05ab27f	e63669e59518006f304e8daf9727096ecfa67dfd	commit
d66a0f6fee11012c1892a9cd319d5dd71a63aa78	9299ce1f6cbc804b5a236879fd06ee6b14c30738	commit
d67dd93835c967c11093e5a25cb3074a09dc3ed3	dcb4e379794856c42fb5df4dc4d5fa8a2ea36dbb	commit
d694b26a6767ba34b906440bff1b88738aa61b7d	6e19504977728a3143e243f46e937274d7af3968	commit
d69804c7382ae85a783c3bbc9605235b8742afde	25691506cb8e004d6b8932e49b07bb13012b1297	commit
d6b2894be7d4708d67d4b009b3a20a19a0d4cf77	9fac92af1e8ac9df9e3fd4260fd2db683375afa0	commit
d6da3d8b30c813f8bf492e20bfcde7d9667be351	f6c179223609f9ceb74b91bd384374a0c109d076	commit
d6ec611496940e785c1db7fd3b0b2c3fbcaafd28	635be7684dc6d1cce99dfa8007d3345067416a50	commit
d7095ebd377c15dec5621c54d5eaaafa34c39830	e9b4b6f89c6e70feedf84cfe67c3ce8589f04c97	commit
d71c2cbb5260cf17567d12121e109193b314fd35	dff0855342757af0bb2010b244b68ef1349bb427	commit
d72e9d092dfad99a4d82b861252fb2b846e08a00	7574a684af22ea90509693e1fc7d890fc6e61160	commit
d73db55d97c30f011a952a013f5bd6324fbf4c55	5c2152207b49eb3af39ac11fcc003a15959a7860	commit
d754d84d64e1fbc3d5e93e94a2692a96803859c9	ec1c5744a86ebb0ccc13ffe16f70905dbeb3644e	commit
d761d63bf9a5fc1cf0f8ddb56aa1c0a1fdc77b14	2dc6e2cf07184242de909393c5b6b497d2c55250	commit
d76c5b439d8ea2ade7d84abdd54134ee3e9fbe71	9b99820c73d43b1ce0b101d539dfc6707b35e955	commit
d798ea4c4cf417039755818f05fe26dbce5f9e4e	227bef707aa0e7999f5b276689613790d116b783	commit
d7a81620b755938e48450c144d357f237b5c8bd2	f482b9f5d9f05ed8303823058ad371849bd71cf8	commit
d7ba09d300dee2321eba53a1c9aa6d3fe5aeb82b	e7f6704002055983199b6747411020e84532a506	commit
d7c3c2d950ccac7100ed89d09b85cd1e0e406c3f	951a031a5d77f2adfcd795d3d6bdc4aac0c33bd8	commit
d7c89fcdbacc0cd8b2e261c54198ca83c8b1de52	11d51ae21ffe0dfa5947a39b275b84f1e29def07	commit
d7d41cd6370ce6df480e2cbe65ddef5bb4c16af1	2b4ac245929b5fa93f19df88811cf48df27028f4	commit
d7d5a98560ef581b21d4c1a5fa7418e929655e1e	88a7ea21b3a1382ffd69a7c8d9dad63c65b34f03	commit
d7e89a6ab5d2c0a0cacd681c17fc85e00444e076	0d16cb9c633e4df0cdeda2616250c07679a0ea27	commit
d807bef4b92a22d4a956163f0e8993cf4303f7cf	e69def4e78e2462ee69f1c588c995574b9fd28df	commit
d815553341aa5d32558eba05a7e9c96a335333d5	6c60e8fc2cb1bfa704f13317c5240c4510818cdc	commit
d8340e08c1e4b07e03119b9cd181e06a2ef8fcbc	e423f84bf69c62f619ae20a843009b5a94a1e5a3	commit
d83c9aceebd441fad8689337876668cda3aeb347	f2bf3a16691c7325a2aa41883756b0ca91cb94a9	commit
d84249598f205c164249f2cee3ea66a1029db39f	7a2f2aeb336ef9ff5ddfff58cbd87b96f61d2f8f	commit
d8705ea8a6be1cd4ccb985050cb178f97dece167	d5cd633d9baad53750470db630ed0e6a77830391	commit
d8c2fa2e9a72bdfaf925bbf70ba3422717bc86c1	a311924b5f950839b312431ef43b07300011bae5	commit
d8e44db0ced54a33a8f4fe93066ced68313a6845	1748804b160746a7c5f315a60d11de2c6ec7589a	commit
d8f00ec8342d217f71f4a05a7044f1a1c2f5f271	794fa9144876ebc3211b7a37fb8c8f7dfa5693a6	commit
d8fc078009cc8b9624d28cf2af12a26866c0617f	0bd1e1af6f83a84f46a38052741129bff6fc49e2	commit
d913161f0d4f2762a34756a77ee5042fb9e42cab	bcb3873758bd9d95adec08bb61fca205281b9ec8	commit
d914bd7a616350f25639fdfc8efcf4095aaa763f	57ec51b0b722799ae9762bb7678e4d593c0765f8	commit
d916e6980d6de031f72bebbd2d818a121c5f7124	4985c4114b120ad786aa47e6d2b0addd36773a4e	commit
d955ff1d62ebc0d46d234b851ce48529854967b7	a1e3edd7cda93df69dd1ca6ab4ad2c98d246c8be	commit
d9640c47f4219a772b36b6cd924ca51362e8b4ec	c854cb442e6258b4c07b7115241182c66e47d725	commit
d974127cd19075fde3ed645d381dee1d5be22372	85ab13b08ccfa9ffc3f02767c252bf44a74f8b5b	commit
d988c80eec1ba27527442235409f9da72b6189e7	9cac1d57b0ed3dd89058d0bd861608bcf8cc4521	commit
d98b219e3267063ab12e4cd2a432c5593b2a4f5c	11efe13465441a137fbeae4a806470e6d666381f	commit
da1e6b9f4420b9af29d39d1f6e31984b2cb94ea6	7a576f40a576107ff318dd66b9e4d68f1100f5ab	commit
da49c364cd862520a9e8e4df983f5f1fba10b967	f594fd17e044b2efb8439d0787b11191985f5bed	commit
da6208feb1d095948020b96d60ac38fb0a19a29e	9fc2255bd80f1a71ede8c70f8e1c436fd8d54257	commit
da766ea00f480c3345652a5c072d1f418da0f3cb	4803df208bce2ab376b28b4d97b9dc41dc0519d9	commit
da8619b3185989761936ea89c176c95c17d83a4e	7d600bdbff7c409a6c398284ea3acac327cf9ad2	commit
dab91c63ec9ee07cc07089d465e8ccb29eb9d92d	025348d47a0d12818b76ba1966d2ea376fbd9e59	commit
db02ac7a61b5bed5bfd9f46fac9e51d0b790c1c7	4eb27712a69e3e289a30e0264c739d23fa7dc640	commit
db2296b7dbd0e6799e0e116e9bba94eab90344c3	5435b136efb50ecc800de645cb0ca5b6cb860f48	commit
db5261ec799e5a436a7e25e3ed0fbd103c3a6c24	dabf339f2b279f12058551043ff458b217f2d5fe	commit
db587864b5181bf53d35021271d77350a15c2597	a7aa4728edadd73f3a4c677f3f90bd0837143314	commit
db5df1183641ca0e3edb2f0442d4389304b67114	b95fc5b8f17dac8475166f39ee311624f7b8557e	commit
db613630138f8caf6d8b6abb69d8ab80826a1af3	6dffaad433e828780ab020034dba9c00eeafb8ac	commit
db6be9d180df4fd7b5aeacd6628826df593ae9ec	62fc181ce57004270afa68c1c26094bef572ea13	commit
db7a93f7953b4de1e8cce403c2a9b1ddb7eaae73	aee6b64602dc8f560b13887a1e2b43ee1bf7ea92	commit
db95af9dd6a3c5971063b999c47711d6f747c51b	03e73e6a75242ec17a656890702566178b56b52b	commit
dbb6ac739a783e6ae3fbf2ac15f3a993c4715b8a	fc6fdf25081095a32995e9f2843b4bc342ad4b1c	commit
dbc420c51597a7d1e8b04f0bcbc442dfb88e0e83	1d5d8d4ec7fb117cc353cf5a88f6473e77cb25b3	commit
dc732548f8a30663795bfffc071705beee04915b	c37bac93deaa8b3e30bf343f3e05389a69f8fc9f	commit
dc75477b6065264d9709662b2444700125fd0abe	a72c5065e1992ea6416ecf993e6f12c17f266127	commit
dc9872844b45953e999cac55e57bc4d689452804	c121137c32be9572beab421d7c46f0d37ec1b6d5	commit
dccd245e39b766f8b86e7976a098a6d83a2da05c	702bea6fec0a4d709d358a80abb548da55a6b2b4	commit
dcde30cf7413874b5a8056cf429dfd50fbf89e5e	b22b7f483dab6697e3dcc9e70e7af9464f66235d	commit
dcfd76efa3284b841a7b5204eaf096942b68d076	9ba15add2c051ed610a115c001260b63a82fce04	commit
dd1b0ce02ed7fb8170f8a84a0a252d6f4c1c47cb	414bf940127d7551fcc0b8d78e04a795a02d06a5	commit
dd3eb7765e04a2c5bb0a80311aed5fa04cc29154	3bb5c0a461127b16075ca13c81c8056777785395	commit
dd42d91d26db9889efe8b9518739e23b820f2eba	5cf99c5d2ad7a6588f7a3d7296efa9f1d5d3dd55	commit
dd58c10e3fa2479be17d88c81afc0ea12d8cdb5e	06dee7497d55a50d87fdbf8d6f10d1c76112b678	commit
dd701b8aaaae890da172ef82ed096e2b7f0bcbf3	cf831cba4b518f9c0fb64ec8a9d76123880b3cbd	commit
dd9fa675e111fb3b3641527c7696b19d76f50698	9f81f7569f097034b78f63d41aa3e56fa4ca84af	commit
ddc7031740abec5483b082751b1aa0581fd75195	386abb3458f1f995ef76797654121107e05c1104	commit
ddfb93cf00225fe0cc0b9f698d3405f024de483b	f1b792f573aa460c3586a93f77a1b57566aaf1d3	commit
de066a296bedd188f8e7c7210b0ea1eb0094fd06	3457eea0f837367beff208ec5bc8b431e991d469	commit
de2b4118e2996c384ac102f0367b834decad70ca	47c755c06692cf9f0a9ae7b5b08afe679555ab09	commit
de2e0d34e757711d7a85a720ed1e21b93d987f99	6cbf50abd4d5c09bf2bc77f599b205af8057d5aa	commit
de54696686452d80e9ea8c1a1b4a991f43d03538	245fad6395d7653acd00564642fb0cffa4e8baa0	commit
de9626daa79cfe202f28de08c11232355688621b	c9111cf95c59edf91f08e54c32c8cfe85e2df117	commit
de9a1615d4b52615d6b726b320685581d0a1eb5e	7685f4bf4d8ef2b641aa4a14febdd0f166f73ab2	commit
dec9ee8e6a0c87aa451a3ed80d9548771c93b58f	ad7f84637e1290fe2b3d9d67894891cbcdab9ffa	commit
df01af701e70e54b5785ecd86356ce9d1a0d98da	3b45d38c3777a3c5d74c5a64bd490eb8986e34aa	commit
df29f5ab038110c9aa2c88a7f188ba211d230440	6eb9040db98564e273ddc3d7f7b89fcd2a67c15e	commit
df6db8dc07fa0d8b35ead11396aa31322f40e7a9	42521e79005465b3664b3554feb52253c6732495	commit
df849707786303c1d4512f66d4926082a6bd7b04	27dcc1a56c2ee620e7e16750e5122c8bcc27b98b	commit
df9eeb700630417153bbeb192db2cce83f58566b	6973df565f3043cf6e2e8ff97b28212122dd11ff	commit
dfb17c38304a882e8d6c1dda5b249ffa807bf979	aa5d58e994d3d69242a75141e737061463594daa	commit
dfca7f9160fcc143e38b7660dc844a2e36fe5134	359b67682ad12a718fde8489bfae0ece761cdaaf	commit
dfe62eb17b4ba439d7550f272a8d6b374789bf1c	6efae3e50fcd1d8d25c737b820851bf8ff386a6c	commit
e018d69a66244bc52080d0acf3da9a5505140b84	8a4e9b277ddc694e081713fe3faff5ab3fe8765d	commit
e01cd8e2de48b3c930dcfeed4df60bb16431e263	2581c575848d5a569661cc60dc22d9aab00178be	commit
e022e2fbd2eff92bc15674fb196e04d94dffc1e8	d645d97a0ee189835f7c3846539922ced8739db5	commit
e053c2c1d417c6b0f344e99efb917539f94fc5dc	580e7db0b0823838f0fa32b59de75f1ca5082550	commit
e05da50979dae375cab00fa92a41fd9e40001dfe	eab40fe9a2af893fa863b39d4b8092925f6862de	commit
e076ea39db2299269757ab85b08f46e69d521978	56a11f7c25ba1e875546f05b39978c0877b3c815	commit
e090cbace1e1d806bca99e3f7fe164895ff3dfe1	8d4db37624814fd63d5af27927886b4f8379becb	commit
e0ac49453a940b7b750c822866a936c552c3b11d	63eb700ce1d6d6127634ab67926183b7e5837d64	commit
e0b704893c76752399af47a3c12c811457a7b9df	d6a7ea9cbc98bc7d185c6ba1a9c2bc42b537b8de	commit
e0c1c4cedf8b5d8308bb5bfa207d897de5594d55	ba5a1f5767d11d9f1d1bc3807438b504be7d44e7	commit
e0ca2757658ca4ad59932ef2f95e9f9c3a34d368	2ff84013ba4efeaeaa4d405206320c53ab25c82e	commit
e0e19e21d7f11dc2b199ff7951cd6428b3fcf271	b1f8c02310b4c41f724426451dd597535da3bac7	commit
e0e77c0ff039470acb258df34787fa62a317fa08	c87a2ae10b9f6cac86a0fa9c3e2d9c1b1520a0d7	commit
e0f0931751f769370853b578b56883362d68670b	06ba2d928b62899f200006eb85831120459b2005	commit
e0f90e6a105c33340689f461f1176fd5da03c3d3	b303d10f6bc8f260b5f816e724168990fc2b8850	commit
e0ffe6ecc0da592f07c228bb6100abc5ed3b1335	7859935b26ba68031fa2ea5af92f4bc63252a543	commit
e1196278ee6e6497fd76257b8b61a6a4d40641d9	4fac9600161aad38255c199f70eb3f4b92a2f6f4	commit
e119be78bf2a29eb16989e25c792b56102b967cc	f497863d5161840a48dcd01411581f321b92e846	commit
e156be20a83ff4eecefebe5d74dfe7b0b61b5963	31ad584fd4a14dcd531be359198de2b86a624c72	commit
e15c6af2397f3df762a0205fbfc23772c875d403	afa7ce64798596046f3ecb4dbaddacae077455d1	commit
e163062bacdff596d27b0b5be1929b49107c6629	e90404f65b37b480c2f78e1b3167ec0df75a451b	commit
e18d2a192511400d5dd3b815577119ec6d1c47c7	ff4ca05e050345907a0843f6824095068aa89dc6	commit
e19e88026d7c47ab16cd4f58052e2c1227bf64a3	88dcff438d8f5438f604c7506c9bda696b6ea2b2	commit
e1b286795ed3d7bfbcc40fab5e9ef25e8cabb8b8	117d266c3b6307376a131070e7305700a9bd00e5	commit
e1b7ed14fb3f1f784eb89e58e9f759398ccd6d36	398ea921bf0cf8d82e6a2803618e9f03c1038338	commit
e1b976dfccf3aeb1467f2e70720f8ffe8cc5f2aa	fcd2fe235d18c68b0e1777142bf97748e14516d7	commit
e1ca70afd83ce5c06fcb2384565eb2a41145be63	5aed4cb15bb852cc115d33cbbbd190062eeb241d	commit
e1f88e8a9ebc8867930f1ab88777aa4696172a42	da241c2660ec717ae0c96e6983dc3d0b35c26f85	commit
e22c51728ee8b554ab566da642e415f526f3610d	e178e07311606cd0980fdf8d482f6a2e2e41ee8c	commit
e2432ccece51d319bc5d0e775ba1f4d20432a4fa	e0629b82fc700fcb55c2133c20741bf12217c5c2	commit
e244e0e88f6b71e9847cab22d906fceb79fc4629	d2bb3dae48da40629c21533cfe216d69c4e98848	commit
e2ab0716a47763a0ace4ef6ffc99c651b4929f66	6dcabcc4054a5125fe9b7ff4f22e19c3ad50a0aa	commit
e2ca99a78bca88ad7318b90ff417a5e1c128c452	55317404e906decb057777dff5c8e77731847367	commit
e33b27efd6eabd542be9ae44c0f1750fd962468a	b281047fba8d834b407a02be7d532ec7fd3c11e7	commit
e35b6fbe1927f673a3bc6be6974b9cc5d3c6faf0	13186b26082ba9f38d6526687793a482d007764a	commit
e36f45fb56a92d03b52a8c7e58ee60fe67f3596e	44c2eaf132c5d14f942ec7fc153360940922bb5c	commit
e39b7bb153eb9f63e4989d3fe8a43ecad5886728	b573d33b83ad83e1a63982ccb3fd9c411cb27e5b	commit
e3d83934d370b331e64622748ceeff727b78f591	ede05d78864965b92e14c566f973fcecbe309e2d	commit
e3eca7e823c6937504845636c54b89cbda2d36e1	418edf3b206be444ab632852319fded1593e88f7	commit
e42355c7719a696e9bbbad9cc82f536d49769d75	93547547929a6c34061a4237ae5753f50c047739	commit
e44ccec1fdbd85e814b1590337f9704f20e96dce	5f4d1d63c3894c3cf398cfbbab91dc85d09cc648	commit
e44fc71178b556909109c6bd15419d9035a98f9d	b3307d3fe181b541a7780ce45b040c6c210fc1a8	commit
e45d2464175c6eec038966b531c80eabd74e43da	16078e8c6fc685d075464be85cf5e80e88dac9dd	commit
e46cd0de94bad1153ea04ba1c518bfc9e8b87c46	ee653354722896069c82205321eb2bf6e0e0b241	commit
e476aa28d2f25f5a2f62ab569e951ee4ac2bd7d7	a8b1aa92942293a3bba5c8ee84f9a6d8b5559e02	commit
e48e60aaef3abec0ba5a97434ec01906457c796a	78884216fec47c291a9d131f8966d359faad4316	commit
e49a72d08e740a53531566802da5321838899e29	b9a9d31ba4a51179f686a44d665315df353be5ed	commit
e49c8e36979d522a16855a29a01b571ff3487e5a	4c154668f21caa690e764340850be4d54530bc2c	commit
e4be2af0eba38b334de0ac3e172e2bdea0ef7e0b	3ae5c133e70061cb0199c1b0d558b9d4790f8173	commit
e4d0ae7bb1aa8acca5d5aca57b43e19c38003254	09a97dfe4b1044042983610c9193b01d5d0534d4	commit
e4d20bbe7c564d883b625e5f5a5301c6a835c7cc	d64bfefdd27568d51384a188d66adf2b0cc3579c	commit
e4dcd0dd93b942e4257fd64927e54ecc0dc583c9	972ecc676c1bf5595414f335bdc9c915bc819f3f	commit
e4de716ed98f2d9b74c9627dc695da7e228e07d7	0378b30d94f4a5c59ca576ddcc871b8c5bed43e1	commit
e4de8bc13be8147ff6f7ac709fc2d8ecbad8ac66	17ec84db6ae9ed62e9a6abe527eb6ac18755d785	commit
e510d146d8b72784d0d0017b7b44f1d8d26128ba	e88a78e6fefcbe4cc1891864c324f40045ffc950	commit
e56ee8d43e6131830af60e57e327bfdfac178cd3	915cd5e7d05ffaa6514863815396242b0cfb511a	commit
e57204b344ac9596a0896052ce275661dcaf1c8f	275fde8941c932c4fd9fef61d186bf4b87c47b02	commit
e5bda5a9dc23ddc6867fd944205fb7c99c371029	2e25c37d5875adcbe0e7b8016d72b1018bb8507a	commit
e5c95a7e8503bb4093f9b69941df45c4cadbc38e	27654bf3fc58403d933324d126e0a56e86fe9728	commit
e5d766ac1decf82853eb99b09bac6c45dd5cb95b	ac34dc1695fe019eef3389ad439494e7a168fdf3	commit
e5eb091ea46172536ecceec61f1f2d767de7c650	2ece0b81c2df6bf626971e863daddff2906c729b	commit
e5ef43f13a87217f588622744c8182ee0696048f	90b0ade396ce5e7ff6a500cdd8c43d71c8f136ce	commit
e5ffc2860a7c6865f9c3c0e6ee3854c2306c38a2	38f30b6aec98856f98a226f882f3462be1cf2d79	commit
e671ed21e56cc7ca83f0a9cb37fd6be04fdb0340	7abd9213d8eb1d19beca2edd7b0b21e770397762	commit
e71ccb5f9e62847c02ed025527fd614b6476774b	c6b15a98cdf99fca859e02ac44e564ceb06b157d	commit
e724963b3a42e433e33d9a5f56ba5bfe01c2a785	5a986aeaf49331775582f34cf5f414bb89a2bb18	commit
e72848033ce04633554af92febb26a825ffa666f	d1b8ba44ec584c67fb05cec0f51420ca3f2ff7ac	commit
e745354d630ac4c75835f8ca67358d8df741be21	23e9f61332218b6f9c84a4c22ad7d92a947f0103	commit
e74c4109d0b3aec834662196cc31e3c4ede182cc	c938a91e7c96fc723383fb9103751269358779d0	commit
e79296a8d429c9e87f2481083f12630b4bf1a354	6c2c3bff4196790dce99d1d1ecb4f1b4312f15ad	commit
e7a6bf7335ce83c6cb174f5e8509ba931cab190a	0ac4a08817968cfd5d62cbff7f035c9e2da1a619	commit
e7d2bb95232c824a4b759a8c4a6d7b91967de489	50438e01b1fba17ee90a9c8244675fbf6b604f33	commit
e7f4959e041af1a6dc8ef3d32e314c9d1079f250	703d4d2466dcc5c821aef171c206fa61f5fd3e48	commit
e806af7e659a7cee1dfc84324e7d95235c97f564	b86cdb57458bfc37c704b29f0d8cceec809f71b0	commit
e80e195b419698159ca7fd11840055962d7f5c18	6c91782af2ca39b1e7a0063ee58e4d6f7b510f91	commit
e8211025138719113f47f260a87b8f608f643c95	e667aa8b1b3388db6950b4845a96a7d5c2063b10	commit
e84325799aae2da1744e480e6cb26bd6255dd97d	a5d791f11c7f01d92314a40d6231311f405752d9	commit
e84b9337a2865038bc6ec0022d6c349209a8f016	4a534316afbcc3a905984276c8cdd41fedafed39	commit
e867f515b20cee1f61d56e586cf7c49ed7256de2	f74925c6b93b4d65bf7500b4746c01be9b26afa1	commit
e87344fc8b540889b7a45cbf4c544bbbe6856dc7	40981cf97fb57a7ddf5baa14eceb6e1ec45bc0c1	commit
e886cb87248b281eedf7c64184de4a34545602c6	90332810a5b7aae9f6a28ac41410aac52aab032e	commit
e894f754762530d713306c0a33aa7d3237814a53	852de56473dbd28cd0aabdc303be3397312acc51	commit
e8b93be667d07cdddbd946bfc682c4af9490eb56	679f15905f29770660d3d6acd94df8475f9bddca	commit
e8caaea9be2d58c00b516c005abf0840ccd930b3	7d346cb1fc990fc99f8587c859ee028c7ef0181a	commit
e8ce4fc7d32d304e444e72d62539d032cbfdf835	a6af13e1e72b4b72cc5aa5945f44b0aba932b827	commit
e92d0ebd80443983fc8ceba2b725f6ebc6a6dc1d	be6df823321050f12f10a0b4422fa0e740b54061	commit
e932d1c8ba8b6e99d7539b6380aa5ae199390266	ae33bf07ef802543c984daee630dd0d18fb84387	commit
e96033aa1000b74d3c3bd1584b7d88271e1940b1	f8de97a673da32fc23f1b27f07ea423a5ba115d8	commit
e987e9c6574e947286573a6fd85bfe00b63b3586	c3f034b60467e10d4b26d54d56f22209d8e433f6	commit
e995cb7454741a02f44a3116fca77769b97e6bc2	bd734a67c939bd57f6b5edcfc2eeb58b9ecad6d5	commit
e9d33f52ce9d2ed4fe94de3fba3ca65ad0893b89	f3c7c2ef3704df40ba6c47fdf4a8bd9a8d02fb12	commit
ea2353ec77b36a7c47e1343c2aa71eef92e55366	45cb5ad7807ab5323bce0a6679191191400d9b65	commit
ea3499549da044885654e3eb2e4ad73c7b89c68e	5f74fa94d429caccdbc3ea686adf8b8d1c5d27f8	commit
ea3b03a0c1d5cbebf79931b6e4b699fd6a119644	2af73dcb0bd0ce7c5f8fea8d95096eaf5db1bf88	commit
ea3ec7e43b03b9a9c3b4e9f342fe8a91741bf69a	af20463372f4bbb5f604d72b54853db3ab3b7543	commit
ea6adcb23ee158317bc348975e97a6c68a364f65	f005770a30ec507d520c93b6a81f23f0a73c2c73	commit
ea707346e034e121b71bd7548eefd620f28aad8e	ebd31734577011706743aa15e93d4ce756b16950	commit
ea7d90bf0123f744f031d04c6a302432e0163ee6	53a9c40250e53e1e8c1f591235bdd12dd39b0a6e	commit
ea8a06551d92d150ff1489ff8a3c1e4e81282a08	4e1e4d61dcac7fc76c99315c438660e72b4b1cd5	commit
ea8e8bb4acfee9c25d9f3328000a6250f65c5e0c	05483cf3594d47db2609957ce608a47011f62f3d	commit
eac52b5c1377ab7539ca018be339ecc414a6211b	8ce5e6043ec62efa43d37d6d9d2c15284a494d94	commit
eb0e2a669cef24d60529f1050a187e0d32f92266	c54eac50910d4a6dd3ec6757bfdb27e9505e615d	commit
eb1479facc464e752067793d634eca613fc32313	6db6d2b6dd07bde9af4ba1822c27120845a17a77	commit
eb64e06997ed78b227de5f39ef8d073187b72935	10731a54d96593feca8a1494022986a234b375b4	commit
eb69422b348ae683f4b4d5e70cd9591e455079be	4ef0760ccbc1d1cac6d8d2eed86e87bc051352ae	commit
eb6ca92ea98abaa110f492afafd260d31c3f8943	bc88ac930f1fc4c0d03943a808d637c8917fe962	commit
eb89d5a39d168f5d35d4782cc0bea8cfc8c3dff9	bd13583a284c9fb254a8c1fed9d9b573c7b73929	commit
ebb6b0f1799c9144dd0e087cba59ead4125c11cf	1db5eda43183d7cfadbd6ab14eb1cc3e79b76dc0	commit
ebba678ab93075c7df402d06b726a9d0b51fc32a	bdab3e066b687e1f0960f5e1aaae7d1bb23e0390	commit
ebd91691252c31c5c2eeb696c4356972d68c0074	7f856782f79df567638ecbfcdec109f73883786f	commit
ebdb65907843e79c4d99baad06433bca43cdd2bc	fb28ecd5e29d7e94b77f5056bb9f248848a733ea	commit
ebe70456d78ade778501c09fa9b7f6abc2f3e7f6	12795242d4e4f834f6f0f50c6dd875a0ecef1576	commit
ebf253e36dcec6f51cd2430f59f2c50ee52ebe79	aabb1ad6a84d354d5f8ef850053bb78675e1d899	commit
ebfec753fb14d80c69b84404b4b9aa222c32ce53	edf63c53cfbe7f871c9bbc046a2c21dcc17e657c	commit
ec0611c0d52245841e2708cab959f72de09302f4	7c06d94760e0d5b82f55acf4b93e78d340753373	commit
ec30be84700b92ab4f265c2b6b2ad312421ebaf0	44bec16d7987a5fdc7b23258cfac9bcf0f9c40b5	commit
ec3a2c56874d3e13c136e5d2027739f9301d04ab	48cd3c1cd76f67e1e1908322a944467607b32411	commit
ec688b2539a099a6f77c9106509d6d59edd9eb98	4f8f2a0f0527bd4f4b6711c9bc74c78a66a5474b	commit
ec68ec6cd3b7ce218a589790df053fe7fb4a077d	43cbf78e493a5c2450a9135cd6e5b940ebde56fa	commit
eca19a756e6585e509efee61dd0d2fc587c14554	9645a0d8a18beb076e0bd5fa478f6d28891dd766	commit
ecd06591b38201e196ca6fc4a1e73b14548cfab4	ae6993f454639286fadef258ab28ca64f6b17e33	commit
ed2a4a20ce0e04a07850355018b873db39e7306e	337cf5280429ec2e62831638a09fb7413fe63fa0	commit
ed2daedc563d8c5b53cbdffdd0bf7e8e5b55a09c	6b7cbbdd45b1aba811489136787994bf5d4008db	commit
ed418336b8cbc90f1c32a14441adfa6854e83548	c077a83254fcfa132c00e93d48289b0c0fc16f13	commit
ed4b52eeaa13ffb61191de581a3cea6c53dda6c5	07d9af3590d4ef690402974653c107a6e084a9e1	commit
ed4f5d303966022b54edfd919501d27b316fbc8e	f7e3660676e275731018d1d76bde50222365ccdc	commit
ed5aeb92d3138d6a90ca2bf8efdf4f92ad10d1fc	8d146545c3fa717f6a2930e64d05961ce2e09f49	commit
ed5dcdc4380d8f38a02ef5aefda8fa187f8bff47	8c3546a634dfa6ee18e79bd4f862567cabacd913	commit
ed6fa147ea67d16f9a12ed0588464602a45db2be	778478b0819ce6184d7d6a9480780a5bb0481821	commit
ed8bf17b9ca8a16ed6d350350d85823e5b5fc53a	8693ff22b36919a3efd532f618538cca5ba99916	commit
edbd7c5d2db59405e093856e9848f2813f5a180c	b7d1fe6e9f804ce38e1dda815a0f88876271fdf3	commit
ee6a2360b4cce5b50f227a8ebe73a033edcf79fd	e410d58d468903abc37efba4d800b537be573cda	commit
ee73226c8d6cb6ddd3a0bbdae67b697de58ed6a2	679b4695ceb35b945a0be718fe714ca28d21ef2b	commit
ee8a1c932c2293ea7e03c2c5e3f31f4f78d9ca4a	0c1cfebdeb3a1e7daf91b73689f78a9c454ef2bd	commit
eeabaefaeabb55464ca5f4b56ba66c70a38ac9dd	e2043651ab0af5ca41f422e0929cb9d87572fd3a	commit
eed767a9bbb50348802ce4316824b3d266cfe25b	2e050636a052a521a2b29ce62f6987baf887c7bf	commit
eef01b7c3f5bcd177edb68d592ccc39f0cc8e258	b79287a06cabdf72c6ba34daf2ccf0f7d5b10102	commit
eef5d74ca2e8a2a9130b98be463ad7cd3f1ea941	bbb352d26ce11094a79d4c1d2810f20b51558555	commit
ef149d5e3c9ba414956c272be514b0ec75cff811	65d5c2dc213b6b22d7903028aa71fad939f025b1	commit
ef311360276696e3662e5cdf9908eab52753aa30	25d3fe24e8f87de18075e3429dc54e4a6c0f8d44	commit
ef413a79478372a3d44a2609e620339064e9983d	9f5343e77d6224360836705a2a8fe82fccbd0078	commit
ef4684f2acc7c2895acfc6458907992ba1c7c7ba	1c9f75b573eb8158267542e55259ce4b931af654	commit
ef7771121b49b8538980d3ed6ccc4b3651b94043	a9ac35a1e5c4da7520895f5fbceb96309731b270	commit
efafa4931fa59dbd4940b22b66154a7a31f680db	b5a7f5ff136d5cdbf4e0f6bb3ad40fa28bfd0791	commit
efb6c2abc2c9c44e233e157733e34ff6123d2851	81b131bd9af2905f034136ff84be2e2f52591e13	commit
efcada290ece6e607f5fda010693ea88f0bc0a6b	2aa7ec8fa22c9d9b867e251d0998921eafd5e362	commit
f024646b3bc97fe8575a0c43d501df77a1d8dd1d	5bde35df0db9cd9a51c1d623f6112edf03920f0f	commit
f037290167ffd48f0de348ce9e3fc8d0a840ba32	80c8a367bbfd10bb59bbefe3ee9ccc1245d6ff8b	commit
f043840a47f55f6cbf70248461b4a8206b55d82d	3a94744583a13ade4520ebf134d37b8d7ce64b9c	commit
f06e9d1518076d78b08a61eb28530fdfea7bb24d	4d2118b9a0b9ff63b04aad7525bb175800925915	commit
f07797a17ba3b4419a5e6601f3ac84e1179b9b14	98fb5f04d4782ba828c3cd4cf7a8e237fa725d37	commit
f07e879013bebf24f9935521ae46526ea33befb2	b69f0f762486d8b07ee4a7c4f3eb52836c541945	commit
f0929937b8a40ea96ca36618e2b1d69259649a96	9c06179f4179595b8fca0d1ec3cd94e6df2f350d	commit
f09fdfa56bb0f61369e1cc0c9986ef68ae5d6591	036c8d5674b658f95799228e4eb935e5d81713f2	commit
f0ad9a6c10a4922e0b3ab942b664a314edf2ebd3	bb8c4cb637aa19f9d0dbb63d165197cd3f5c262c	commit
f0e960d34c45a0fd8ae8d288f3b128740a8e8064	898107d7a63be966728223721d9b89b41f6b33b5	commit
f10da6ff48b44e56a6c177719380cee05804fdb3	bc2ac8cf2acd45fc9580fa8d4278af436c2ad79e	commit
f13845df3b92e17ec63190af6b4e8d46c1d55f68	0ed4080e8a0bb651e94e718dea82ccbbc3cad84b	commit
f15f0450176451c074d98828d366c5d6ebbc7c4e	77c14620174f16f74ea9fdfd5459127b919b9575	commit
f17646fe3d07beaf78e0829384f3c30e67e59893	9084ecad0be8cbd44a23567c972ad7a853ad8632	commit
f1912bc56875cdb0831770d9ce27fc0e95854748	58cfcbe7ac44dff29f845eaa324b14b115feda26	commit
f1c6ab4d06890589d3037c2a12a0ecb98559f524	7329c783b8b89f72ec0e4facc3ff42d93aad9f31	commit
f1dfbc0cf13f7dcc5daa006f57694d1b93234dc0	ef72090d1ef15f3972f5d56657a1504d035e52ca	commit
f2125c6610ec16a93faa7c24c873cbc96dcf118a	ad93e094789df21bbbd209e1b93b4a47aadf3c5d	commit
f22d70a9b591d68ada3c0233be9d2a885cc1bf45	c2756433085b1ce4670bffe123aa411159a022a4	commit
f254b70f9045712be4051b536905dd9b9c4e1483	c5e0c258c78eae35d2d12ae50ff68550d742e171	commit
f2bf7fb81feed82622caf0fb9c7fd0f0ba1b6bad	943f7f50963b8028b71b562d74743c1cd9227bd2	commit
f3124ba08e47ac6a69cb0a87d4958b9948ac071b	7c46400d69ab89cc1fab702bcdffd398a2437c59	commit
f3247cf426302b8ce09cb01c3488e447d897c0ad	2adaf05100f9b661e44c84bda0518f74e62debb2	commit
f34ad0ee34189a80c758ef11c687525240b517ae	e333eef8e99dc51da4aaafdb2c06fd33c8f14598	commit
f35cb3d3689e87b29ac426accf400b47d73f0957	406747f17adc705b54294de949be761450cafc9b	commit
f361ffeabde679c62031a6b5a18a731d90614fa7	d6db2f40cbd0c509eeaf8003e4148eb7cab3c33e	commit
f3a7f5709b58eed172a7d9e23367ced31e2998d9	5fcb8542a6279c85f426f7ef456486f34b3d83a2	commit
f3af3faed60ecfa6a660ac7f064b1ae3c714682c	2db1ffcce03c38862f5dc60a968a4d3e41837f4f	commit
f3d5eed42d08ec69ad43f4dbb8980aeea0311646	54fe404de087f69a4c3a7682ffdb61884dbf167c	commit
f3f24c3e2cccc83f7f98a3abf410e9d1b2cb0daf	6aac4141e2dd4d1fb4c57555e2eac5222aca6601	commit
f3f3ec2067388e9b7ad79d6ec997bef0ab4e9c29	9407f5f54b52837a17d2910d2441f2375fdb87f2	commit
f409c7aa8a3c7ccde45c5f7cc29cc90748207acf	6318d1827d2ceb61e8c948e8e1e11bc71668a153	commit
f40e31e7ad32633775c88697d29c1ee6d6422271	647a40dce6f5c9e8981fd95576cd091286b385f6	commit
f425d5ab0352614dd7038845b3a206b9052fdc3e	0bfa65197da41ea6176a5b758df6824db4a26061	commit
f432465874ba67a12eb98c662e9a5ff9c8520744	0ead58ed64661f1296520fe1db44f248b1371a67	commit
f4329095fb353f7bb11ca0625fa1e44e116a4c4e	dc3a7183fc481af313d7607ae85ecc2fbca0e232	commit
f43ff73fe32edbf6ebea35f71811a2da9910c4e6	018f619b48aaf49b40386e552efce09c1a98bf76	commit
f44df72cee9b5a54fe49e80495c3b2ab049ad9a0	074796108b88fd3ae8f1c213744617fbd6826f55	commit
f4c116f77431ffa1b037eda64b7e24e8e6d46aea	b167c2cc884a6d50d1a80c0514865d62ae56b3f4	commit
f4d4ea8c1ada8ba61807c811e10f26a1e4121df0	d96268a6d02734ea228c81e30098a175565c9542	commit
f520a982f9a1f6057247e234c93a585f07cef33b	8640345bcc415896dda3d807d40098a388c098a5	commit
f5260bc383718de07ab3a90f0b0f0c899fc1356b	251292ef1fe3c8030e90ee62137dd3ba53d069d0	commit
f52ba400784e6e11ba39fd0cbd43cc3f089e2b1d	de23b7c457fe25090dc2d25974946c586a62ddff	commit
f52f441f844fa2fe35ab5a0ff15331a72b11869e	f168bd965b9f17ca7f39be9ed46245fd4b11c7b0	commit
f53ecc26b34c113707ae1e4c44bd0d6ca68eea1e	df39c1e56cf2311900fcddbc6405e53f6689cfcd	commit
f59e38a12cb25295598bb3821ea9ce941e63907f	77c3a4402805b79a55af4ad63141fa45d1430a4d	commit
f603689d3536c2b9e975d3a8cb3258a166faa39c	eab7a0c2a5e02f05ceb2c44f572c6f937dc2779d	commit
f61e5e2d4ac4cc0d11e0ace5b397bc61e8ed9890	677caf4442183b0d35fb69b6590efdb588670f4c	commit
f63f7c75487f1fd54b330519358b1a58ef30fce3	4a8bba54116bb3691dbf95870e69347e6ee0601f	commit
f6588b1b3301e6866a5df0276b169a27241e394e	d4deaf800bff922483f790cd94dae5b78ff245b0	commit
f680f0188d21794435adaf40d7a1c7d171e25707	8b948785eff792b12fcdaede39868e77e86d1241	commit
f698b9b7c586a27945349341b2a1eada3486f417	626c1f07082deb083dedab03b2507d78954b75b3	commit
f6a854efe970b516f8fa0d24cfd327dff756f238	b149da14ce97eca2cc13a4904af6b9ae7600cd3a	commit
f6a8fcacaa9f7dbaa84cd34062be60c69dee439c	659d9de10005b972cd452741a714e7b7c4203761	commit
f6e3e384938b8027ee11ac4ec418747fe0298fab	89d3fa4d5b152246b23fa1a91f1fcbe701c3e853	commit
f6f0c561834566dda9b89d05683854014203d757	c9629334bd6a27b5d2b513c9c193656c82dc4cb6	commit
f711804bc1e4cfe2ca867838fc00df1075067426	dc83c22ae0767100569ddf768ab7b92554257efd	commit
f714940e3b2b56e000989342727ce73cd5d93e8e	1223551ac5d4cca56072f22a0dd3de94efabc32b	commit
f74a08e89b8cc79f4421cd5f4eb3b95576bf4912	414171f34b04517640f12603bfe69d2537938744	commit
f761644909991d337655175f634f8e2b00b99cd3	bfeeaeb1758cad2f5116bebfac2887cf3229fee5	commit
f762d8fdac3becc57d8f57cdcbc81ab604c9130a	ac1a60a19dbf61f07e388f6d7fc800df58601f41	commit
f773b0aa5796b931b59fcc99ee774cc8eb87790f	e94ae74cddfecf97e9ae5dfd62e04e395edf285c	commit
f7b43479bb634f9d27ef477e41e304f6bf05e583	ca0ecbbcafbcd400e6ba50a3f19063b44b4e823d	commit
f7d6b488dc0844b6af0986610b2059c842f70e83	171e91299c9a38213a076dfd077dbc939b92ee8e	commit
f7ddc23ceab62e49395fea9c749f4250d6189ceb	b9488fd1f3b45600c0b2056d034e1fa027c7135f	commit
f7e10d94c973d7b8d8c0dbd5a84c760cee043536	daf9e24fd0af8b994b6863554e1079379c2aec4f	commit
f7e59f14a65cac481e803a6de21a00b61ef4b5b8	9e2b3fb66f4a61ae62660a3361c70e905189d404	commit
f81998df84f95f41512e3aeef316935f6dff9f77	e8844852ab9da230affc52fdefb7e17bb228c7d5	commit
f82b9c80aa976bac15feca8d5ebb4193f10f2387	608b2b7fdae2b4cc32134e72857afcc58a24c092	commit
f83bbd7be3b51ef34be498a53f80603669a67bd0	d2ee3baa5e42e29348fe150b03f08462d3e29ad8	commit
f8af465972a1542cf6e74a3408fe2fa480afeb47	25e72542066158b39b796a808c4ad2f690f0559e	commit
f963b6f6c224aeb01f2bd1970c47ea9d23293687	57b14f96ef736104194a5bb659237207a4a74a93	commit
f9652bdde08e34b4734f326c4cc69f887c3015f6	2cf1b0f99ff790dd969fbd0090e570eae3a01eb7	commit
f9951ae0504cbf9a0c64f9f39476231761cb44d9	92ce37b53ac7fe7c57de01a4696aefcec367b7e0	commit
f9961e3a6a656d50f28a17690bf481c52bdcaeac	610d7e764e2fee56e44100838a4cef899ef6f602	commit
f99cec70fa42b1151eb7561bc2e0b7f8169777c8	7516061bff1bf3ff65299957453a9d74f3b1ef7a	commit
f9d43ffc2cc66d75d3c01e704bf9e513b747604b	3519b76c7a7f488910756acb96e1132676f6a05f	commit
f9e373abe02f173d6500001a9e0231fbeb58fa62	6c1f0146e37f3cb6233a15ec3748c98af7afd0fc	commit
f9ea60cded6bc468f8a00de2c38b6eb0d47d8197	d144003415e38beca65e548b5596380d1a22935c	commit
fa0e378733cc9f93c18212d70471a598882a5053	4c37f86e6f01e530cd1233ccf97072acece9f3ba	commit
fa116d858e6a208798dd98bb16a34bef54c13613	aa2b6e750420bf6702521f71ce953f07113b62a4	commit
fa35266eb116c8d57512d7392755cb9ccf7a0ce6	320e491ebdbaa309d30ba76c0d041dedff3d2d3e	commit
fa3daee4579bb723780230403749e5fdcf93213b	d6d69c2483fced7dc97be8eaae2ce177b66056d1	commit
fa8f079d82da49ae1740ff18ea87a59ab81e130f	d305c806bc7a6ef30227044ae5f0d7300c4f384d	commit
faf8d0f1f8e3eab07ab1626f2a154507b2a8626b	c7a7c29d88de0a0b0a42cf9203b2df1758314abb	commit
faf9eee233fd81a466a5b554ae21144bd2d8e223	eb1e1e1c374cfef0be5c6fabb50b576d72e7f0a8	commit
fb685845a05942f29e6a8cb3a11cc1b21d22b762	c75a5e358d4f3ef292ead77d9072b68b22cbde48	commit
fb8c3dc044923613d0a179d3e91614ae1811e076	0167e915ba5f5b8b48dd039438b09790a2637cec	commit
fba25140a2467f9412d040bdd7d164351042176d	872f7d154eb190c90de6c2cfa37f7ad24da02030	commit
fbb5b93dc2b0af8b59d62e71999e9863cd223e79	1195dd353c112d26cf2370640c2f9c34cb61df6f	commit
fbd6d4b8427985dc1310a3287ae2d5208e07e4ac	3a74d2f86b9679c474d8ef5fcbbec30f7a876525	commit
fbdae2993cc6e471aff1ded8a012074eb332c2d0	2532ffcc80f39cf0c1d06c1c7e2b932c0e5bbdda	commit
fc17bbffd2de467c70e7f1fdd7c528a8c98d62e6	7100f7b1a740bb45daf8295a619422d8795e0deb	commit
fc1f02b0ed643a8f71321147cef6e6543480fdf5	db1c66fda2b37ba338781181183ef5fc79f0bebe	commit
fc369c3da676f31406997bd98c560e272a393ce8	04b6c81b2b98090b0882ad167161b65632051a7f	commit
fc36ed979375d475b49db142d069f8f177fa0435	8325a4d477d299d60bfce8faae9d1ba4f346e9de	commit
fcb281d9c75db5c42c4eedde45bb5956082890fd	6c36a09899082bbbc457f42991b33b33309217c0	commit
fcb872d87a6b7eda19949ec8aeb70c59c129f554	70d450a3f6fea4fbdb8d5689d97d7ebf0a74dade	commit
fcd867b8df657d4870709e46ddd0c91249deae37	f5f417027a3e5fa4570c53dcfa7e00da0ff2166b	commit
fd3f8324555632cf754c8e52baf483e234cb0887	88acad2743ddaa93731ea2b49792759df0f1e3a0	commit
fd47be9aedefc29b948d5b467d8351645a15bdc8	3b4f33be0d6042900090f571bb632918112eb3bf	commit
fd612fcf320e524ef68888247941546a995d1bf8	0b530fa3e8d5b6156c07d702def958c3cdecc970	commit
fdaf448c41b411ea7c4fafcff2431ad070a8b29f	508ef62d7111f9ce8770bb2f212cf3060a38cab1	commit
fdd268a09cd03866720f80b5c76e64e829b86ac2	ae374a324e3892d140a0ef49c55db13f186d3ee9	commit
fe3fef39fd958a21c26a41de4015003caee83102	3795f5f9c91f8dfcfd4eef2656b3e592e032d0a8	commit
fe888258c3cc13d92c0b3603a063b4c815e46aa3	4102e16aa3e42c5fc65469a2ae007f24c283404e	commit
fe8a2d755ec5cfaa3518766d0153c61ebb2dbcac	12128fd38bc467db048cf116f94e5702dbd7df2c	commit
fe9ee0a3b223f40c7f36d7d0a30a889099042b85	678c79d0a38461c7c99aacaa8f7d2811175e6b75	commit
febf5bbf0f1fe663f0d24b89250b6595478ce5a6	1c8a0f8929297d733bf82123e312850ce8611389	commit
ff15b030cf082d51c3876da13b97847c5b3f5781	13baf3c4116e5962094e2b326fc789c430197d0b	commit
ff18e53535c37ac50434a4bbe4ac4b8c8e81166a	3904130aae580112ff151cb7c38cfa4dcd154fc2	commit
ff20bb16079e273cf82ff12b29f5cd0d5a1e9ebc	239f9844cd97128048ea3ab50ed77aaab008bb08	commit
ff26d5d5142b59882f12063324b79bbf546179da	46a45c64e424b9bdc958fb1716201fc3b02f6f11	commit
ff716d5868de5ef7772c68b496bb676defb4cb74	7fb5a57b18711a053a9607148907a7f9f76245fa	commit
ff99e1034ea34add43155baed410460de0899b8b	c63f81157b44473a353677f5134af5e7be50b404	commit
ffadde666e1f1815528688f9a9ad383f748715a6	b0aa3f86399ad593a324d8cf101e047cd92bf45d	commit
ffb394a6d9a3ebed6f999932d9a7cf9a9cbbaf67	33d2f0863af799927e1642e5e81759e7dd33ab67	commit
ffbb29a048ed99da57beedc8a8751cd02a7a6781	636c92ea3a7764f70292cca95a5d25a4de71a516	commit
ffcfeefc3ee2d1fd3e31811a6355d321a44478a7	5006884e3848e613d492158bbffad53ad2b21be2	commit
ffdd3d9481d105df9358f66132a6b2fbfc781380	f8f4b64070cd34864ac59f851f30e6212d7bcd3d	commit
ffee9eb17b11327bcc9dc76835a40011ff6eb63c	0dabf685585634b5450669535b39972f5d3b16f0	commit
06e4b5ab656523917b5d41e13afdb2e80559ff50	05e43b0858f67ac967a12a2b29960e9e30cb384f	tag
0f16f22bca71bacc91d2ebd5d58d545ea3b84709	06fe6fb5cd2b8a2926cc327d2c367abe51749670	tag
10bd742afd4d2d54a6cad35644bac95d1dd7db90	a13f35254a7aa3b5974586f00abec105541621c6	tag
24092b88871959db174e4721ee945f37a4c28042	03f5d7744be5293e9b08f3aee8463e8b3a074782	tag
3bac549b2c5df171bed7f8f4c96aeccdd40826ca	8955f82e100a86c1a63b1b3f612d181cab132a99	tag
46889cd23a705063af05b5b613d87101d40ad65c	578bb2fe4d2d690e108dc8689d528c5df67261a3	tag
4ca6ba0a72259da79c2152fa3790481ec6c14d04	d941c07ee9b69d1a6b232487e000cf31d1a63ad1	tag
568c06491128b4e15463efab146e5e019909a9ad	fab73e99f9304fb7b10cefe2720a2eb928d33397	tag
5e77ab8ac3e181fa2108913f8c22d87468e9648a	cf4ac4973beaaed7d9bcbb4419059cea418ad166	tag
79e91d243b0538953b20cb71ca51da708247c30f	b9d49f674ab190b1b3663f3bca2327b52e375ff9	tag
8d3c4f6fba0df7081ca0cb9696be6663e036ab4a	5ff7bf65eb99024d0fc8aa05977758ce7bdf5fee	tag
9b4a051e992739087cdd09961e48df698a5ce759	2e2960a4bb4005e2efa7361602c57ab339b5d027	tag
9c970477075fa05dacdca0fe0428f42ff35b0993	fe685eafe2d7caa02bbaa56907d2c9c3ed6d43a5	tag
bd517a00dc8a9f7d73321ee850338c70107a1c37	60c0eecf87b8e1cf8c552fbb8fb76598b1c7db9a	tag
c5cb5132d33b550700f86cccfe72758c939e93bd	18e6366ac2c449fb5f885006dc37289326800afc	tag
e8877931c21c7bfae66727811cd0f7d35f1d214b	b15acbc7eca95ac3ddea9beb6cf31432f8652155	tag
